{
   "fields": {
      "invoice-no": "INV0006",
      "date": "2020-07-27",
      "name": "This Company LTD - Robotic Automations",
      "vendor-addr": "3216 Maple Court",
      "billing-name": "SomeWebHost LTD",
      "billing-addr": "337 Bath Road Berkshire SL1 5P",
      "total": "20000.00",
      "items": [],
      "language": "en"
   },
   "fname": "pilotbatch9_Invoice 03.pdf_1.jpg",
   "lines": [
      "INVOICE",
      "INV0006",
      "This Company LTD - Robotic Automations",
      "DATE",
      "3216 Maple Court",
      "Jul 27, 2020",
      "California",
      "MO 63101 DUE",
      "office@thiscompanyLTD.com On Receipt",
      "BALANCE DUE",
      "USD $20,000.00",
      "BILL TO",
      "SomeWebHost LTD",
      "337 Bath Road",
      "Berkshire",
      "SL1 5P",
      "office@thiswebhostltd.com",
      "DESCRIPTION RATE QTY AMOUNT",
      "Business Consulting Services $250.00 80 $20,000.00",
      "SUBTOTAL $20,000.00",
      "TAX (0%) $0.00",
      "TOTAL $20,000.00",
      "BALANCE DUE USD $20,000.00",
      "1\/1",
      "https:\/\/app.invoicesimple.com\/invoices\/new"
   ],
   "line_tags": [
      "",
      "invoice-no",
      "name",
      "",
      "vendor-addr",
      "date",
      "vendor-addr",
      "vendor-addr",
      "",
      "",
      "",
      "",
      "billing-name",
      "billing-addr",
      "billing-addr",
      "billing-addr",
      "",
      "",
      "",
      "",
      "",
      "total",
      "",
      "",
      ""
   ],
   "words": [
      [
         {
            "boundingPoly": {
               "vertices": [
                  {
                     "x": 2069.0,
                     "y": 76.0
                  },
                  {
                     "x": 2204.0,
                     "y": 76.0
                  },
                  {
                     "x": 2204.0,
                     "y": 108.0
                  },
                  {
                     "x": 2069.0,
                     "y": 108.0
                  }
               ]
            },
            "description": "INVOICE",
            "score": 0.98,
            "line": 0,
            "tag": ""
         }
      ],
      [
         {
            "boundingPoly": {
               "vertices": [
                  {
                     "x": 2047.0,
                     "y": 135.0
                  },
                  {
                     "x": 2204.0,
                     "y": 135.0
                  },
                  {
                     "x": 2204.0,
                     "y": 170.0
                  },
                  {
                     "x": 2047.0,
                     "y": 170.0
                  }
               ]
            },
            "description": "INV0006",
            "score": 0.98,
            "line": 1,
            "tag": "invoice-no"
         }
      ],
      [
         {
            "boundingPoly": {
               "vertices": [
                  {
                     "x": 110.0,
                     "y": 161.0
                  },
                  {
                     "x": 225.0,
                     "y": 161.0
                  },
                  {
                     "x": 225.0,
                     "y": 210.0
                  },
                  {
                     "x": 110.0,
                     "y": 210.0
                  }
               ]
            },
            "description": "This",
            "score": 0.99,
            "line": 2,
            "tag": "name"
         },
         {
            "boundingPoly": {
               "vertices": [
                  {
                     "x": 235.0,
                     "y": 161.0
                  },
                  {
                     "x": 482.0,
                     "y": 161.0
                  },
                  {
                     "x": 482.0,
                     "y": 223.0
                  },
                  {
                     "x": 235.0,
                     "y": 223.0
                  }
               ]
            },
            "description": "Company",
            "score": 0.99,
            "line": 2,
            "tag": "name"
         },
         {
            "boundingPoly": {
               "vertices": [
                  {
                     "x": 492.0,
                     "y": 162.0
                  },
                  {
                     "x": 592.0,
                     "y": 162.0
                  },
                  {
                     "x": 592.0,
                     "y": 210.0
                  },
                  {
                     "x": 492.0,
                     "y": 210.0
                  }
               ]
            },
            "description": "LTD",
            "score": 0.99,
            "line": 2,
            "tag": "name"
         },
         {
            "boundingPoly": {
               "vertices": [
                  {
                     "x": 603.0,
                     "y": 166.0
                  },
                  {
                     "x": 626.0,
                     "y": 166.0
                  },
                  {
                     "x": 626.0,
                     "y": 208.0
                  },
                  {
                     "x": 603.0,
                     "y": 208.0
                  }
               ]
            },
            "description": "-",
            "score": 0.7,
            "line": 2,
            "tag": "name"
         },
         {
            "boundingPoly": {
               "vertices": [
                  {
                     "x": 640.0,
                     "y": 160.0
                  },
                  {
                     "x": 840.0,
                     "y": 160.0
                  },
                  {
                     "x": 840.0,
                     "y": 211.0
                  },
                  {
                     "x": 640.0,
                     "y": 211.0
                  }
               ]
            },
            "description": "Robotic",
            "score": 0.99,
            "line": 2,
            "tag": "name"
         },
         {
            "boundingPoly": {
               "vertices": [
                  {
                     "x": 847.0,
                     "y": 161.0
                  },
                  {
                     "x": 1180.0,
                     "y": 161.0
                  },
                  {
                     "x": 1180.0,
                     "y": 212.0
                  },
                  {
                     "x": 847.0,
                     "y": 212.0
                  }
               ]
            },
            "description": "Automations",
            "score": 0.99,
            "line": 2,
            "tag": "name"
         }
      ],
      [
         {
            "boundingPoly": {
               "vertices": [
                  {
                     "x": 2117.0,
                     "y": 229.0
                  },
                  {
                     "x": 2204.0,
                     "y": 229.0
                  },
                  {
                     "x": 2204.0,
                     "y": 261.0
                  },
                  {
                     "x": 2117.0,
                     "y": 261.0
                  }
               ]
            },
            "description": "DATE",
            "score": 0.99,
            "line": 3,
            "tag": ""
         }
      ],
      [
         {
            "boundingPoly": {
               "vertices": [
                  {
                     "x": 109.0,
                     "y": 252.0
                  },
                  {
                     "x": 204.0,
                     "y": 252.0
                  },
                  {
                     "x": 204.0,
                     "y": 292.0
                  },
                  {
                     "x": 109.0,
                     "y": 292.0
                  }
               ]
            },
            "description": "3216",
            "score": 0.99,
            "line": 4,
            "tag": "vendor-addr"
         },
         {
            "boundingPoly": {
               "vertices": [
                  {
                     "x": 210.0,
                     "y": 253.0
                  },
                  {
                     "x": 323.0,
                     "y": 253.0
                  },
                  {
                     "x": 323.0,
                     "y": 297.0
                  },
                  {
                     "x": 210.0,
                     "y": 297.0
                  }
               ]
            },
            "description": "Maple",
            "score": 0.97,
            "line": 4,
            "tag": "vendor-addr"
         },
         {
            "boundingPoly": {
               "vertices": [
                  {
                     "x": 330.0,
                     "y": 253.0
                  },
                  {
                     "x": 432.0,
                     "y": 253.0
                  },
                  {
                     "x": 432.0,
                     "y": 291.0
                  },
                  {
                     "x": 330.0,
                     "y": 291.0
                  }
               ]
            },
            "description": "Court",
            "score": 0.99,
            "line": 4,
            "tag": "vendor-addr"
         }
      ],
      [
         {
            "boundingPoly": {
               "vertices": [
                  {
                     "x": 1983.0,
                     "y": 288.0
                  },
                  {
                     "x": 2042.0,
                     "y": 288.0
                  },
                  {
                     "x": 2042.0,
                     "y": 324.0
                  },
                  {
                     "x": 1983.0,
                     "y": 324.0
                  }
               ]
            },
            "description": "Jul",
            "score": 0.99,
            "line": 5,
            "tag": "date"
         },
         {
            "boundingPoly": {
               "vertices": [
                  {
                     "x": 2048.0,
                     "y": 288.0
                  },
                  {
                     "x": 2104.0,
                     "y": 288.0
                  },
                  {
                     "x": 2104.0,
                     "y": 328.0
                  },
                  {
                     "x": 2048.0,
                     "y": 328.0
                  }
               ]
            },
            "description": "27,",
            "score": 0.97,
            "line": 5,
            "tag": "date"
         },
         {
            "boundingPoly": {
               "vertices": [
                  {
                     "x": 2110.0,
                     "y": 288.0
                  },
                  {
                     "x": 2203.0,
                     "y": 288.0
                  },
                  {
                     "x": 2203.0,
                     "y": 324.0
                  },
                  {
                     "x": 2110.0,
                     "y": 324.0
                  }
               ]
            },
            "description": "2020",
            "score": 0.99,
            "line": 5,
            "tag": "date"
         }
      ],
      [
         {
            "boundingPoly": {
               "vertices": [
                  {
                     "x": 110.0,
                     "y": 318.0
                  },
                  {
                     "x": 284.0,
                     "y": 318.0
                  },
                  {
                     "x": 284.0,
                     "y": 355.0
                  },
                  {
                     "x": 110.0,
                     "y": 355.0
                  }
               ]
            },
            "description": "California",
            "score": 0.99,
            "line": 6,
            "tag": "vendor-addr"
         }
      ],
      [
         {
            "boundingPoly": {
               "vertices": [
                  {
                     "x": 111.0,
                     "y": 384.0
                  },
                  {
                     "x": 176.0,
                     "y": 384.0
                  },
                  {
                     "x": 176.0,
                     "y": 421.0
                  },
                  {
                     "x": 111.0,
                     "y": 421.0
                  }
               ]
            },
            "description": "MO",
            "score": 0.99,
            "line": 7,
            "tag": "vendor-addr"
         },
         {
            "boundingPoly": {
               "vertices": [
                  {
                     "x": 183.0,
                     "y": 384.0
                  },
                  {
                     "x": 293.0,
                     "y": 384.0
                  },
                  {
                     "x": 293.0,
                     "y": 420.0
                  },
                  {
                     "x": 183.0,
                     "y": 420.0
                  }
               ]
            },
            "description": "63101",
            "score": 0.99,
            "line": 7,
            "tag": "vendor-addr"
         },
         {
            "boundingPoly": {
               "vertices": [
                  {
                     "x": 2135.0,
                     "y": 383.0
                  },
                  {
                     "x": 2204.0,
                     "y": 383.0
                  },
                  {
                     "x": 2204.0,
                     "y": 414.0
                  },
                  {
                     "x": 2135.0,
                     "y": 414.0
                  }
               ]
            },
            "description": "DUE",
            "score": 0.99,
            "line": 7,
            "tag": ""
         }
      ],
      [
         {
            "boundingPoly": {
               "vertices": [
                  {
                     "x": 107.0,
                     "y": 449.0
                  },
                  {
                     "x": 634.0,
                     "y": 449.0
                  },
                  {
                     "x": 634.0,
                     "y": 495.0
                  },
                  {
                     "x": 107.0,
                     "y": 495.0
                  }
               ]
            },
            "description": "office@thiscompanyLTD.com",
            "score": 0.94,
            "line": 8,
            "tag": ""
         },
         {
            "boundingPoly": {
               "vertices": [
                  {
                     "x": 2009.0,
                     "y": 441.0
                  },
                  {
                     "x": 2061.0,
                     "y": 441.0
                  },
                  {
                     "x": 2061.0,
                     "y": 477.0
                  },
                  {
                     "x": 2009.0,
                     "y": 477.0
                  }
               ]
            },
            "description": "On",
            "score": 0.95,
            "line": 8,
            "tag": ""
         },
         {
            "boundingPoly": {
               "vertices": [
                  {
                     "x": 2068.0,
                     "y": 440.0
                  },
                  {
                     "x": 2204.0,
                     "y": 440.0
                  },
                  {
                     "x": 2204.0,
                     "y": 485.0
                  },
                  {
                     "x": 2068.0,
                     "y": 485.0
                  }
               ]
            },
            "description": "Receipt",
            "score": 0.99,
            "line": 8,
            "tag": ""
         }
      ],
      [
         {
            "boundingPoly": {
               "vertices": [
                  {
                     "x": 1975.0,
                     "y": 535.0
                  },
                  {
                     "x": 2133.0,
                     "y": 535.0
                  },
                  {
                     "x": 2133.0,
                     "y": 568.0
                  },
                  {
                     "x": 1975.0,
                     "y": 568.0
                  }
               ]
            },
            "description": "BALANCE",
            "score": 0.99,
            "line": 9,
            "tag": ""
         },
         {
            "boundingPoly": {
               "vertices": [
                  {
                     "x": 2135.0,
                     "y": 535.0
                  },
                  {
                     "x": 2206.0,
                     "y": 535.0
                  },
                  {
                     "x": 2206.0,
                     "y": 569.0
                  },
                  {
                     "x": 2135.0,
                     "y": 569.0
                  }
               ]
            },
            "description": "DUE",
            "score": 0.98,
            "line": 9,
            "tag": ""
         }
      ],
      [
         {
            "boundingPoly": {
               "vertices": [
                  {
                     "x": 1918.0,
                     "y": 594.0
                  },
                  {
                     "x": 1996.0,
                     "y": 594.0
                  },
                  {
                     "x": 1996.0,
                     "y": 631.0
                  },
                  {
                     "x": 1918.0,
                     "y": 631.0
                  }
               ]
            },
            "description": "USD",
            "score": 0.99,
            "line": 10,
            "tag": ""
         },
         {
            "boundingPoly": {
               "vertices": [
                  {
                     "x": 2002.0,
                     "y": 590.0
                  },
                  {
                     "x": 2204.0,
                     "y": 590.0
                  },
                  {
                     "x": 2204.0,
                     "y": 636.0
                  },
                  {
                     "x": 2002.0,
                     "y": 636.0
                  }
               ]
            },
            "description": "$20,000.00",
            "score": 0.99,
            "line": 10,
            "tag": ""
         }
      ],
      [
         {
            "boundingPoly": {
               "vertices": [
                  {
                     "x": 110.0,
                     "y": 814.0
                  },
                  {
                     "x": 183.0,
                     "y": 814.0
                  },
                  {
                     "x": 183.0,
                     "y": 846.0
                  },
                  {
                     "x": 110.0,
                     "y": 846.0
                  }
               ]
            },
            "description": "BILL",
            "score": 0.99,
            "line": 11,
            "tag": ""
         },
         {
            "boundingPoly": {
               "vertices": [
                  {
                     "x": 186.0,
                     "y": 815.0
                  },
                  {
                     "x": 234.0,
                     "y": 815.0
                  },
                  {
                     "x": 234.0,
                     "y": 846.0
                  },
                  {
                     "x": 186.0,
                     "y": 846.0
                  }
               ]
            },
            "description": "TO",
            "score": 0.99,
            "line": 11,
            "tag": ""
         }
      ],
      [
         {
            "boundingPoly": {
               "vertices": [
                  {
                     "x": 110.0,
                     "y": 886.0
                  },
                  {
                     "x": 456.0,
                     "y": 886.0
                  },
                  {
                     "x": 456.0,
                     "y": 933.0
                  },
                  {
                     "x": 110.0,
                     "y": 933.0
                  }
               ]
            },
            "description": "SomeWebHost",
            "score": 0.99,
            "line": 12,
            "tag": "billing-name"
         },
         {
            "boundingPoly": {
               "vertices": [
                  {
                     "x": 465.0,
                     "y": 887.0
                  },
                  {
                     "x": 556.0,
                     "y": 887.0
                  },
                  {
                     "x": 556.0,
                     "y": 932.0
                  },
                  {
                     "x": 465.0,
                     "y": 932.0
                  }
               ]
            },
            "description": "LTD",
            "score": 0.99,
            "line": 12,
            "tag": "billing-name"
         }
      ],
      [
         {
            "boundingPoly": {
               "vertices": [
                  {
                     "x": 110.0,
                     "y": 975.0
                  },
                  {
                     "x": 182.0,
                     "y": 975.0
                  },
                  {
                     "x": 182.0,
                     "y": 1011.0
                  },
                  {
                     "x": 110.0,
                     "y": 1011.0
                  }
               ]
            },
            "description": "337",
            "score": 0.99,
            "line": 13,
            "tag": "billing-addr"
         },
         {
            "boundingPoly": {
               "vertices": [
                  {
                     "x": 188.0,
                     "y": 975.0
                  },
                  {
                     "x": 272.0,
                     "y": 975.0
                  },
                  {
                     "x": 272.0,
                     "y": 1011.0
                  },
                  {
                     "x": 188.0,
                     "y": 1011.0
                  }
               ]
            },
            "description": "Bath",
            "score": 0.99,
            "line": 13,
            "tag": "billing-addr"
         },
         {
            "boundingPoly": {
               "vertices": [
                  {
                     "x": 279.0,
                     "y": 973.0
                  },
                  {
                     "x": 372.0,
                     "y": 973.0
                  },
                  {
                     "x": 372.0,
                     "y": 1012.0
                  },
                  {
                     "x": 279.0,
                     "y": 1012.0
                  }
               ]
            },
            "description": "Road",
            "score": 0.99,
            "line": 13,
            "tag": "billing-addr"
         }
      ],
      [
         {
            "boundingPoly": {
               "vertices": [
                  {
                     "x": 111.0,
                     "y": 1040.0
                  },
                  {
                     "x": 282.0,
                     "y": 1040.0
                  },
                  {
                     "x": 282.0,
                     "y": 1077.0
                  },
                  {
                     "x": 111.0,
                     "y": 1077.0
                  }
               ]
            },
            "description": "Berkshire",
            "score": 0.99,
            "line": 14,
            "tag": "billing-addr"
         }
      ],
      [
         {
            "boundingPoly": {
               "vertices": [
                  {
                     "x": 111.0,
                     "y": 1106.0
                  },
                  {
                     "x": 177.0,
                     "y": 1106.0
                  },
                  {
                     "x": 177.0,
                     "y": 1142.0
                  },
                  {
                     "x": 111.0,
                     "y": 1142.0
                  }
               ]
            },
            "description": "SL1",
            "score": 0.94,
            "line": 15,
            "tag": "billing-addr"
         },
         {
            "boundingPoly": {
               "vertices": [
                  {
                     "x": 189.0,
                     "y": 1106.0
                  },
                  {
                     "x": 239.0,
                     "y": 1106.0
                  },
                  {
                     "x": 239.0,
                     "y": 1142.0
                  },
                  {
                     "x": 189.0,
                     "y": 1142.0
                  }
               ]
            },
            "description": "5P",
            "score": 0.96,
            "line": 15,
            "tag": "billing-addr"
         }
      ],
      [
         {
            "boundingPoly": {
               "vertices": [
                  {
                     "x": 110.0,
                     "y": 1168.0
                  },
                  {
                     "x": 604.0,
                     "y": 1168.0
                  },
                  {
                     "x": 604.0,
                     "y": 1214.0
                  },
                  {
                     "x": 110.0,
                     "y": 1214.0
                  }
               ]
            },
            "description": "office@thiswebhostltd.com",
            "score": 0.73,
            "line": 16,
            "tag": ""
         }
      ],
      [
         {
            "boundingPoly": {
               "vertices": [
                  {
                     "x": 110.0,
                     "y": 1340.0
                  },
                  {
                     "x": 331.0,
                     "y": 1340.0
                  },
                  {
                     "x": 331.0,
                     "y": 1373.0
                  },
                  {
                     "x": 110.0,
                     "y": 1373.0
                  }
               ]
            },
            "description": "DESCRIPTION",
            "score": 0.98,
            "line": 17,
            "tag": ""
         },
         {
            "boundingPoly": {
               "vertices": [
                  {
                     "x": 1674.0,
                     "y": 1339.0
                  },
                  {
                     "x": 1762.0,
                     "y": 1339.0
                  },
                  {
                     "x": 1762.0,
                     "y": 1372.0
                  },
                  {
                     "x": 1674.0,
                     "y": 1372.0
                  }
               ]
            },
            "description": "RATE",
            "score": 0.99,
            "line": 17,
            "tag": ""
         },
         {
            "boundingPoly": {
               "vertices": [
                  {
                     "x": 1867.0,
                     "y": 1339.0
                  },
                  {
                     "x": 1938.0,
                     "y": 1339.0
                  },
                  {
                     "x": 1938.0,
                     "y": 1375.0
                  },
                  {
                     "x": 1867.0,
                     "y": 1375.0
                  }
               ]
            },
            "description": "QTY",
            "score": 0.98,
            "line": 17,
            "tag": ""
         },
         {
            "boundingPoly": {
               "vertices": [
                  {
                     "x": 2055.0,
                     "y": 1340.0
                  },
                  {
                     "x": 2204.0,
                     "y": 1340.0
                  },
                  {
                     "x": 2204.0,
                     "y": 1373.0
                  },
                  {
                     "x": 2055.0,
                     "y": 1373.0
                  }
               ]
            },
            "description": "AMOUNT",
            "score": 0.99,
            "line": 17,
            "tag": ""
         }
      ],
      [
         {
            "boundingPoly": {
               "vertices": [
                  {
                     "x": 111.0,
                     "y": 1443.0
                  },
                  {
                     "x": 275.0,
                     "y": 1443.0
                  },
                  {
                     "x": 275.0,
                     "y": 1480.0
                  },
                  {
                     "x": 111.0,
                     "y": 1480.0
                  }
               ]
            },
            "description": "Business",
            "score": 0.99,
            "line": 18,
            "tag": ""
         },
         {
            "boundingPoly": {
               "vertices": [
                  {
                     "x": 281.0,
                     "y": 1443.0
                  },
                  {
                     "x": 475.0,
                     "y": 1443.0
                  },
                  {
                     "x": 475.0,
                     "y": 1488.0
                  },
                  {
                     "x": 281.0,
                     "y": 1488.0
                  }
               ]
            },
            "description": "Consulting",
            "score": 0.99,
            "line": 18,
            "tag": ""
         },
         {
            "boundingPoly": {
               "vertices": [
                  {
                     "x": 480.0,
                     "y": 1443.0
                  },
                  {
                     "x": 634.0,
                     "y": 1443.0
                  },
                  {
                     "x": 634.0,
                     "y": 1480.0
                  },
                  {
                     "x": 480.0,
                     "y": 1480.0
                  }
               ]
            },
            "description": "Services",
            "score": 0.99,
            "line": 18,
            "tag": ""
         },
         {
            "boundingPoly": {
               "vertices": [
                  {
                     "x": 1612.0,
                     "y": 1439.0
                  },
                  {
                     "x": 1760.0,
                     "y": 1439.0
                  },
                  {
                     "x": 1760.0,
                     "y": 1483.0
                  },
                  {
                     "x": 1612.0,
                     "y": 1483.0
                  }
               ]
            },
            "description": "$250.00",
            "score": 0.99,
            "line": 18,
            "tag": ""
         },
         {
            "boundingPoly": {
               "vertices": [
                  {
                     "x": 1888.0,
                     "y": 1443.0
                  },
                  {
                     "x": 1937.0,
                     "y": 1443.0
                  },
                  {
                     "x": 1937.0,
                     "y": 1479.0
                  },
                  {
                     "x": 1888.0,
                     "y": 1479.0
                  }
               ]
            },
            "description": "80",
            "score": 0.93,
            "line": 18,
            "tag": ""
         },
         {
            "boundingPoly": {
               "vertices": [
                  {
                     "x": 2004.0,
                     "y": 1438.0
                  },
                  {
                     "x": 2205.0,
                     "y": 1438.0
                  },
                  {
                     "x": 2205.0,
                     "y": 1484.0
                  },
                  {
                     "x": 2004.0,
                     "y": 1484.0
                  }
               ]
            },
            "description": "$20,000.00",
            "score": 0.99,
            "line": 18,
            "tag": ""
         }
      ],
      [
         {
            "boundingPoly": {
               "vertices": [
                  {
                     "x": 1514.0,
                     "y": 1558.0
                  },
                  {
                     "x": 1689.0,
                     "y": 1558.0
                  },
                  {
                     "x": 1689.0,
                     "y": 1591.0
                  },
                  {
                     "x": 1514.0,
                     "y": 1591.0
                  }
               ]
            },
            "description": "SUBTOTAL",
            "score": 0.99,
            "line": 19,
            "tag": ""
         },
         {
            "boundingPoly": {
               "vertices": [
                  {
                     "x": 2003.0,
                     "y": 1550.0
                  },
                  {
                     "x": 2203.0,
                     "y": 1550.0
                  },
                  {
                     "x": 2203.0,
                     "y": 1596.0
                  },
                  {
                     "x": 2003.0,
                     "y": 1596.0
                  }
               ]
            },
            "description": "$20,000.00",
            "score": 0.99,
            "line": 19,
            "tag": ""
         }
      ],
      [
         {
            "boundingPoly": {
               "vertices": [
                  {
                     "x": 1514.0,
                     "y": 1621.0
                  },
                  {
                     "x": 1585.0,
                     "y": 1621.0
                  },
                  {
                     "x": 1585.0,
                     "y": 1652.0
                  },
                  {
                     "x": 1514.0,
                     "y": 1652.0
                  }
               ]
            },
            "description": "TAX",
            "score": 0.99,
            "line": 20,
            "tag": ""
         },
         {
            "boundingPoly": {
               "vertices": [
                  {
                     "x": 1589.0,
                     "y": 1618.0
                  },
                  {
                     "x": 1660.0,
                     "y": 1618.0
                  },
                  {
                     "x": 1660.0,
                     "y": 1659.0
                  },
                  {
                     "x": 1589.0,
                     "y": 1659.0
                  }
               ]
            },
            "description": "(0%)",
            "score": 0.94,
            "line": 20,
            "tag": ""
         },
         {
            "boundingPoly": {
               "vertices": [
                  {
                     "x": 2100.0,
                     "y": 1613.0
                  },
                  {
                     "x": 2203.0,
                     "y": 1613.0
                  },
                  {
                     "x": 2203.0,
                     "y": 1657.0
                  },
                  {
                     "x": 2100.0,
                     "y": 1657.0
                  }
               ]
            },
            "description": "$0.00",
            "score": 0.99,
            "line": 20,
            "tag": ""
         }
      ],
      [
         {
            "boundingPoly": {
               "vertices": [
                  {
                     "x": 1515.0,
                     "y": 1732.0
                  },
                  {
                     "x": 1624.0,
                     "y": 1732.0
                  },
                  {
                     "x": 1624.0,
                     "y": 1763.0
                  },
                  {
                     "x": 1515.0,
                     "y": 1763.0
                  }
               ]
            },
            "description": "TOTAL",
            "score": 0.99,
            "line": 21,
            "tag": ""
         },
         {
            "boundingPoly": {
               "vertices": [
                  {
                     "x": 2005.0,
                     "y": 1723.0
                  },
                  {
                     "x": 2204.0,
                     "y": 1723.0
                  },
                  {
                     "x": 2204.0,
                     "y": 1768.0
                  },
                  {
                     "x": 2005.0,
                     "y": 1768.0
                  }
               ]
            },
            "description": "$20,000.00",
            "score": 0.99,
            "line": 21,
            "tag": "total"
         }
      ],
      [
         {
            "boundingPoly": {
               "vertices": [
                  {
                     "x": 1516.0,
                     "y": 1847.0
                  },
                  {
                     "x": 1671.0,
                     "y": 1847.0
                  },
                  {
                     "x": 1671.0,
                     "y": 1880.0
                  },
                  {
                     "x": 1516.0,
                     "y": 1880.0
                  }
               ]
            },
            "description": "BALANCE",
            "score": 0.99,
            "line": 22,
            "tag": ""
         },
         {
            "boundingPoly": {
               "vertices": [
                  {
                     "x": 1676.0,
                     "y": 1848.0
                  },
                  {
                     "x": 1744.0,
                     "y": 1848.0
                  },
                  {
                     "x": 1744.0,
                     "y": 1880.0
                  },
                  {
                     "x": 1676.0,
                     "y": 1880.0
                  }
               ]
            },
            "description": "DUE",
            "score": 0.98,
            "line": 22,
            "tag": ""
         },
         {
            "boundingPoly": {
               "vertices": [
                  {
                     "x": 1828.0,
                     "y": 1840.0
                  },
                  {
                     "x": 1928.0,
                     "y": 1840.0
                  },
                  {
                     "x": 1928.0,
                     "y": 1886.0
                  },
                  {
                     "x": 1828.0,
                     "y": 1886.0
                  }
               ]
            },
            "description": "USD",
            "score": 0.99,
            "line": 22,
            "tag": ""
         },
         {
            "boundingPoly": {
               "vertices": [
                  {
                     "x": 1936.0,
                     "y": 1835.0
                  },
                  {
                     "x": 2204.0,
                     "y": 1835.0
                  },
                  {
                     "x": 2204.0,
                     "y": 1894.0
                  },
                  {
                     "x": 1936.0,
                     "y": 1894.0
                  }
               ]
            },
            "description": "$20,000.00",
            "score": 0.99,
            "line": 22,
            "tag": ""
         }
      ],
      [
         {
            "boundingPoly": {
               "vertices": [
                  {
                     "x": 2172.0,
                     "y": 2908.0
                  },
                  {
                     "x": 2214.0,
                     "y": 2908.0
                  },
                  {
                     "x": 2214.0,
                     "y": 2938.0
                  },
                  {
                     "x": 2172.0,
                     "y": 2938.0
                  }
               ]
            },
            "description": "1\/1",
            "score": 0.93,
            "line": 23,
            "tag": ""
         }
      ],
      [
         {
            "boundingPoly": {
               "vertices": [
                  {
                     "x": 96.0,
                     "y": 2907.0
                  },
                  {
                     "x": 684.0,
                     "y": 2907.0
                  },
                  {
                     "x": 684.0,
                     "y": 2944.0
                  },
                  {
                     "x": 96.0,
                     "y": 2944.0
                  }
               ]
            },
            "description": "https:\/\/app.invoicesimple.com\/invoices\/new",
            "score": 0.79,
            "line": 24,
            "tag": ""
         }
      ]
   ],
   "manual_edit": {
      "fields": [],
      "items": {}
   },
   "subset": "TRAIN"
}