{
   "fields": {
      "date": "",
      "invoice-no": "INV-3337",
      "name": "DEMO - Sliced Irwoices",
      "vendor-addr": "Saite 5A-120 123 Samewhie Streert Your City AZ 12345 admine sicedivpices.com",
      "billing-name": "Test Business",
      "billing-addr": "123 Somewhere 5t Malboume, VIC 3000 lest(est.com",
      "total": "93.50",
      "items": [],
      "language": "en"
   },
   "fname": "pilotbatch9_Invoice 06.pdf_1.jpg",
   "lines": [
      "LSlcedivoices",
      "Invoice",
      "Invoice Number INV-3337",
      "From:",
      "DEMO - Sliced Irwoices Order Number 12345",
      "Saite 5A-120 Irvoice Date January 25, 2D16",
      "123 Samewhie Streert Due Date Janary 11, 2016",
      "Your City AZ 12345",
      "admine sicedivpices.com Total Due 593.50",
      "To:",
      "Test Business",
      "123 Somewhere 5t",
      "Malboume, VIC 3000",
      "lest(est.com",
      "Hrs\/Qty Service Rate\/Price Adjust Sub Total",
      "1.00 Web Design 385.00 0.00N 385 00",
      "me IB.4 smm Nesctipton",
      "Su Total 385.00",
      "Tax $8.50",
      "Total $93.50",
      "ANZ Bank",
      "ACC # 1234 1234",
      "BSB G 4321 432"
   ],
   "line_tags": [
      "",
      "",
      "invoice-no",
      "",
      "name",
      "vendor-addr",
      "vendor-addr",
      "vendor-addr",
      "vendor-addr",
      "",
      "billing-name",
      "billing-addr",
      "billing-addr",
      "billing-addr",
      "",
      "",
      "",
      "",
      "",
      "total",
      "",
      "",
      ""
   ],
   "words": [
      [
         {
            "boundingPoly": {
               "vertices": [
                  {
                     "x": 117.0,
                     "y": 56.0
                  },
                  {
                     "x": 554.0,
                     "y": 56.0
                  },
                  {
                     "x": 554.0,
                     "y": 124.0
                  },
                  {
                     "x": 117.0,
                     "y": 124.0
                  }
               ]
            },
            "description": "LSlcedivoices",
            "score": 0.0,
            "line": 0,
            "tag": ""
         }
      ],
      [
         {
            "boundingPoly": {
               "vertices": [
                  {
                     "x": 1381.0,
                     "y": 139.0
                  },
                  {
                     "x": 1599.0,
                     "y": 139.0
                  },
                  {
                     "x": 1599.0,
                     "y": 196.0
                  },
                  {
                     "x": 1381.0,
                     "y": 196.0
                  }
               ]
            },
            "description": "Invoice",
            "score": 0.99,
            "line": 1,
            "tag": ""
         }
      ],
      [
         {
            "boundingPoly": {
               "vertices": [
                  {
                     "x": 998.0,
                     "y": 324.0
                  },
                  {
                     "x": 1085.0,
                     "y": 324.0
                  },
                  {
                     "x": 1085.0,
                     "y": 352.0
                  },
                  {
                     "x": 998.0,
                     "y": 352.0
                  }
               ]
            },
            "description": "Invoice",
            "score": 0.84,
            "line": 2,
            "tag": ""
         },
         {
            "boundingPoly": {
               "vertices": [
                  {
                     "x": 1084.0,
                     "y": 324.0
                  },
                  {
                     "x": 1183.0,
                     "y": 324.0
                  },
                  {
                     "x": 1183.0,
                     "y": 353.0
                  },
                  {
                     "x": 1084.0,
                     "y": 353.0
                  }
               ]
            },
            "description": "Number",
            "score": 0.94,
            "line": 2,
            "tag": ""
         },
         {
            "boundingPoly": {
               "vertices": [
                  {
                     "x": 1297.0,
                     "y": 323.0
                  },
                  {
                     "x": 1414.0,
                     "y": 323.0
                  },
                  {
                     "x": 1414.0,
                     "y": 353.0
                  },
                  {
                     "x": 1297.0,
                     "y": 353.0
                  }
               ]
            },
            "description": "INV-3337",
            "score": 0.96,
            "line": 2,
            "tag": "invoice-no"
         }
      ],
      [
         {
            "boundingPoly": {
               "vertices": [
                  {
                     "x": 107.0,
                     "y": 343.0
                  },
                  {
                     "x": 183.0,
                     "y": 343.0
                  },
                  {
                     "x": 183.0,
                     "y": 369.0
                  },
                  {
                     "x": 107.0,
                     "y": 369.0
                  }
               ]
            },
            "description": "From:",
            "score": 0.97,
            "line": 3,
            "tag": ""
         }
      ],
      [
         {
            "boundingPoly": {
               "vertices": [
                  {
                     "x": 107.0,
                     "y": 378.0
                  },
                  {
                     "x": 188.0,
                     "y": 378.0
                  },
                  {
                     "x": 188.0,
                     "y": 406.0
                  },
                  {
                     "x": 107.0,
                     "y": 406.0
                  }
               ]
            },
            "description": "DEMO",
            "score": 0.49,
            "line": 4,
            "tag": "name"
         },
         {
            "boundingPoly": {
               "vertices": [
                  {
                     "x": 189.0,
                     "y": 381.0
                  },
                  {
                     "x": 206.0,
                     "y": 381.0
                  },
                  {
                     "x": 206.0,
                     "y": 405.0
                  },
                  {
                     "x": 189.0,
                     "y": 405.0
                  }
               ]
            },
            "description": "-",
            "score": 0.9,
            "line": 4,
            "tag": "name"
         },
         {
            "boundingPoly": {
               "vertices": [
                  {
                     "x": 204.0,
                     "y": 376.0
                  },
                  {
                     "x": 280.0,
                     "y": 376.0
                  },
                  {
                     "x": 280.0,
                     "y": 406.0
                  },
                  {
                     "x": 204.0,
                     "y": 406.0
                  }
               ]
            },
            "description": "Sliced",
            "score": 0.3,
            "line": 4,
            "tag": "name"
         },
         {
            "boundingPoly": {
               "vertices": [
                  {
                     "x": 281.0,
                     "y": 377.0
                  },
                  {
                     "x": 384.0,
                     "y": 377.0
                  },
                  {
                     "x": 384.0,
                     "y": 406.0
                  },
                  {
                     "x": 281.0,
                     "y": 406.0
                  }
               ]
            },
            "description": "Irwoices",
            "score": 0.05,
            "line": 4,
            "tag": "name"
         },
         {
            "boundingPoly": {
               "vertices": [
                  {
                     "x": 998.0,
                     "y": 371.0
                  },
                  {
                     "x": 1068.0,
                     "y": 371.0
                  },
                  {
                     "x": 1068.0,
                     "y": 400.0
                  },
                  {
                     "x": 998.0,
                     "y": 400.0
                  }
               ]
            },
            "description": "Order",
            "score": 0.89,
            "line": 4,
            "tag": ""
         },
         {
            "boundingPoly": {
               "vertices": [
                  {
                     "x": 1069.0,
                     "y": 372.0
                  },
                  {
                     "x": 1168.0,
                     "y": 372.0
                  },
                  {
                     "x": 1168.0,
                     "y": 399.0
                  },
                  {
                     "x": 1069.0,
                     "y": 399.0
                  }
               ]
            },
            "description": "Number",
            "score": 0.98,
            "line": 4,
            "tag": ""
         },
         {
            "boundingPoly": {
               "vertices": [
                  {
                     "x": 1296.0,
                     "y": 369.0
                  },
                  {
                     "x": 1378.0,
                     "y": 369.0
                  },
                  {
                     "x": 1378.0,
                     "y": 401.0
                  },
                  {
                     "x": 1296.0,
                     "y": 401.0
                  }
               ]
            },
            "description": "12345",
            "score": 0.98,
            "line": 4,
            "tag": ""
         }
      ],
      [
         {
            "boundingPoly": {
               "vertices": [
                  {
                     "x": 107.0,
                     "y": 416.0
                  },
                  {
                     "x": 170.0,
                     "y": 416.0
                  },
                  {
                     "x": 170.0,
                     "y": 443.0
                  },
                  {
                     "x": 107.0,
                     "y": 443.0
                  }
               ]
            },
            "description": "Saite",
            "score": 0.17,
            "line": 5,
            "tag": "vendor-addr"
         },
         {
            "boundingPoly": {
               "vertices": [
                  {
                     "x": 171.0,
                     "y": 416.0
                  },
                  {
                     "x": 275.0,
                     "y": 416.0
                  },
                  {
                     "x": 275.0,
                     "y": 443.0
                  },
                  {
                     "x": 171.0,
                     "y": 443.0
                  }
               ]
            },
            "description": "5A-120",
            "score": 0.45,
            "line": 5,
            "tag": "vendor-addr"
         },
         {
            "boundingPoly": {
               "vertices": [
                  {
                     "x": 998.0,
                     "y": 419.0
                  },
                  {
                     "x": 1085.0,
                     "y": 419.0
                  },
                  {
                     "x": 1085.0,
                     "y": 446.0
                  },
                  {
                     "x": 998.0,
                     "y": 446.0
                  }
               ]
            },
            "description": "Irvoice",
            "score": 0.3,
            "line": 5,
            "tag": ""
         },
         {
            "boundingPoly": {
               "vertices": [
                  {
                     "x": 1086.0,
                     "y": 419.0
                  },
                  {
                     "x": 1147.0,
                     "y": 419.0
                  },
                  {
                     "x": 1147.0,
                     "y": 446.0
                  },
                  {
                     "x": 1086.0,
                     "y": 446.0
                  }
               ]
            },
            "description": "Date",
            "score": 0.93,
            "line": 5,
            "tag": ""
         },
         {
            "boundingPoly": {
               "vertices": [
                  {
                     "x": 1297.0,
                     "y": 418.0
                  },
                  {
                     "x": 1397.0,
                     "y": 418.0
                  },
                  {
                     "x": 1397.0,
                     "y": 450.0
                  },
                  {
                     "x": 1297.0,
                     "y": 450.0
                  }
               ]
            },
            "description": "January",
            "score": 0.76,
            "line": 5,
            "tag": "date"
         },
         {
            "boundingPoly": {
               "vertices": [
                  {
                     "x": 1397.0,
                     "y": 419.0
                  },
                  {
                     "x": 1438.0,
                     "y": 419.0
                  },
                  {
                     "x": 1438.0,
                     "y": 449.0
                  },
                  {
                     "x": 1397.0,
                     "y": 449.0
                  }
               ]
            },
            "description": "25,",
            "score": 0.94,
            "line": 5,
            "tag": "date"
         },
         {
            "boundingPoly": {
               "vertices": [
                  {
                     "x": 1438.0,
                     "y": 418.0
                  },
                  {
                     "x": 1503.0,
                     "y": 418.0
                  },
                  {
                     "x": 1503.0,
                     "y": 446.0
                  },
                  {
                     "x": 1438.0,
                     "y": 446.0
                  }
               ]
            },
            "description": "2D16",
            "score": 0.94,
            "line": 5,
            "tag": "date"
         }
      ],
      [
         {
            "boundingPoly": {
               "vertices": [
                  {
                     "x": 107.0,
                     "y": 451.0
                  },
                  {
                     "x": 156.0,
                     "y": 451.0
                  },
                  {
                     "x": 156.0,
                     "y": 478.0
                  },
                  {
                     "x": 107.0,
                     "y": 478.0
                  }
               ]
            },
            "description": "123",
            "score": 0.88,
            "line": 6,
            "tag": "vendor-addr"
         },
         {
            "boundingPoly": {
               "vertices": [
                  {
                     "x": 157.0,
                     "y": 451.0
                  },
                  {
                     "x": 301.0,
                     "y": 451.0
                  },
                  {
                     "x": 301.0,
                     "y": 479.0
                  },
                  {
                     "x": 157.0,
                     "y": 479.0
                  }
               ]
            },
            "description": "Samewhie",
            "score": 0.36,
            "line": 6,
            "tag": "vendor-addr"
         },
         {
            "boundingPoly": {
               "vertices": [
                  {
                     "x": 300.0,
                     "y": 451.0
                  },
                  {
                     "x": 375.0,
                     "y": 451.0
                  },
                  {
                     "x": 375.0,
                     "y": 478.0
                  },
                  {
                     "x": 300.0,
                     "y": 478.0
                  }
               ]
            },
            "description": "Streert",
            "score": 0.1,
            "line": 6,
            "tag": "vendor-addr"
         },
         {
            "boundingPoly": {
               "vertices": [
                  {
                     "x": 997.0,
                     "y": 463.0
                  },
                  {
                     "x": 1051.0,
                     "y": 463.0
                  },
                  {
                     "x": 1051.0,
                     "y": 490.0
                  },
                  {
                     "x": 997.0,
                     "y": 490.0
                  }
               ]
            },
            "description": "Due",
            "score": 0.49,
            "line": 6,
            "tag": ""
         },
         {
            "boundingPoly": {
               "vertices": [
                  {
                     "x": 1051.0,
                     "y": 463.0
                  },
                  {
                     "x": 1113.0,
                     "y": 463.0
                  },
                  {
                     "x": 1113.0,
                     "y": 490.0
                  },
                  {
                     "x": 1051.0,
                     "y": 490.0
                  }
               ]
            },
            "description": "Date",
            "score": 0.96,
            "line": 6,
            "tag": ""
         },
         {
            "boundingPoly": {
               "vertices": [
                  {
                     "x": 1296.0,
                     "y": 461.0
                  },
                  {
                     "x": 1398.0,
                     "y": 461.0
                  },
                  {
                     "x": 1398.0,
                     "y": 496.0
                  },
                  {
                     "x": 1296.0,
                     "y": 496.0
                  }
               ]
            },
            "description": "Janary",
            "score": 0.76,
            "line": 6,
            "tag": "date"
         },
         {
            "boundingPoly": {
               "vertices": [
                  {
                     "x": 1396.0,
                     "y": 463.0
                  },
                  {
                     "x": 1439.0,
                     "y": 463.0
                  },
                  {
                     "x": 1439.0,
                     "y": 492.0
                  },
                  {
                     "x": 1396.0,
                     "y": 492.0
                  }
               ]
            },
            "description": "11,",
            "score": 0.49,
            "line": 6,
            "tag": "date"
         },
         {
            "boundingPoly": {
               "vertices": [
                  {
                     "x": 1438.0,
                     "y": 462.0
                  },
                  {
                     "x": 1503.0,
                     "y": 462.0
                  },
                  {
                     "x": 1503.0,
                     "y": 490.0
                  },
                  {
                     "x": 1438.0,
                     "y": 490.0
                  }
               ]
            },
            "description": "2016",
            "score": 0.99,
            "line": 6,
            "tag": "date"
         }
      ],
      [
         {
            "boundingPoly": {
               "vertices": [
                  {
                     "x": 106.0,
                     "y": 487.0
                  },
                  {
                     "x": 166.0,
                     "y": 487.0
                  },
                  {
                     "x": 166.0,
                     "y": 516.0
                  },
                  {
                     "x": 106.0,
                     "y": 516.0
                  }
               ]
            },
            "description": "Your",
            "score": 0.83,
            "line": 7,
            "tag": "vendor-addr"
         },
         {
            "boundingPoly": {
               "vertices": [
                  {
                     "x": 167.0,
                     "y": 487.0
                  },
                  {
                     "x": 218.0,
                     "y": 487.0
                  },
                  {
                     "x": 218.0,
                     "y": 520.0
                  },
                  {
                     "x": 167.0,
                     "y": 520.0
                  }
               ]
            },
            "description": "City",
            "score": 0.99,
            "line": 7,
            "tag": "vendor-addr"
         },
         {
            "boundingPoly": {
               "vertices": [
                  {
                     "x": 218.0,
                     "y": 488.0
                  },
                  {
                     "x": 257.0,
                     "y": 488.0
                  },
                  {
                     "x": 257.0,
                     "y": 515.0
                  },
                  {
                     "x": 218.0,
                     "y": 515.0
                  }
               ]
            },
            "description": "AZ",
            "score": 0.99,
            "line": 7,
            "tag": "vendor-addr"
         },
         {
            "boundingPoly": {
               "vertices": [
                  {
                     "x": 261.0,
                     "y": 487.0
                  },
                  {
                     "x": 336.0,
                     "y": 487.0
                  },
                  {
                     "x": 336.0,
                     "y": 515.0
                  },
                  {
                     "x": 261.0,
                     "y": 515.0
                  }
               ]
            },
            "description": "12345",
            "score": 0.95,
            "line": 7,
            "tag": "vendor-addr"
         }
      ],
      [
         {
            "boundingPoly": {
               "vertices": [
                  {
                     "x": 107.0,
                     "y": 525.0
                  },
                  {
                     "x": 204.0,
                     "y": 525.0
                  },
                  {
                     "x": 204.0,
                     "y": 553.0
                  },
                  {
                     "x": 107.0,
                     "y": 553.0
                  }
               ]
            },
            "description": "admine",
            "score": 0.26,
            "line": 8,
            "tag": "vendor-addr"
         },
         {
            "boundingPoly": {
               "vertices": [
                  {
                     "x": 201.0,
                     "y": 525.0
                  },
                  {
                     "x": 424.0,
                     "y": 525.0
                  },
                  {
                     "x": 424.0,
                     "y": 553.0
                  },
                  {
                     "x": 201.0,
                     "y": 553.0
                  }
               ]
            },
            "description": "sicedivpices.com",
            "score": 0.34,
            "line": 8,
            "tag": "vendor-addr"
         },
         {
            "boundingPoly": {
               "vertices": [
                  {
                     "x": 996.0,
                     "y": 508.0
                  },
                  {
                     "x": 1065.0,
                     "y": 508.0
                  },
                  {
                     "x": 1065.0,
                     "y": 537.0
                  },
                  {
                     "x": 996.0,
                     "y": 537.0
                  }
               ]
            },
            "description": "Total",
            "score": 0.95,
            "line": 8,
            "tag": ""
         },
         {
            "boundingPoly": {
               "vertices": [
                  {
                     "x": 1066.0,
                     "y": 509.0
                  },
                  {
                     "x": 1121.0,
                     "y": 509.0
                  },
                  {
                     "x": 1121.0,
                     "y": 537.0
                  },
                  {
                     "x": 1066.0,
                     "y": 537.0
                  }
               ]
            },
            "description": "Due",
            "score": 0.99,
            "line": 8,
            "tag": ""
         },
         {
            "boundingPoly": {
               "vertices": [
                  {
                     "x": 1296.0,
                     "y": 509.0
                  },
                  {
                     "x": 1385.0,
                     "y": 509.0
                  },
                  {
                     "x": 1385.0,
                     "y": 538.0
                  },
                  {
                     "x": 1296.0,
                     "y": 538.0
                  }
               ]
            },
            "description": "593.50",
            "score": 0.62,
            "line": 8,
            "tag": ""
         }
      ],
      [
         {
            "boundingPoly": {
               "vertices": [
                  {
                     "x": 106.0,
                     "y": 663.0
                  },
                  {
                     "x": 152.0,
                     "y": 663.0
                  },
                  {
                     "x": 152.0,
                     "y": 690.0
                  },
                  {
                     "x": 106.0,
                     "y": 690.0
                  }
               ]
            },
            "description": "To:",
            "score": 0.91,
            "line": 9,
            "tag": ""
         }
      ],
      [
         {
            "boundingPoly": {
               "vertices": [
                  {
                     "x": 105.0,
                     "y": 698.0
                  },
                  {
                     "x": 163.0,
                     "y": 698.0
                  },
                  {
                     "x": 163.0,
                     "y": 724.0
                  },
                  {
                     "x": 105.0,
                     "y": 724.0
                  }
               ]
            },
            "description": "Test",
            "score": 0.99,
            "line": 10,
            "tag": "billing-name"
         },
         {
            "boundingPoly": {
               "vertices": [
                  {
                     "x": 163.0,
                     "y": 697.0
                  },
                  {
                     "x": 275.0,
                     "y": 697.0
                  },
                  {
                     "x": 275.0,
                     "y": 725.0
                  },
                  {
                     "x": 163.0,
                     "y": 725.0
                  }
               ]
            },
            "description": "Business",
            "score": 0.94,
            "line": 10,
            "tag": "billing-name"
         }
      ],
      [
         {
            "boundingPoly": {
               "vertices": [
                  {
                     "x": 107.0,
                     "y": 734.0
                  },
                  {
                     "x": 156.0,
                     "y": 734.0
                  },
                  {
                     "x": 156.0,
                     "y": 762.0
                  },
                  {
                     "x": 107.0,
                     "y": 762.0
                  }
               ]
            },
            "description": "123",
            "score": 0.98,
            "line": 11,
            "tag": "billing-addr"
         },
         {
            "boundingPoly": {
               "vertices": [
                  {
                     "x": 157.0,
                     "y": 734.0
                  },
                  {
                     "x": 301.0,
                     "y": 734.0
                  },
                  {
                     "x": 301.0,
                     "y": 763.0
                  },
                  {
                     "x": 157.0,
                     "y": 763.0
                  }
               ]
            },
            "description": "Somewhere",
            "score": 0.71,
            "line": 11,
            "tag": "billing-addr"
         },
         {
            "boundingPoly": {
               "vertices": [
                  {
                     "x": 301.0,
                     "y": 734.0
                  },
                  {
                     "x": 333.0,
                     "y": 734.0
                  },
                  {
                     "x": 333.0,
                     "y": 763.0
                  },
                  {
                     "x": 301.0,
                     "y": 763.0
                  }
               ]
            },
            "description": "5t",
            "score": 0.97,
            "line": 11,
            "tag": "billing-addr"
         }
      ],
      [
         {
            "boundingPoly": {
               "vertices": [
                  {
                     "x": 107.0,
                     "y": 771.0
                  },
                  {
                     "x": 241.0,
                     "y": 771.0
                  },
                  {
                     "x": 241.0,
                     "y": 803.0
                  },
                  {
                     "x": 107.0,
                     "y": 803.0
                  }
               ]
            },
            "description": "Malboume,",
            "score": 0.45,
            "line": 12,
            "tag": "billing-addr"
         },
         {
            "boundingPoly": {
               "vertices": [
                  {
                     "x": 241.0,
                     "y": 772.0
                  },
                  {
                     "x": 291.0,
                     "y": 772.0
                  },
                  {
                     "x": 291.0,
                     "y": 799.0
                  },
                  {
                     "x": 241.0,
                     "y": 799.0
                  }
               ]
            },
            "description": "VIC",
            "score": 0.99,
            "line": 12,
            "tag": "billing-addr"
         },
         {
            "boundingPoly": {
               "vertices": [
                  {
                     "x": 291.0,
                     "y": 772.0
                  },
                  {
                     "x": 355.0,
                     "y": 772.0
                  },
                  {
                     "x": 355.0,
                     "y": 800.0
                  },
                  {
                     "x": 291.0,
                     "y": 800.0
                  }
               ]
            },
            "description": "3000",
            "score": 0.99,
            "line": 12,
            "tag": "billing-addr"
         }
      ],
      [
         {
            "boundingPoly": {
               "vertices": [
                  {
                     "x": 104.0,
                     "y": 807.0
                  },
                  {
                     "x": 278.0,
                     "y": 807.0
                  },
                  {
                     "x": 278.0,
                     "y": 836.0
                  },
                  {
                     "x": 104.0,
                     "y": 836.0
                  }
               ]
            },
            "description": "lest(est.com",
            "score": 0.06,
            "line": 13,
            "tag": "billing-addr"
         }
      ],
      [
         {
            "boundingPoly": {
               "vertices": [
                  {
                     "x": 136.0,
                     "y": 946.0
                  },
                  {
                     "x": 236.0,
                     "y": 946.0
                  },
                  {
                     "x": 236.0,
                     "y": 981.0
                  },
                  {
                     "x": 136.0,
                     "y": 981.0
                  }
               ]
            },
            "description": "Hrs\/Qty",
            "score": 0.45,
            "line": 14,
            "tag": ""
         },
         {
            "boundingPoly": {
               "vertices": [
                  {
                     "x": 281.0,
                     "y": 948.0
                  },
                  {
                     "x": 377.0,
                     "y": 948.0
                  },
                  {
                     "x": 377.0,
                     "y": 977.0
                  },
                  {
                     "x": 281.0,
                     "y": 977.0
                  }
               ]
            },
            "description": "Service",
            "score": 0.99,
            "line": 14,
            "tag": ""
         },
         {
            "boundingPoly": {
               "vertices": [
                  {
                     "x": 993.0,
                     "y": 947.0
                  },
                  {
                     "x": 1123.0,
                     "y": 947.0
                  },
                  {
                     "x": 1123.0,
                     "y": 977.0
                  },
                  {
                     "x": 993.0,
                     "y": 977.0
                  }
               ]
            },
            "description": "Rate\/Price",
            "score": 0.88,
            "line": 14,
            "tag": ""
         },
         {
            "boundingPoly": {
               "vertices": [
                  {
                     "x": 1263.0,
                     "y": 947.0
                  },
                  {
                     "x": 1350.0,
                     "y": 947.0
                  },
                  {
                     "x": 1350.0,
                     "y": 980.0
                  },
                  {
                     "x": 1263.0,
                     "y": 980.0
                  }
               ]
            },
            "description": "Adjust",
            "score": 0.82,
            "line": 14,
            "tag": ""
         },
         {
            "boundingPoly": {
               "vertices": [
                  {
                     "x": 1451.0,
                     "y": 947.0
                  },
                  {
                     "x": 1507.0,
                     "y": 947.0
                  },
                  {
                     "x": 1507.0,
                     "y": 975.0
                  },
                  {
                     "x": 1451.0,
                     "y": 975.0
                  }
               ]
            },
            "description": "Sub",
            "score": 0.99,
            "line": 14,
            "tag": ""
         },
         {
            "boundingPoly": {
               "vertices": [
                  {
                     "x": 1507.0,
                     "y": 947.0
                  },
                  {
                     "x": 1576.0,
                     "y": 947.0
                  },
                  {
                     "x": 1576.0,
                     "y": 977.0
                  },
                  {
                     "x": 1507.0,
                     "y": 977.0
                  }
               ]
            },
            "description": "Total",
            "score": 0.99,
            "line": 14,
            "tag": ""
         }
      ],
      [
         {
            "boundingPoly": {
               "vertices": [
                  {
                     "x": 159.0,
                     "y": 1019.0
                  },
                  {
                     "x": 215.0,
                     "y": 1019.0
                  },
                  {
                     "x": 215.0,
                     "y": 1046.0
                  },
                  {
                     "x": 159.0,
                     "y": 1046.0
                  }
               ]
            },
            "description": "1.00",
            "score": 0.74,
            "line": 15,
            "tag": ""
         },
         {
            "boundingPoly": {
               "vertices": [
                  {
                     "x": 282.0,
                     "y": 1004.0
                  },
                  {
                     "x": 341.0,
                     "y": 1004.0
                  },
                  {
                     "x": 341.0,
                     "y": 1032.0
                  },
                  {
                     "x": 282.0,
                     "y": 1032.0
                  }
               ]
            },
            "description": "Web",
            "score": 0.73,
            "line": 15,
            "tag": ""
         },
         {
            "boundingPoly": {
               "vertices": [
                  {
                     "x": 341.0,
                     "y": 1003.0
                  },
                  {
                     "x": 428.0,
                     "y": 1003.0
                  },
                  {
                     "x": 428.0,
                     "y": 1035.0
                  },
                  {
                     "x": 341.0,
                     "y": 1035.0
                  }
               ]
            },
            "description": "Design",
            "score": 0.97,
            "line": 15,
            "tag": ""
         },
         {
            "boundingPoly": {
               "vertices": [
                  {
                     "x": 1038.0,
                     "y": 1019.0
                  },
                  {
                     "x": 1125.0,
                     "y": 1019.0
                  },
                  {
                     "x": 1125.0,
                     "y": 1047.0
                  },
                  {
                     "x": 1038.0,
                     "y": 1047.0
                  }
               ]
            },
            "description": "385.00",
            "score": 0.97,
            "line": 15,
            "tag": ""
         },
         {
            "boundingPoly": {
               "vertices": [
                  {
                     "x": 1270.0,
                     "y": 1019.0
                  },
                  {
                     "x": 1350.0,
                     "y": 1019.0
                  },
                  {
                     "x": 1350.0,
                     "y": 1047.0
                  },
                  {
                     "x": 1270.0,
                     "y": 1047.0
                  }
               ]
            },
            "description": "0.00N",
            "score": 0.19,
            "line": 15,
            "tag": ""
         },
         {
            "boundingPoly": {
               "vertices": [
                  {
                     "x": 1488.0,
                     "y": 1019.0
                  },
                  {
                     "x": 1540.0,
                     "y": 1019.0
                  },
                  {
                     "x": 1540.0,
                     "y": 1047.0
                  },
                  {
                     "x": 1488.0,
                     "y": 1047.0
                  }
               ]
            },
            "description": "385",
            "score": 0.68,
            "line": 15,
            "tag": ""
         },
         {
            "boundingPoly": {
               "vertices": [
                  {
                     "x": 1538.0,
                     "y": 1019.0
                  },
                  {
                     "x": 1575.0,
                     "y": 1019.0
                  },
                  {
                     "x": 1575.0,
                     "y": 1046.0
                  },
                  {
                     "x": 1538.0,
                     "y": 1046.0
                  }
               ]
            },
            "description": "00",
            "score": 0.99,
            "line": 15,
            "tag": ""
         }
      ],
      [
         {
            "boundingPoly": {
               "vertices": [
                  {
                     "x": 282.0,
                     "y": 1035.0
                  },
                  {
                     "x": 331.0,
                     "y": 1035.0
                  },
                  {
                     "x": 331.0,
                     "y": 1062.0
                  },
                  {
                     "x": 282.0,
                     "y": 1062.0
                  }
               ]
            },
            "description": "me",
            "score": 0.48,
            "line": 16,
            "tag": ""
         },
         {
            "boundingPoly": {
               "vertices": [
                  {
                     "x": 332.0,
                     "y": 1038.0
                  },
                  {
                     "x": 372.0,
                     "y": 1038.0
                  },
                  {
                     "x": 372.0,
                     "y": 1061.0
                  },
                  {
                     "x": 332.0,
                     "y": 1061.0
                  }
               ]
            },
            "description": "IB.4",
            "score": 0.07,
            "line": 16,
            "tag": ""
         },
         {
            "boundingPoly": {
               "vertices": [
                  {
                     "x": 374.0,
                     "y": 1038.0
                  },
                  {
                     "x": 453.0,
                     "y": 1038.0
                  },
                  {
                     "x": 453.0,
                     "y": 1062.0
                  },
                  {
                     "x": 374.0,
                     "y": 1062.0
                  }
               ]
            },
            "description": "smm",
            "score": 0.02,
            "line": 16,
            "tag": ""
         },
         {
            "boundingPoly": {
               "vertices": [
                  {
                     "x": 456.0,
                     "y": 1033.0
                  },
                  {
                     "x": 573.0,
                     "y": 1033.0
                  },
                  {
                     "x": 573.0,
                     "y": 1065.0
                  },
                  {
                     "x": 456.0,
                     "y": 1065.0
                  }
               ]
            },
            "description": "Nesctipton",
            "score": 0.0,
            "line": 16,
            "tag": ""
         }
      ],
      [
         {
            "boundingPoly": {
               "vertices": [
                  {
                     "x": 1140.0,
                     "y": 1124.0
                  },
                  {
                     "x": 1190.0,
                     "y": 1124.0
                  },
                  {
                     "x": 1190.0,
                     "y": 1153.0
                  },
                  {
                     "x": 1140.0,
                     "y": 1153.0
                  }
               ]
            },
            "description": "Su",
            "score": 0.1,
            "line": 17,
            "tag": ""
         },
         {
            "boundingPoly": {
               "vertices": [
                  {
                     "x": 1190.0,
                     "y": 1123.0
                  },
                  {
                     "x": 1257.0,
                     "y": 1123.0
                  },
                  {
                     "x": 1257.0,
                     "y": 1153.0
                  },
                  {
                     "x": 1190.0,
                     "y": 1153.0
                  }
               ]
            },
            "description": "Total",
            "score": 0.98,
            "line": 17,
            "tag": ""
         },
         {
            "boundingPoly": {
               "vertices": [
                  {
                     "x": 1487.0,
                     "y": 1123.0
                  },
                  {
                     "x": 1576.0,
                     "y": 1123.0
                  },
                  {
                     "x": 1576.0,
                     "y": 1153.0
                  },
                  {
                     "x": 1487.0,
                     "y": 1153.0
                  }
               ]
            },
            "description": "385.00",
            "score": 0.77,
            "line": 17,
            "tag": ""
         }
      ],
      [
         {
            "boundingPoly": {
               "vertices": [
                  {
                     "x": 1205.0,
                     "y": 1169.0
                  },
                  {
                     "x": 1258.0,
                     "y": 1169.0
                  },
                  {
                     "x": 1258.0,
                     "y": 1199.0
                  },
                  {
                     "x": 1205.0,
                     "y": 1199.0
                  }
               ]
            },
            "description": "Tax",
            "score": 0.99,
            "line": 18,
            "tag": ""
         },
         {
            "boundingPoly": {
               "vertices": [
                  {
                     "x": 1504.0,
                     "y": 1169.0
                  },
                  {
                     "x": 1575.0,
                     "y": 1169.0
                  },
                  {
                     "x": 1575.0,
                     "y": 1198.0
                  },
                  {
                     "x": 1504.0,
                     "y": 1198.0
                  }
               ]
            },
            "description": "$8.50",
            "score": 0.96,
            "line": 18,
            "tag": ""
         }
      ],
      [
         {
            "boundingPoly": {
               "vertices": [
                  {
                     "x": 1187.0,
                     "y": 1215.0
                  },
                  {
                     "x": 1257.0,
                     "y": 1215.0
                  },
                  {
                     "x": 1257.0,
                     "y": 1244.0
                  },
                  {
                     "x": 1187.0,
                     "y": 1244.0
                  }
               ]
            },
            "description": "Total",
            "score": 0.99,
            "line": 19,
            "tag": ""
         },
         {
            "boundingPoly": {
               "vertices": [
                  {
                     "x": 1488.0,
                     "y": 1216.0
                  },
                  {
                     "x": 1577.0,
                     "y": 1216.0
                  },
                  {
                     "x": 1577.0,
                     "y": 1244.0
                  },
                  {
                     "x": 1488.0,
                     "y": 1244.0
                  }
               ]
            },
            "description": "$93.50",
            "score": 0.59,
            "line": 19,
            "tag": "total"
         }
      ],
      [
         {
            "boundingPoly": {
               "vertices": [
                  {
                     "x": 105.0,
                     "y": 1352.0
                  },
                  {
                     "x": 166.0,
                     "y": 1352.0
                  },
                  {
                     "x": 166.0,
                     "y": 1382.0
                  },
                  {
                     "x": 105.0,
                     "y": 1382.0
                  }
               ]
            },
            "description": "ANZ",
            "score": 0.99,
            "line": 20,
            "tag": ""
         },
         {
            "boundingPoly": {
               "vertices": [
                  {
                     "x": 166.0,
                     "y": 1354.0
                  },
                  {
                     "x": 231.0,
                     "y": 1354.0
                  },
                  {
                     "x": 231.0,
                     "y": 1381.0
                  },
                  {
                     "x": 166.0,
                     "y": 1381.0
                  }
               ]
            },
            "description": "Bank",
            "score": 0.76,
            "line": 20,
            "tag": ""
         }
      ],
      [
         {
            "boundingPoly": {
               "vertices": [
                  {
                     "x": 106.0,
                     "y": 1390.0
                  },
                  {
                     "x": 167.0,
                     "y": 1390.0
                  },
                  {
                     "x": 167.0,
                     "y": 1419.0
                  },
                  {
                     "x": 106.0,
                     "y": 1419.0
                  }
               ]
            },
            "description": "ACC",
            "score": 0.98,
            "line": 21,
            "tag": ""
         },
         {
            "boundingPoly": {
               "vertices": [
                  {
                     "x": 167.0,
                     "y": 1391.0
                  },
                  {
                     "x": 188.0,
                     "y": 1391.0
                  },
                  {
                     "x": 188.0,
                     "y": 1414.0
                  },
                  {
                     "x": 167.0,
                     "y": 1414.0
                  }
               ]
            },
            "description": "#",
            "score": 0.97,
            "line": 21,
            "tag": ""
         },
         {
            "boundingPoly": {
               "vertices": [
                  {
                     "x": 189.0,
                     "y": 1390.0
                  },
                  {
                     "x": 251.0,
                     "y": 1390.0
                  },
                  {
                     "x": 251.0,
                     "y": 1417.0
                  },
                  {
                     "x": 189.0,
                     "y": 1417.0
                  }
               ]
            },
            "description": "1234",
            "score": 0.99,
            "line": 21,
            "tag": ""
         },
         {
            "boundingPoly": {
               "vertices": [
                  {
                     "x": 253.0,
                     "y": 1390.0
                  },
                  {
                     "x": 318.0,
                     "y": 1390.0
                  },
                  {
                     "x": 318.0,
                     "y": 1418.0
                  },
                  {
                     "x": 253.0,
                     "y": 1418.0
                  }
               ]
            },
            "description": "1234",
            "score": 0.99,
            "line": 21,
            "tag": ""
         }
      ],
      [
         {
            "boundingPoly": {
               "vertices": [
                  {
                     "x": 107.0,
                     "y": 1425.0
                  },
                  {
                     "x": 164.0,
                     "y": 1425.0
                  },
                  {
                     "x": 164.0,
                     "y": 1452.0
                  },
                  {
                     "x": 107.0,
                     "y": 1452.0
                  }
               ]
            },
            "description": "BSB",
            "score": 0.87,
            "line": 22,
            "tag": ""
         },
         {
            "boundingPoly": {
               "vertices": [
                  {
                     "x": 164.0,
                     "y": 1425.0
                  },
                  {
                     "x": 185.0,
                     "y": 1425.0
                  },
                  {
                     "x": 185.0,
                     "y": 1452.0
                  },
                  {
                     "x": 164.0,
                     "y": 1452.0
                  }
               ]
            },
            "description": "G",
            "score": 0.08,
            "line": 22,
            "tag": ""
         },
         {
            "boundingPoly": {
               "vertices": [
                  {
                     "x": 186.0,
                     "y": 1426.0
                  },
                  {
                     "x": 249.0,
                     "y": 1426.0
                  },
                  {
                     "x": 249.0,
                     "y": 1452.0
                  },
                  {
                     "x": 186.0,
                     "y": 1452.0
                  }
               ]
            },
            "description": "4321",
            "score": 0.99,
            "line": 22,
            "tag": ""
         },
         {
            "boundingPoly": {
               "vertices": [
                  {
                     "x": 250.0,
                     "y": 1426.0
                  },
                  {
                     "x": 299.0,
                     "y": 1426.0
                  },
                  {
                     "x": 299.0,
                     "y": 1452.0
                  },
                  {
                     "x": 250.0,
                     "y": 1452.0
                  }
               ]
            },
            "description": "432",
            "score": 0.98,
            "line": 22,
            "tag": ""
         }
      ]
   ],
   "manual_edit": {
      "fields": [
         "date"
      ],
      "items": {}
   },
   "subset": "TRAIN"
}