{
   "fields": {
      "invoice-no": "1564",
      "date": "2015-08-04",
      "name": "Berg Builders Inc-e",
      "vendor-addr": "987 Corway Btvd. LOS Angeles Californa 90210 Unted States",
      "billing-name": "Nrija Sample",
      "billing-addr": "123 Nirja Rhd Ninjal and 97315 Unted States",
      "total": "5280.00",
      "items": [],
      "language": "en"
   },
   "fname": "pilotbatch9_Invoice 09.pdf_1.jpg",
   "lines": [
      "Berg Builders Inc-e Nrija Sample 123 Nirja Rhd",
      "987 Corway Btvd. Gontact@InvoiceNinja.com Ninjal and 97315",
      "LOS Angeles Californa 90210 1 -800-555-Ninja Unted States",
      "Unted States CO",
      "demo@invoiceninja.com",
      "Invoice Number 1564",
      "INVOICE #1564 PO Number 1-259",
      "Invoice Date Aug4, 2015",
      "Due Dat e Aug 31 20 5",
      "Balance Due $5.290. 0",
      "ITEM DESCRIPTION UNIT COST QUANTITY TOTAL",
      "Deck Ropair hdut lanor wash pirs stan 8500 58500",
      "Indoor Addrtions Iatchon aland domun an instnlaeon 4095.00 09500",
      "Ihstailanon IGtchen window pilnes ngtnaton 4000 8 812000",
      "Inatmllation Liiro Icon Nnoe seat stxr abioe 55000 2 070000",
      "Instmlatlon Mante bed pom poren deox tocmo 28000 8280 00",
      "IThri you tor choospg Ben Buatdert. Subiotal $5280 00",
      "F Aid to nale 8000",
      "Ten",
      "N2I",
      "Balunice Doe $5,280.00"
   ],
   "line_tags": [
      "billing-addr",
      "billing-addr",
      "billing-addr",
      "vendor-addr",
      "",
      "invoice-no",
      "",
      "date",
      "",
      "",
      "",
      "",
      "",
      "",
      "",
      "",
      "",
      "",
      "",
      "",
      "total"
   ],
   "words": [
      [
         {
            "boundingPoly": {
               "vertices": [
                  {
                     "x": 145.0,
                     "y": 184.0
                  },
                  {
                     "x": 215.0,
                     "y": 184.0
                  },
                  {
                     "x": 215.0,
                     "y": 223.0
                  },
                  {
                     "x": 145.0,
                     "y": 223.0
                  }
               ]
            },
            "description": "Berg",
            "score": 0.97,
            "line": 0,
            "tag": "name"
         },
         {
            "boundingPoly": {
               "vertices": [
                  {
                     "x": 225.0,
                     "y": 181.0
                  },
                  {
                     "x": 355.0,
                     "y": 181.0
                  },
                  {
                     "x": 355.0,
                     "y": 214.0
                  },
                  {
                     "x": 225.0,
                     "y": 214.0
                  }
               ]
            },
            "description": "Builders",
            "score": 0.95,
            "line": 0,
            "tag": "name"
         },
         {
            "boundingPoly": {
               "vertices": [
                  {
                     "x": 360.0,
                     "y": 183.0
                  },
                  {
                     "x": 430.0,
                     "y": 183.0
                  },
                  {
                     "x": 430.0,
                     "y": 214.0
                  },
                  {
                     "x": 360.0,
                     "y": 214.0
                  }
               ]
            },
            "description": "Inc-e",
            "score": 0.12,
            "line": 0,
            "tag": "name"
         },
         {
            "boundingPoly": {
               "vertices": [
                  {
                     "x": 640.0,
                     "y": 184.0
                  },
                  {
                     "x": 716.0,
                     "y": 184.0
                  },
                  {
                     "x": 716.0,
                     "y": 222.0
                  },
                  {
                     "x": 640.0,
                     "y": 222.0
                  }
               ]
            },
            "description": "Nrija",
            "score": 0.24,
            "line": 0,
            "tag": "billing-name"
         },
         {
            "boundingPoly": {
               "vertices": [
                  {
                     "x": 723.0,
                     "y": 184.0
                  },
                  {
                     "x": 840.0,
                     "y": 184.0
                  },
                  {
                     "x": 840.0,
                     "y": 221.0
                  },
                  {
                     "x": 723.0,
                     "y": 221.0
                  }
               ]
            },
            "description": "Sample",
            "score": 0.95,
            "line": 0,
            "tag": "billing-name"
         },
         {
            "boundingPoly": {
               "vertices": [
                  {
                     "x": 1073.0,
                     "y": 185.0
                  },
                  {
                     "x": 1129.0,
                     "y": 185.0
                  },
                  {
                     "x": 1129.0,
                     "y": 216.0
                  },
                  {
                     "x": 1073.0,
                     "y": 216.0
                  }
               ]
            },
            "description": "123",
            "score": 0.96,
            "line": 0,
            "tag": "billing-addr"
         },
         {
            "boundingPoly": {
               "vertices": [
                  {
                     "x": 1132.0,
                     "y": 184.0
                  },
                  {
                     "x": 1206.0,
                     "y": 184.0
                  },
                  {
                     "x": 1206.0,
                     "y": 222.0
                  },
                  {
                     "x": 1132.0,
                     "y": 222.0
                  }
               ]
            },
            "description": "Nirja",
            "score": 0.45,
            "line": 0,
            "tag": "billing-addr"
         },
         {
            "boundingPoly": {
               "vertices": [
                  {
                     "x": 1213.0,
                     "y": 184.0
                  },
                  {
                     "x": 1283.0,
                     "y": 184.0
                  },
                  {
                     "x": 1283.0,
                     "y": 218.0
                  },
                  {
                     "x": 1213.0,
                     "y": 218.0
                  }
               ]
            },
            "description": "Rhd",
            "score": 0.11,
            "line": 0,
            "tag": "billing-addr"
         }
      ],
      [
         {
            "boundingPoly": {
               "vertices": [
                  {
                     "x": 141.0,
                     "y": 237.0
                  },
                  {
                     "x": 197.0,
                     "y": 237.0
                  },
                  {
                     "x": 197.0,
                     "y": 272.0
                  },
                  {
                     "x": 141.0,
                     "y": 272.0
                  }
               ]
            },
            "description": "987",
            "score": 0.9,
            "line": 1,
            "tag": "vendor-addr"
         },
         {
            "boundingPoly": {
               "vertices": [
                  {
                     "x": 205.0,
                     "y": 237.0
                  },
                  {
                     "x": 322.0,
                     "y": 237.0
                  },
                  {
                     "x": 322.0,
                     "y": 277.0
                  },
                  {
                     "x": 205.0,
                     "y": 277.0
                  }
               ]
            },
            "description": "Corway",
            "score": 0.32,
            "line": 1,
            "tag": "vendor-addr"
         },
         {
            "boundingPoly": {
               "vertices": [
                  {
                     "x": 331.0,
                     "y": 237.0
                  },
                  {
                     "x": 401.0,
                     "y": 237.0
                  },
                  {
                     "x": 401.0,
                     "y": 271.0
                  },
                  {
                     "x": 331.0,
                     "y": 271.0
                  }
               ]
            },
            "description": "Btvd.",
            "score": 0.93,
            "line": 1,
            "tag": "vendor-addr"
         },
         {
            "boundingPoly": {
               "vertices": [
                  {
                     "x": 642.0,
                     "y": 236.0
                  },
                  {
                     "x": 1032.0,
                     "y": 236.0
                  },
                  {
                     "x": 1032.0,
                     "y": 275.0
                  },
                  {
                     "x": 642.0,
                     "y": 275.0
                  }
               ]
            },
            "description": "Gontact@InvoiceNinja.com",
            "score": 0.14,
            "line": 1,
            "tag": ""
         },
         {
            "boundingPoly": {
               "vertices": [
                  {
                     "x": 1069.0,
                     "y": 237.0
                  },
                  {
                     "x": 1150.0,
                     "y": 237.0
                  },
                  {
                     "x": 1150.0,
                     "y": 275.0
                  },
                  {
                     "x": 1069.0,
                     "y": 275.0
                  }
               ]
            },
            "description": "Ninjal",
            "score": 0.19,
            "line": 1,
            "tag": "billing-addr"
         },
         {
            "boundingPoly": {
               "vertices": [
                  {
                     "x": 1154.0,
                     "y": 237.0
                  },
                  {
                     "x": 1222.0,
                     "y": 237.0
                  },
                  {
                     "x": 1222.0,
                     "y": 272.0
                  },
                  {
                     "x": 1154.0,
                     "y": 272.0
                  }
               ]
            },
            "description": "and",
            "score": 0.95,
            "line": 1,
            "tag": "billing-addr"
         },
         {
            "boundingPoly": {
               "vertices": [
                  {
                     "x": 1231.0,
                     "y": 238.0
                  },
                  {
                     "x": 1323.0,
                     "y": 238.0
                  },
                  {
                     "x": 1323.0,
                     "y": 271.0
                  },
                  {
                     "x": 1231.0,
                     "y": 271.0
                  }
               ]
            },
            "description": "97315",
            "score": 0.98,
            "line": 1,
            "tag": "billing-addr"
         }
      ],
      [
         {
            "boundingPoly": {
               "vertices": [
                  {
                     "x": 145.0,
                     "y": 291.0
                  },
                  {
                     "x": 194.0,
                     "y": 291.0
                  },
                  {
                     "x": 194.0,
                     "y": 321.0
                  },
                  {
                     "x": 145.0,
                     "y": 321.0
                  }
               ]
            },
            "description": "LOS",
            "score": 0.31,
            "line": 2,
            "tag": "vendor-addr"
         },
         {
            "boundingPoly": {
               "vertices": [
                  {
                     "x": 203.0,
                     "y": 288.0
                  },
                  {
                     "x": 321.0,
                     "y": 288.0
                  },
                  {
                     "x": 321.0,
                     "y": 328.0
                  },
                  {
                     "x": 203.0,
                     "y": 328.0
                  }
               ]
            },
            "description": "Angeles",
            "score": 0.94,
            "line": 2,
            "tag": "vendor-addr"
         },
         {
            "boundingPoly": {
               "vertices": [
                  {
                     "x": 336.0,
                     "y": 285.0
                  },
                  {
                     "x": 474.0,
                     "y": 285.0
                  },
                  {
                     "x": 474.0,
                     "y": 322.0
                  },
                  {
                     "x": 336.0,
                     "y": 322.0
                  }
               ]
            },
            "description": "Californa",
            "score": 0.45,
            "line": 2,
            "tag": "vendor-addr"
         },
         {
            "boundingPoly": {
               "vertices": [
                  {
                     "x": 480.0,
                     "y": 288.0
                  },
                  {
                     "x": 573.0,
                     "y": 288.0
                  },
                  {
                     "x": 573.0,
                     "y": 321.0
                  },
                  {
                     "x": 480.0,
                     "y": 321.0
                  }
               ]
            },
            "description": "90210",
            "score": 0.87,
            "line": 2,
            "tag": "vendor-addr"
         },
         {
            "boundingPoly": {
               "vertices": [
                  {
                     "x": 637.0,
                     "y": 287.0
                  },
                  {
                     "x": 661.0,
                     "y": 287.0
                  },
                  {
                     "x": 661.0,
                     "y": 322.0
                  },
                  {
                     "x": 637.0,
                     "y": 322.0
                  }
               ]
            },
            "description": "1",
            "score": 0.4,
            "line": 2,
            "tag": ""
         },
         {
            "boundingPoly": {
               "vertices": [
                  {
                     "x": 657.0,
                     "y": 288.0
                  },
                  {
                     "x": 872.0,
                     "y": 288.0
                  },
                  {
                     "x": 872.0,
                     "y": 329.0
                  },
                  {
                     "x": 657.0,
                     "y": 329.0
                  }
               ]
            },
            "description": "-800-555-Ninja",
            "score": 0.42,
            "line": 2,
            "tag": ""
         },
         {
            "boundingPoly": {
               "vertices": [
                  {
                     "x": 1068.0,
                     "y": 288.0
                  },
                  {
                     "x": 1163.0,
                     "y": 288.0
                  },
                  {
                     "x": 1163.0,
                     "y": 321.0
                  },
                  {
                     "x": 1068.0,
                     "y": 321.0
                  }
               ]
            },
            "description": "Unted",
            "score": 0.8,
            "line": 2,
            "tag": "billing-addr"
         },
         {
            "boundingPoly": {
               "vertices": [
                  {
                     "x": 1170.0,
                     "y": 285.0
                  },
                  {
                     "x": 1266.0,
                     "y": 285.0
                  },
                  {
                     "x": 1266.0,
                     "y": 321.0
                  },
                  {
                     "x": 1170.0,
                     "y": 321.0
                  }
               ]
            },
            "description": "States",
            "score": 0.92,
            "line": 2,
            "tag": "billing-addr"
         }
      ],
      [
         {
            "boundingPoly": {
               "vertices": [
                  {
                     "x": 143.0,
                     "y": 344.0
                  },
                  {
                     "x": 235.0,
                     "y": 344.0
                  },
                  {
                     "x": 235.0,
                     "y": 378.0
                  },
                  {
                     "x": 143.0,
                     "y": 378.0
                  }
               ]
            },
            "description": "Unted",
            "score": 0.93,
            "line": 3,
            "tag": "vendor-addr"
         },
         {
            "boundingPoly": {
               "vertices": [
                  {
                     "x": 243.0,
                     "y": 345.0
                  },
                  {
                     "x": 335.0,
                     "y": 345.0
                  },
                  {
                     "x": 335.0,
                     "y": 378.0
                  },
                  {
                     "x": 243.0,
                     "y": 378.0
                  }
               ]
            },
            "description": "States",
            "score": 0.98,
            "line": 3,
            "tag": "vendor-addr"
         },
         {
            "boundingPoly": {
               "vertices": [
                  {
                     "x": 1484.0,
                     "y": 89.0
                  },
                  {
                     "x": 2032.0,
                     "y": 89.0
                  },
                  {
                     "x": 2032.0,
                     "y": 391.0
                  },
                  {
                     "x": 1484.0,
                     "y": 391.0
                  }
               ]
            },
            "description": "CO",
            "score": 0.77,
            "line": 3,
            "tag": ""
         }
      ],
      [
         {
            "boundingPoly": {
               "vertices": [
                  {
                     "x": 141.0,
                     "y": 397.0
                  },
                  {
                     "x": 496.0,
                     "y": 397.0
                  },
                  {
                     "x": 496.0,
                     "y": 434.0
                  },
                  {
                     "x": 141.0,
                     "y": 434.0
                  }
               ]
            },
            "description": "demo@invoiceninja.com",
            "score": 0.47,
            "line": 4,
            "tag": ""
         }
      ],
      [
         {
            "boundingPoly": {
               "vertices": [
                  {
                     "x": 1461.0,
                     "y": 589.0
                  },
                  {
                     "x": 1565.0,
                     "y": 589.0
                  },
                  {
                     "x": 1565.0,
                     "y": 627.0
                  },
                  {
                     "x": 1461.0,
                     "y": 627.0
                  }
               ]
            },
            "description": "Invoice",
            "score": 0.93,
            "line": 5,
            "tag": ""
         },
         {
            "boundingPoly": {
               "vertices": [
                  {
                     "x": 1572.0,
                     "y": 593.0
                  },
                  {
                     "x": 1694.0,
                     "y": 593.0
                  },
                  {
                     "x": 1694.0,
                     "y": 629.0
                  },
                  {
                     "x": 1572.0,
                     "y": 629.0
                  }
               ]
            },
            "description": "Number",
            "score": 0.9,
            "line": 5,
            "tag": ""
         },
         {
            "boundingPoly": {
               "vertices": [
                  {
                     "x": 1747.0,
                     "y": 589.0
                  },
                  {
                     "x": 1821.0,
                     "y": 589.0
                  },
                  {
                     "x": 1821.0,
                     "y": 624.0
                  },
                  {
                     "x": 1747.0,
                     "y": 624.0
                  }
               ]
            },
            "description": "1564",
            "score": 0.99,
            "line": 5,
            "tag": "invoice-no"
         }
      ],
      [
         {
            "boundingPoly": {
               "vertices": [
                  {
                     "x": 148.0,
                     "y": 591.0
                  },
                  {
                     "x": 725.0,
                     "y": 591.0
                  },
                  {
                     "x": 725.0,
                     "y": 727.0
                  },
                  {
                     "x": 148.0,
                     "y": 727.0
                  }
               ]
            },
            "description": "INVOICE",
            "score": 0.96,
            "line": 6,
            "tag": ""
         },
         {
            "boundingPoly": {
               "vertices": [
                  {
                     "x": 748.0,
                     "y": 596.0
                  },
                  {
                     "x": 1163.0,
                     "y": 596.0
                  },
                  {
                     "x": 1163.0,
                     "y": 723.0
                  },
                  {
                     "x": 748.0,
                     "y": 723.0
                  }
               ]
            },
            "description": "#1564",
            "score": 0.96,
            "line": 6,
            "tag": ""
         },
         {
            "boundingPoly": {
               "vertices": [
                  {
                     "x": 1461.0,
                     "y": 643.0
                  },
                  {
                     "x": 1515.0,
                     "y": 643.0
                  },
                  {
                     "x": 1515.0,
                     "y": 676.0
                  },
                  {
                     "x": 1461.0,
                     "y": 676.0
                  }
               ]
            },
            "description": "PO",
            "score": 0.99,
            "line": 6,
            "tag": ""
         },
         {
            "boundingPoly": {
               "vertices": [
                  {
                     "x": 1516.0,
                     "y": 644.0
                  },
                  {
                     "x": 1632.0,
                     "y": 644.0
                  },
                  {
                     "x": 1632.0,
                     "y": 680.0
                  },
                  {
                     "x": 1516.0,
                     "y": 680.0
                  }
               ]
            },
            "description": "Number",
            "score": 0.91,
            "line": 6,
            "tag": ""
         },
         {
            "boundingPoly": {
               "vertices": [
                  {
                     "x": 1749.0,
                     "y": 645.0
                  },
                  {
                     "x": 1832.0,
                     "y": 645.0
                  },
                  {
                     "x": 1832.0,
                     "y": 679.0
                  },
                  {
                     "x": 1749.0,
                     "y": 679.0
                  }
               ]
            },
            "description": "1-259",
            "score": 0.98,
            "line": 6,
            "tag": ""
         }
      ],
      [
         {
            "boundingPoly": {
               "vertices": [
                  {
                     "x": 1462.0,
                     "y": 700.0
                  },
                  {
                     "x": 1565.0,
                     "y": 700.0
                  },
                  {
                     "x": 1565.0,
                     "y": 733.0
                  },
                  {
                     "x": 1462.0,
                     "y": 733.0
                  }
               ]
            },
            "description": "Invoice",
            "score": 0.9,
            "line": 7,
            "tag": ""
         },
         {
            "boundingPoly": {
               "vertices": [
                  {
                     "x": 1573.0,
                     "y": 696.0
                  },
                  {
                     "x": 1643.0,
                     "y": 696.0
                  },
                  {
                     "x": 1643.0,
                     "y": 735.0
                  },
                  {
                     "x": 1573.0,
                     "y": 735.0
                  }
               ]
            },
            "description": "Date",
            "score": 0.99,
            "line": 7,
            "tag": ""
         },
         {
            "boundingPoly": {
               "vertices": [
                  {
                     "x": 1746.0,
                     "y": 698.0
                  },
                  {
                     "x": 1843.0,
                     "y": 698.0
                  },
                  {
                     "x": 1843.0,
                     "y": 742.0
                  },
                  {
                     "x": 1746.0,
                     "y": 742.0
                  }
               ]
            },
            "description": "Aug4,",
            "score": 0.96,
            "line": 7,
            "tag": "date"
         },
         {
            "boundingPoly": {
               "vertices": [
                  {
                     "x": 1846.0,
                     "y": 699.0
                  },
                  {
                     "x": 1921.0,
                     "y": 699.0
                  },
                  {
                     "x": 1921.0,
                     "y": 737.0
                  },
                  {
                     "x": 1846.0,
                     "y": 737.0
                  }
               ]
            },
            "description": "2015",
            "score": 0.99,
            "line": 7,
            "tag": "date"
         }
      ],
      [
         {
            "boundingPoly": {
               "vertices": [
                  {
                     "x": 1461.0,
                     "y": 752.0
                  },
                  {
                     "x": 1526.0,
                     "y": 752.0
                  },
                  {
                     "x": 1526.0,
                     "y": 788.0
                  },
                  {
                     "x": 1461.0,
                     "y": 788.0
                  }
               ]
            },
            "description": "Due",
            "score": 0.98,
            "line": 8,
            "tag": ""
         },
         {
            "boundingPoly": {
               "vertices": [
                  {
                     "x": 1524.0,
                     "y": 752.0
                  },
                  {
                     "x": 1576.0,
                     "y": 752.0
                  },
                  {
                     "x": 1576.0,
                     "y": 788.0
                  },
                  {
                     "x": 1524.0,
                     "y": 788.0
                  }
               ]
            },
            "description": "Dat",
            "score": 0.63,
            "line": 8,
            "tag": ""
         },
         {
            "boundingPoly": {
               "vertices": [
                  {
                     "x": 1574.0,
                     "y": 757.0
                  },
                  {
                     "x": 1600.0,
                     "y": 757.0
                  },
                  {
                     "x": 1600.0,
                     "y": 785.0
                  },
                  {
                     "x": 1574.0,
                     "y": 785.0
                  }
               ]
            },
            "description": "e",
            "score": 0.99,
            "line": 8,
            "tag": ""
         },
         {
            "boundingPoly": {
               "vertices": [
                  {
                     "x": 1744.0,
                     "y": 753.0
                  },
                  {
                     "x": 1811.0,
                     "y": 753.0
                  },
                  {
                     "x": 1811.0,
                     "y": 791.0
                  },
                  {
                     "x": 1744.0,
                     "y": 791.0
                  }
               ]
            },
            "description": "Aug",
            "score": 0.98,
            "line": 8,
            "tag": ""
         },
         {
            "boundingPoly": {
               "vertices": [
                  {
                     "x": 1811.0,
                     "y": 748.0
                  },
                  {
                     "x": 1846.0,
                     "y": 748.0
                  },
                  {
                     "x": 1846.0,
                     "y": 786.0
                  },
                  {
                     "x": 1811.0,
                     "y": 786.0
                  }
               ]
            },
            "description": "31",
            "score": 0.99,
            "line": 8,
            "tag": ""
         },
         {
            "boundingPoly": {
               "vertices": [
                  {
                     "x": 1867.0,
                     "y": 751.0
                  },
                  {
                     "x": 1913.0,
                     "y": 751.0
                  },
                  {
                     "x": 1913.0,
                     "y": 781.0
                  },
                  {
                     "x": 1867.0,
                     "y": 781.0
                  }
               ]
            },
            "description": "20",
            "score": 0.99,
            "line": 8,
            "tag": ""
         },
         {
            "boundingPoly": {
               "vertices": [
                  {
                     "x": 1920.0,
                     "y": 751.0
                  },
                  {
                     "x": 1943.0,
                     "y": 751.0
                  },
                  {
                     "x": 1943.0,
                     "y": 783.0
                  },
                  {
                     "x": 1920.0,
                     "y": 783.0
                  }
               ]
            },
            "description": "5",
            "score": 0.99,
            "line": 8,
            "tag": ""
         }
      ],
      [
         {
            "boundingPoly": {
               "vertices": [
                  {
                     "x": 1462.0,
                     "y": 806.0
                  },
                  {
                     "x": 1579.0,
                     "y": 806.0
                  },
                  {
                     "x": 1579.0,
                     "y": 845.0
                  },
                  {
                     "x": 1462.0,
                     "y": 845.0
                  }
               ]
            },
            "description": "Balance",
            "score": 0.67,
            "line": 9,
            "tag": ""
         },
         {
            "boundingPoly": {
               "vertices": [
                  {
                     "x": 1587.0,
                     "y": 807.0
                  },
                  {
                     "x": 1647.0,
                     "y": 807.0
                  },
                  {
                     "x": 1647.0,
                     "y": 843.0
                  },
                  {
                     "x": 1587.0,
                     "y": 843.0
                  }
               ]
            },
            "description": "Due",
            "score": 0.98,
            "line": 9,
            "tag": ""
         },
         {
            "boundingPoly": {
               "vertices": [
                  {
                     "x": 1747.0,
                     "y": 804.0
                  },
                  {
                     "x": 1861.0,
                     "y": 804.0
                  },
                  {
                     "x": 1861.0,
                     "y": 844.0
                  },
                  {
                     "x": 1747.0,
                     "y": 844.0
                  }
               ]
            },
            "description": "$5.290.",
            "score": 0.52,
            "line": 9,
            "tag": ""
         },
         {
            "boundingPoly": {
               "vertices": [
                  {
                     "x": 1854.0,
                     "y": 806.0
                  },
                  {
                     "x": 1892.0,
                     "y": 806.0
                  },
                  {
                     "x": 1892.0,
                     "y": 843.0
                  },
                  {
                     "x": 1854.0,
                     "y": 843.0
                  }
               ]
            },
            "description": "0",
            "score": 0.53,
            "line": 9,
            "tag": ""
         }
      ],
      [
         {
            "boundingPoly": {
               "vertices": [
                  {
                     "x": 176.0,
                     "y": 921.0
                  },
                  {
                     "x": 273.0,
                     "y": 921.0
                  },
                  {
                     "x": 273.0,
                     "y": 963.0
                  },
                  {
                     "x": 176.0,
                     "y": 963.0
                  }
               ]
            },
            "description": "ITEM",
            "score": 0.94,
            "line": 10,
            "tag": ""
         },
         {
            "boundingPoly": {
               "vertices": [
                  {
                     "x": 576.0,
                     "y": 919.0
                  },
                  {
                     "x": 847.0,
                     "y": 919.0
                  },
                  {
                     "x": 847.0,
                     "y": 964.0
                  },
                  {
                     "x": 576.0,
                     "y": 964.0
                  }
               ]
            },
            "description": "DESCRIPTION",
            "score": 0.94,
            "line": 10,
            "tag": ""
         },
         {
            "boundingPoly": {
               "vertices": [
                  {
                     "x": 1249.0,
                     "y": 922.0
                  },
                  {
                     "x": 1345.0,
                     "y": 922.0
                  },
                  {
                     "x": 1345.0,
                     "y": 963.0
                  },
                  {
                     "x": 1249.0,
                     "y": 963.0
                  }
               ]
            },
            "description": "UNIT",
            "score": 0.95,
            "line": 10,
            "tag": ""
         },
         {
            "boundingPoly": {
               "vertices": [
                  {
                     "x": 1351.0,
                     "y": 920.0
                  },
                  {
                     "x": 1466.0,
                     "y": 920.0
                  },
                  {
                     "x": 1466.0,
                     "y": 964.0
                  },
                  {
                     "x": 1351.0,
                     "y": 964.0
                  }
               ]
            },
            "description": "COST",
            "score": 0.97,
            "line": 10,
            "tag": ""
         },
         {
            "boundingPoly": {
               "vertices": [
                  {
                     "x": 1512.0,
                     "y": 921.0
                  },
                  {
                     "x": 1711.0,
                     "y": 921.0
                  },
                  {
                     "x": 1711.0,
                     "y": 963.0
                  },
                  {
                     "x": 1512.0,
                     "y": 963.0
                  }
               ]
            },
            "description": "QUANTITY",
            "score": 0.95,
            "line": 10,
            "tag": ""
         },
         {
            "boundingPoly": {
               "vertices": [
                  {
                     "x": 1835.0,
                     "y": 920.0
                  },
                  {
                     "x": 1970.0,
                     "y": 920.0
                  },
                  {
                     "x": 1970.0,
                     "y": 965.0
                  },
                  {
                     "x": 1835.0,
                     "y": 965.0
                  }
               ]
            },
            "description": "TOTAL",
            "score": 0.56,
            "line": 10,
            "tag": ""
         }
      ],
      [
         {
            "boundingPoly": {
               "vertices": [
                  {
                     "x": 172.0,
                     "y": 1074.0
                  },
                  {
                     "x": 249.0,
                     "y": 1074.0
                  },
                  {
                     "x": 249.0,
                     "y": 1112.0
                  },
                  {
                     "x": 172.0,
                     "y": 1112.0
                  }
               ]
            },
            "description": "Deck",
            "score": 0.96,
            "line": 11,
            "tag": ""
         },
         {
            "boundingPoly": {
               "vertices": [
                  {
                     "x": 248.0,
                     "y": 1073.0
                  },
                  {
                     "x": 347.0,
                     "y": 1073.0
                  },
                  {
                     "x": 347.0,
                     "y": 1115.0
                  },
                  {
                     "x": 248.0,
                     "y": 1115.0
                  }
               ]
            },
            "description": "Ropair",
            "score": 0.7,
            "line": 11,
            "tag": ""
         },
         {
            "boundingPoly": {
               "vertices": [
                  {
                     "x": 597.0,
                     "y": 1076.0
                  },
                  {
                     "x": 677.0,
                     "y": 1076.0
                  },
                  {
                     "x": 677.0,
                     "y": 1112.0
                  },
                  {
                     "x": 597.0,
                     "y": 1112.0
                  }
               ]
            },
            "description": "hdut",
            "score": 0.05,
            "line": 11,
            "tag": ""
         },
         {
            "boundingPoly": {
               "vertices": [
                  {
                     "x": 675.0,
                     "y": 1079.0
                  },
                  {
                     "x": 746.0,
                     "y": 1079.0
                  },
                  {
                     "x": 746.0,
                     "y": 1110.0
                  },
                  {
                     "x": 675.0,
                     "y": 1110.0
                  }
               ]
            },
            "description": "lanor",
            "score": 0.61,
            "line": 11,
            "tag": ""
         },
         {
            "boundingPoly": {
               "vertices": [
                  {
                     "x": 747.0,
                     "y": 1078.0
                  },
                  {
                     "x": 822.0,
                     "y": 1078.0
                  },
                  {
                     "x": 822.0,
                     "y": 1111.0
                  },
                  {
                     "x": 747.0,
                     "y": 1111.0
                  }
               ]
            },
            "description": "wash",
            "score": 0.48,
            "line": 11,
            "tag": ""
         },
         {
            "boundingPoly": {
               "vertices": [
                  {
                     "x": 821.0,
                     "y": 1074.0
                  },
                  {
                     "x": 880.0,
                     "y": 1074.0
                  },
                  {
                     "x": 880.0,
                     "y": 1111.0
                  },
                  {
                     "x": 821.0,
                     "y": 1111.0
                  }
               ]
            },
            "description": "pirs",
            "score": 0.07,
            "line": 11,
            "tag": ""
         },
         {
            "boundingPoly": {
               "vertices": [
                  {
                     "x": 876.0,
                     "y": 1076.0
                  },
                  {
                     "x": 952.0,
                     "y": 1076.0
                  },
                  {
                     "x": 952.0,
                     "y": 1112.0
                  },
                  {
                     "x": 876.0,
                     "y": 1112.0
                  }
               ]
            },
            "description": "stan",
            "score": 0.26,
            "line": 11,
            "tag": ""
         },
         {
            "boundingPoly": {
               "vertices": [
                  {
                     "x": 1388.0,
                     "y": 1075.0
                  },
                  {
                     "x": 1466.0,
                     "y": 1075.0
                  },
                  {
                     "x": 1466.0,
                     "y": 1110.0
                  },
                  {
                     "x": 1388.0,
                     "y": 1110.0
                  }
               ]
            },
            "description": "8500",
            "score": 0.83,
            "line": 11,
            "tag": ""
         },
         {
            "boundingPoly": {
               "vertices": [
                  {
                     "x": 1874.0,
                     "y": 1076.0
                  },
                  {
                     "x": 1962.0,
                     "y": 1076.0
                  },
                  {
                     "x": 1962.0,
                     "y": 1109.0
                  },
                  {
                     "x": 1874.0,
                     "y": 1109.0
                  }
               ]
            },
            "description": "58500",
            "score": 0.55,
            "line": 11,
            "tag": ""
         }
      ],
      [
         {
            "boundingPoly": {
               "vertices": [
                  {
                     "x": 173.0,
                     "y": 1181.0
                  },
                  {
                     "x": 271.0,
                     "y": 1181.0
                  },
                  {
                     "x": 271.0,
                     "y": 1216.0
                  },
                  {
                     "x": 173.0,
                     "y": 1216.0
                  }
               ]
            },
            "description": "Indoor",
            "score": 0.79,
            "line": 12,
            "tag": ""
         },
         {
            "boundingPoly": {
               "vertices": [
                  {
                     "x": 270.0,
                     "y": 1181.0
                  },
                  {
                     "x": 411.0,
                     "y": 1181.0
                  },
                  {
                     "x": 411.0,
                     "y": 1217.0
                  },
                  {
                     "x": 270.0,
                     "y": 1217.0
                  }
               ]
            },
            "description": "Addrtions",
            "score": 0.57,
            "line": 12,
            "tag": ""
         },
         {
            "boundingPoly": {
               "vertices": [
                  {
                     "x": 573.0,
                     "y": 1180.0
                  },
                  {
                     "x": 677.0,
                     "y": 1180.0
                  },
                  {
                     "x": 677.0,
                     "y": 1218.0
                  },
                  {
                     "x": 573.0,
                     "y": 1218.0
                  }
               ]
            },
            "description": "Iatchon",
            "score": 0.18,
            "line": 12,
            "tag": ""
         },
         {
            "boundingPoly": {
               "vertices": [
                  {
                     "x": 676.0,
                     "y": 1179.0
                  },
                  {
                     "x": 759.0,
                     "y": 1179.0
                  },
                  {
                     "x": 759.0,
                     "y": 1219.0
                  },
                  {
                     "x": 676.0,
                     "y": 1219.0
                  }
               ]
            },
            "description": "aland",
            "score": 0.14,
            "line": 12,
            "tag": ""
         },
         {
            "boundingPoly": {
               "vertices": [
                  {
                     "x": 759.0,
                     "y": 1183.0
                  },
                  {
                     "x": 851.0,
                     "y": 1183.0
                  },
                  {
                     "x": 851.0,
                     "y": 1221.0
                  },
                  {
                     "x": 759.0,
                     "y": 1221.0
                  }
               ]
            },
            "description": "domun",
            "score": 0.6,
            "line": 12,
            "tag": ""
         },
         {
            "boundingPoly": {
               "vertices": [
                  {
                     "x": 848.0,
                     "y": 1184.0
                  },
                  {
                     "x": 905.0,
                     "y": 1184.0
                  },
                  {
                     "x": 905.0,
                     "y": 1220.0
                  },
                  {
                     "x": 848.0,
                     "y": 1220.0
                  }
               ]
            },
            "description": "an",
            "score": 0.35,
            "line": 12,
            "tag": ""
         },
         {
            "boundingPoly": {
               "vertices": [
                  {
                     "x": 902.0,
                     "y": 1180.0
                  },
                  {
                     "x": 1050.0,
                     "y": 1180.0
                  },
                  {
                     "x": 1050.0,
                     "y": 1219.0
                  },
                  {
                     "x": 902.0,
                     "y": 1219.0
                  }
               ]
            },
            "description": "instnlaeon",
            "score": 0.11,
            "line": 12,
            "tag": ""
         },
         {
            "boundingPoly": {
               "vertices": [
                  {
                     "x": 1351.0,
                     "y": 1182.0
                  },
                  {
                     "x": 1466.0,
                     "y": 1182.0
                  },
                  {
                     "x": 1466.0,
                     "y": 1217.0
                  },
                  {
                     "x": 1351.0,
                     "y": 1217.0
                  }
               ]
            },
            "description": "4095.00",
            "score": 0.44,
            "line": 12,
            "tag": ""
         },
         {
            "boundingPoly": {
               "vertices": [
                  {
                     "x": 1874.0,
                     "y": 1183.0
                  },
                  {
                     "x": 1962.0,
                     "y": 1183.0
                  },
                  {
                     "x": 1962.0,
                     "y": 1216.0
                  },
                  {
                     "x": 1874.0,
                     "y": 1216.0
                  }
               ]
            },
            "description": "09500",
            "score": 0.7,
            "line": 12,
            "tag": ""
         }
      ],
      [
         {
            "boundingPoly": {
               "vertices": [
                  {
                     "x": 172.0,
                     "y": 1288.0
                  },
                  {
                     "x": 336.0,
                     "y": 1288.0
                  },
                  {
                     "x": 336.0,
                     "y": 1325.0
                  },
                  {
                     "x": 172.0,
                     "y": 1325.0
                  }
               ]
            },
            "description": "Ihstailanon",
            "score": 0.13,
            "line": 13,
            "tag": ""
         },
         {
            "boundingPoly": {
               "vertices": [
                  {
                     "x": 570.0,
                     "y": 1287.0
                  },
                  {
                     "x": 679.0,
                     "y": 1287.0
                  },
                  {
                     "x": 679.0,
                     "y": 1325.0
                  },
                  {
                     "x": 570.0,
                     "y": 1325.0
                  }
               ]
            },
            "description": "IGtchen",
            "score": 0.49,
            "line": 13,
            "tag": ""
         },
         {
            "boundingPoly": {
               "vertices": [
                  {
                     "x": 676.0,
                     "y": 1291.0
                  },
                  {
                     "x": 781.0,
                     "y": 1291.0
                  },
                  {
                     "x": 781.0,
                     "y": 1323.0
                  },
                  {
                     "x": 676.0,
                     "y": 1323.0
                  }
               ]
            },
            "description": "window",
            "score": 0.33,
            "line": 13,
            "tag": ""
         },
         {
            "boundingPoly": {
               "vertices": [
                  {
                     "x": 779.0,
                     "y": 1290.0
                  },
                  {
                     "x": 876.0,
                     "y": 1290.0
                  },
                  {
                     "x": 876.0,
                     "y": 1326.0
                  },
                  {
                     "x": 779.0,
                     "y": 1326.0
                  }
               ]
            },
            "description": "pilnes",
            "score": 0.01,
            "line": 13,
            "tag": ""
         },
         {
            "boundingPoly": {
               "vertices": [
                  {
                     "x": 879.0,
                     "y": 1288.0
                  },
                  {
                     "x": 1021.0,
                     "y": 1288.0
                  },
                  {
                     "x": 1021.0,
                     "y": 1326.0
                  },
                  {
                     "x": 879.0,
                     "y": 1326.0
                  }
               ]
            },
            "description": "ngtnaton",
            "score": 0.02,
            "line": 13,
            "tag": ""
         },
         {
            "boundingPoly": {
               "vertices": [
                  {
                     "x": 1389.0,
                     "y": 1288.0
                  },
                  {
                     "x": 1465.0,
                     "y": 1288.0
                  },
                  {
                     "x": 1465.0,
                     "y": 1324.0
                  },
                  {
                     "x": 1389.0,
                     "y": 1324.0
                  }
               ]
            },
            "description": "4000",
            "score": 0.99,
            "line": 13,
            "tag": ""
         },
         {
            "boundingPoly": {
               "vertices": [
                  {
                     "x": 1697.0,
                     "y": 1290.0
                  },
                  {
                     "x": 1717.0,
                     "y": 1290.0
                  },
                  {
                     "x": 1717.0,
                     "y": 1322.0
                  },
                  {
                     "x": 1697.0,
                     "y": 1322.0
                  }
               ]
            },
            "description": "8",
            "score": 0.77,
            "line": 13,
            "tag": ""
         },
         {
            "boundingPoly": {
               "vertices": [
                  {
                     "x": 1858.0,
                     "y": 1290.0
                  },
                  {
                     "x": 1962.0,
                     "y": 1290.0
                  },
                  {
                     "x": 1962.0,
                     "y": 1323.0
                  },
                  {
                     "x": 1858.0,
                     "y": 1323.0
                  }
               ]
            },
            "description": "812000",
            "score": 0.95,
            "line": 13,
            "tag": ""
         }
      ],
      [
         {
            "boundingPoly": {
               "vertices": [
                  {
                     "x": 178.0,
                     "y": 1394.0
                  },
                  {
                     "x": 329.0,
                     "y": 1394.0
                  },
                  {
                     "x": 329.0,
                     "y": 1428.0
                  },
                  {
                     "x": 178.0,
                     "y": 1428.0
                  }
               ]
            },
            "description": "Inatmllation",
            "score": 0.15,
            "line": 14,
            "tag": ""
         },
         {
            "boundingPoly": {
               "vertices": [
                  {
                     "x": 573.0,
                     "y": 1397.0
                  },
                  {
                     "x": 656.0,
                     "y": 1397.0
                  },
                  {
                     "x": 656.0,
                     "y": 1435.0
                  },
                  {
                     "x": 573.0,
                     "y": 1435.0
                  }
               ]
            },
            "description": "Liiro",
            "score": 0.07,
            "line": 14,
            "tag": ""
         },
         {
            "boundingPoly": {
               "vertices": [
                  {
                     "x": 655.0,
                     "y": 1398.0
                  },
                  {
                     "x": 730.0,
                     "y": 1398.0
                  },
                  {
                     "x": 730.0,
                     "y": 1431.0
                  },
                  {
                     "x": 655.0,
                     "y": 1431.0
                  }
               ]
            },
            "description": "Icon",
            "score": 0.12,
            "line": 14,
            "tag": ""
         },
         {
            "boundingPoly": {
               "vertices": [
                  {
                     "x": 729.0,
                     "y": 1396.0
                  },
                  {
                     "x": 833.0,
                     "y": 1396.0
                  },
                  {
                     "x": 833.0,
                     "y": 1434.0
                  },
                  {
                     "x": 729.0,
                     "y": 1434.0
                  }
               ]
            },
            "description": "Nnoe",
            "score": 0.05,
            "line": 14,
            "tag": ""
         },
         {
            "boundingPoly": {
               "vertices": [
                  {
                     "x": 832.0,
                     "y": 1398.0
                  },
                  {
                     "x": 894.0,
                     "y": 1398.0
                  },
                  {
                     "x": 894.0,
                     "y": 1432.0
                  },
                  {
                     "x": 832.0,
                     "y": 1432.0
                  }
               ]
            },
            "description": "seat",
            "score": 0.53,
            "line": 14,
            "tag": ""
         },
         {
            "boundingPoly": {
               "vertices": [
                  {
                     "x": 892.0,
                     "y": 1396.0
                  },
                  {
                     "x": 967.0,
                     "y": 1396.0
                  },
                  {
                     "x": 967.0,
                     "y": 1432.0
                  },
                  {
                     "x": 892.0,
                     "y": 1432.0
                  }
               ]
            },
            "description": "stxr",
            "score": 0.02,
            "line": 14,
            "tag": ""
         },
         {
            "boundingPoly": {
               "vertices": [
                  {
                     "x": 966.0,
                     "y": 1397.0
                  },
                  {
                     "x": 1037.0,
                     "y": 1397.0
                  },
                  {
                     "x": 1037.0,
                     "y": 1431.0
                  },
                  {
                     "x": 966.0,
                     "y": 1431.0
                  }
               ]
            },
            "description": "abioe",
            "score": 0.07,
            "line": 14,
            "tag": ""
         },
         {
            "boundingPoly": {
               "vertices": [
                  {
                     "x": 1373.0,
                     "y": 1396.0
                  },
                  {
                     "x": 1466.0,
                     "y": 1396.0
                  },
                  {
                     "x": 1466.0,
                     "y": 1430.0
                  },
                  {
                     "x": 1373.0,
                     "y": 1430.0
                  }
               ]
            },
            "description": "55000",
            "score": 0.42,
            "line": 14,
            "tag": ""
         },
         {
            "boundingPoly": {
               "vertices": [
                  {
                     "x": 1694.0,
                     "y": 1397.0
                  },
                  {
                     "x": 1719.0,
                     "y": 1397.0
                  },
                  {
                     "x": 1719.0,
                     "y": 1429.0
                  },
                  {
                     "x": 1694.0,
                     "y": 1429.0
                  }
               ]
            },
            "description": "2",
            "score": 0.99,
            "line": 14,
            "tag": ""
         },
         {
            "boundingPoly": {
               "vertices": [
                  {
                     "x": 1857.0,
                     "y": 1394.0
                  },
                  {
                     "x": 1963.0,
                     "y": 1394.0
                  },
                  {
                     "x": 1963.0,
                     "y": 1427.0
                  },
                  {
                     "x": 1857.0,
                     "y": 1427.0
                  }
               ]
            },
            "description": "070000",
            "score": 0.76,
            "line": 14,
            "tag": ""
         }
      ],
      [
         {
            "boundingPoly": {
               "vertices": [
                  {
                     "x": 179.0,
                     "y": 1500.0
                  },
                  {
                     "x": 328.0,
                     "y": 1500.0
                  },
                  {
                     "x": 328.0,
                     "y": 1534.0
                  },
                  {
                     "x": 179.0,
                     "y": 1534.0
                  }
               ]
            },
            "description": "Instmlatlon",
            "score": 0.07,
            "line": 15,
            "tag": ""
         },
         {
            "boundingPoly": {
               "vertices": [
                  {
                     "x": 571.0,
                     "y": 1502.0
                  },
                  {
                     "x": 668.0,
                     "y": 1502.0
                  },
                  {
                     "x": 668.0,
                     "y": 1537.0
                  },
                  {
                     "x": 571.0,
                     "y": 1537.0
                  }
               ]
            },
            "description": "Mante",
            "score": 0.04,
            "line": 15,
            "tag": ""
         },
         {
            "boundingPoly": {
               "vertices": [
                  {
                     "x": 666.0,
                     "y": 1503.0
                  },
                  {
                     "x": 730.0,
                     "y": 1503.0
                  },
                  {
                     "x": 730.0,
                     "y": 1539.0
                  },
                  {
                     "x": 666.0,
                     "y": 1539.0
                  }
               ]
            },
            "description": "bed",
            "score": 0.87,
            "line": 15,
            "tag": ""
         },
         {
            "boundingPoly": {
               "vertices": [
                  {
                     "x": 722.0,
                     "y": 1506.0
                  },
                  {
                     "x": 789.0,
                     "y": 1506.0
                  },
                  {
                     "x": 789.0,
                     "y": 1541.0
                  },
                  {
                     "x": 722.0,
                     "y": 1541.0
                  }
               ]
            },
            "description": "pom",
            "score": 0.93,
            "line": 15,
            "tag": ""
         },
         {
            "boundingPoly": {
               "vertices": [
                  {
                     "x": 788.0,
                     "y": 1504.0
                  },
                  {
                     "x": 869.0,
                     "y": 1504.0
                  },
                  {
                     "x": 869.0,
                     "y": 1540.0
                  },
                  {
                     "x": 788.0,
                     "y": 1540.0
                  }
               ]
            },
            "description": "poren",
            "score": 0.33,
            "line": 15,
            "tag": ""
         },
         {
            "boundingPoly": {
               "vertices": [
                  {
                     "x": 865.0,
                     "y": 1503.0
                  },
                  {
                     "x": 934.0,
                     "y": 1503.0
                  },
                  {
                     "x": 934.0,
                     "y": 1536.0
                  },
                  {
                     "x": 865.0,
                     "y": 1536.0
                  }
               ]
            },
            "description": "deox",
            "score": 0.49,
            "line": 15,
            "tag": ""
         },
         {
            "boundingPoly": {
               "vertices": [
                  {
                     "x": 936.0,
                     "y": 1501.0
                  },
                  {
                     "x": 1039.0,
                     "y": 1501.0
                  },
                  {
                     "x": 1039.0,
                     "y": 1542.0
                  },
                  {
                     "x": 936.0,
                     "y": 1542.0
                  }
               ]
            },
            "description": "tocmo",
            "score": 0.08,
            "line": 15,
            "tag": ""
         },
         {
            "boundingPoly": {
               "vertices": [
                  {
                     "x": 1373.0,
                     "y": 1504.0
                  },
                  {
                     "x": 1466.0,
                     "y": 1504.0
                  },
                  {
                     "x": 1466.0,
                     "y": 1536.0
                  },
                  {
                     "x": 1373.0,
                     "y": 1536.0
                  }
               ]
            },
            "description": "28000",
            "score": 0.48,
            "line": 15,
            "tag": ""
         },
         {
            "boundingPoly": {
               "vertices": [
                  {
                     "x": 1857.0,
                     "y": 1504.0
                  },
                  {
                     "x": 1922.0,
                     "y": 1504.0
                  },
                  {
                     "x": 1922.0,
                     "y": 1530.0
                  },
                  {
                     "x": 1857.0,
                     "y": 1530.0
                  }
               ]
            },
            "description": "8280",
            "score": 0.76,
            "line": 15,
            "tag": ""
         },
         {
            "boundingPoly": {
               "vertices": [
                  {
                     "x": 1927.0,
                     "y": 1503.0
                  },
                  {
                     "x": 1968.0,
                     "y": 1503.0
                  },
                  {
                     "x": 1968.0,
                     "y": 1537.0
                  },
                  {
                     "x": 1927.0,
                     "y": 1537.0
                  }
               ]
            },
            "description": "00",
            "score": 0.99,
            "line": 15,
            "tag": ""
         }
      ],
      [
         {
            "boundingPoly": {
               "vertices": [
                  {
                     "x": 169.0,
                     "y": 1631.0
                  },
                  {
                     "x": 261.0,
                     "y": 1631.0
                  },
                  {
                     "x": 261.0,
                     "y": 1669.0
                  },
                  {
                     "x": 169.0,
                     "y": 1669.0
                  }
               ]
            },
            "description": "IThri",
            "score": 0.01,
            "line": 16,
            "tag": ""
         },
         {
            "boundingPoly": {
               "vertices": [
                  {
                     "x": 257.0,
                     "y": 1636.0
                  },
                  {
                     "x": 314.0,
                     "y": 1636.0
                  },
                  {
                     "x": 314.0,
                     "y": 1669.0
                  },
                  {
                     "x": 257.0,
                     "y": 1669.0
                  }
               ]
            },
            "description": "you",
            "score": 0.41,
            "line": 16,
            "tag": ""
         },
         {
            "boundingPoly": {
               "vertices": [
                  {
                     "x": 315.0,
                     "y": 1629.0
                  },
                  {
                     "x": 355.0,
                     "y": 1629.0
                  },
                  {
                     "x": 355.0,
                     "y": 1666.0
                  },
                  {
                     "x": 315.0,
                     "y": 1666.0
                  }
               ]
            },
            "description": "tor",
            "score": 0.55,
            "line": 16,
            "tag": ""
         },
         {
            "boundingPoly": {
               "vertices": [
                  {
                     "x": 354.0,
                     "y": 1633.0
                  },
                  {
                     "x": 479.0,
                     "y": 1633.0
                  },
                  {
                     "x": 479.0,
                     "y": 1670.0
                  },
                  {
                     "x": 354.0,
                     "y": 1670.0
                  }
               ]
            },
            "description": "choospg",
            "score": 0.3,
            "line": 16,
            "tag": ""
         },
         {
            "boundingPoly": {
               "vertices": [
                  {
                     "x": 478.0,
                     "y": 1630.0
                  },
                  {
                     "x": 548.0,
                     "y": 1630.0
                  },
                  {
                     "x": 548.0,
                     "y": 1670.0
                  },
                  {
                     "x": 478.0,
                     "y": 1670.0
                  }
               ]
            },
            "description": "Ben",
            "score": 0.18,
            "line": 16,
            "tag": ""
         },
         {
            "boundingPoly": {
               "vertices": [
                  {
                     "x": 547.0,
                     "y": 1631.0
                  },
                  {
                     "x": 667.0,
                     "y": 1631.0
                  },
                  {
                     "x": 667.0,
                     "y": 1668.0
                  },
                  {
                     "x": 547.0,
                     "y": 1668.0
                  }
               ]
            },
            "description": "Buatdert.",
            "score": 0.16,
            "line": 16,
            "tag": ""
         },
         {
            "boundingPoly": {
               "vertices": [
                  {
                     "x": 1534.0,
                     "y": 1631.0
                  },
                  {
                     "x": 1647.0,
                     "y": 1631.0
                  },
                  {
                     "x": 1647.0,
                     "y": 1665.0
                  },
                  {
                     "x": 1534.0,
                     "y": 1665.0
                  }
               ]
            },
            "description": "Subiotal",
            "score": 0.64,
            "line": 16,
            "tag": ""
         },
         {
            "boundingPoly": {
               "vertices": [
                  {
                     "x": 1835.0,
                     "y": 1629.0
                  },
                  {
                     "x": 1921.0,
                     "y": 1629.0
                  },
                  {
                     "x": 1921.0,
                     "y": 1666.0
                  },
                  {
                     "x": 1835.0,
                     "y": 1666.0
                  }
               ]
            },
            "description": "$5280",
            "score": 0.94,
            "line": 16,
            "tag": ""
         },
         {
            "boundingPoly": {
               "vertices": [
                  {
                     "x": 1927.0,
                     "y": 1629.0
                  },
                  {
                     "x": 1968.0,
                     "y": 1629.0
                  },
                  {
                     "x": 1968.0,
                     "y": 1663.0
                  },
                  {
                     "x": 1927.0,
                     "y": 1663.0
                  }
               ]
            },
            "description": "00",
            "score": 0.98,
            "line": 16,
            "tag": ""
         }
      ],
      [
         {
            "boundingPoly": {
               "vertices": [
                  {
                     "x": 1482.0,
                     "y": 1684.0
                  },
                  {
                     "x": 1506.0,
                     "y": 1684.0
                  },
                  {
                     "x": 1506.0,
                     "y": 1714.0
                  },
                  {
                     "x": 1482.0,
                     "y": 1714.0
                  }
               ]
            },
            "description": "F",
            "score": 0.57,
            "line": 17,
            "tag": ""
         },
         {
            "boundingPoly": {
               "vertices": [
                  {
                     "x": 1505.0,
                     "y": 1685.0
                  },
                  {
                     "x": 1547.0,
                     "y": 1685.0
                  },
                  {
                     "x": 1547.0,
                     "y": 1717.0
                  },
                  {
                     "x": 1505.0,
                     "y": 1717.0
                  }
               ]
            },
            "description": "Aid",
            "score": 0.71,
            "line": 17,
            "tag": ""
         },
         {
            "boundingPoly": {
               "vertices": [
                  {
                     "x": 1545.0,
                     "y": 1686.0
                  },
                  {
                     "x": 1581.0,
                     "y": 1686.0
                  },
                  {
                     "x": 1581.0,
                     "y": 1719.0
                  },
                  {
                     "x": 1545.0,
                     "y": 1719.0
                  }
               ]
            },
            "description": "to",
            "score": 0.99,
            "line": 17,
            "tag": ""
         },
         {
            "boundingPoly": {
               "vertices": [
                  {
                     "x": 1578.0,
                     "y": 1685.0
                  },
                  {
                     "x": 1648.0,
                     "y": 1685.0
                  },
                  {
                     "x": 1648.0,
                     "y": 1717.0
                  },
                  {
                     "x": 1578.0,
                     "y": 1717.0
                  }
               ]
            },
            "description": "nale",
            "score": 0.17,
            "line": 17,
            "tag": ""
         },
         {
            "boundingPoly": {
               "vertices": [
                  {
                     "x": 1889.0,
                     "y": 1682.0
                  },
                  {
                     "x": 1963.0,
                     "y": 1682.0
                  },
                  {
                     "x": 1963.0,
                     "y": 1719.0
                  },
                  {
                     "x": 1889.0,
                     "y": 1719.0
                  }
               ]
            },
            "description": "8000",
            "score": 0.45,
            "line": 17,
            "tag": ""
         }
      ],
      [
         {
            "boundingPoly": {
               "vertices": [
                  {
                     "x": 177.0,
                     "y": 1715.0
                  },
                  {
                     "x": 240.0,
                     "y": 1715.0
                  },
                  {
                     "x": 240.0,
                     "y": 1748.0
                  },
                  {
                     "x": 177.0,
                     "y": 1748.0
                  }
               ]
            },
            "description": "Ten",
            "score": 0.91,
            "line": 18,
            "tag": ""
         }
      ],
      [
         {
            "boundingPoly": {
               "vertices": [
                  {
                     "x": 179.0,
                     "y": 1773.0
                  },
                  {
                     "x": 234.0,
                     "y": 1773.0
                  },
                  {
                     "x": 234.0,
                     "y": 1806.0
                  },
                  {
                     "x": 179.0,
                     "y": 1806.0
                  }
               ]
            },
            "description": "N2I",
            "score": 0.6,
            "line": 19,
            "tag": ""
         }
      ],
      [
         {
            "boundingPoly": {
               "vertices": [
                  {
                     "x": 1432.0,
                     "y": 1945.0
                  },
                  {
                     "x": 1570.0,
                     "y": 1945.0
                  },
                  {
                     "x": 1570.0,
                     "y": 1989.0
                  },
                  {
                     "x": 1432.0,
                     "y": 1989.0
                  }
               ]
            },
            "description": "Balunice",
            "score": 0.17,
            "line": 20,
            "tag": ""
         },
         {
            "boundingPoly": {
               "vertices": [
                  {
                     "x": 1571.0,
                     "y": 1946.0
                  },
                  {
                     "x": 1648.0,
                     "y": 1946.0
                  },
                  {
                     "x": 1648.0,
                     "y": 1990.0
                  },
                  {
                     "x": 1571.0,
                     "y": 1990.0
                  }
               ]
            },
            "description": "Doe",
            "score": 0.72,
            "line": 20,
            "tag": ""
         },
         {
            "boundingPoly": {
               "vertices": [
                  {
                     "x": 1802.0,
                     "y": 1945.0
                  },
                  {
                     "x": 1964.0,
                     "y": 1945.0
                  },
                  {
                     "x": 1964.0,
                     "y": 1989.0
                  },
                  {
                     "x": 1802.0,
                     "y": 1989.0
                  }
               ]
            },
            "description": "$5,280.00",
            "score": 0.86,
            "line": 20,
            "tag": "total"
         }
      ]
   ],
   "manual_edit": {
      "fields": [],
      "items": {}
   },
   "subset": "TRAIN"
}