{
   "fields": {
      "invoice-no": "100001",
      "date": "2016-02-15",
      "name": "Company Name",
      "vendor-addr": "123 Main Street Hamilton, OH 44416 (321) 456-7890 Email Address",
      "billing-name": "ATTN: Name \/ Dept Company Name",
      "billing-addr": "123 Main Street Hamiton, OH 44416 (321) 456-7890 Email Address",
      "total": "680.00",
      "items": [],
      "language": "en"
   },
   "fname": "pilotbatch9_Invoice 05.pdf_1.jpg",
   "lines": [
      "Vour Logo BILLING",
      "INVOICE",
      "Company Name INVOICE NO. DATE",
      "123 Main Street 100001 02\/15\/16",
      "Hamilton, OH 44416 CUSTOMER ID TERMS",
      "(321) 456-7890 A246 Net 30 Days",
      "Email Address",
      "BILL TO: SHIP TO:",
      "ATTN: Name \/ Dept ATTN: Name \/ Dept",
      "Company Name Company Name",
      "123 Main Street 123 Main Street",
      "Hamiton, OH 44416 Hamilton, OH 44416",
      "(321) 456-7890 (321) 456-7890",
      "Email Address",
      "DESCRIPTION QTY UNIT PRICE AMOUNT",
      "Consultation 1 150.00 150.00",
      "Design - 7 hours @ $80 per hour 7 80.00 560.00",
      "Discount 1 -30.00 -30.00",
      "0.00",
      "0.00",
      "0.00",
      "0.00",
      "0.00",
      "0.00",
      "0.00",
      "0.00",
      "0.00",
      "0.00",
      "0.00",
      "0.00",
      "0.00",
      "0.00",
      "0.00",
      "SUBTOTAL 680.00",
      "THANK YOU TAX (3.8%) 25.84",
      "TOTAL $ 705.84"
   ],
   "line_tags": [
      "",
      "",
      "name",
      "vendor-addr",
      "vendor-addr",
      "vendor-addr",
      "vendor-addr",
      "",
      "billing-name",
      "billing-name",
      "billing-addr",
      "billing-addr",
      "billing-addr",
      "billing-addr",
      "",
      "",
      "",
      "",
      "",
      "",
      "",
      "",
      "",
      "",
      "",
      "",
      "",
      "",
      "",
      "",
      "",
      "",
      "",
      "total",
      "",
      ""
   ],
   "words": [
      [
         {
            "boundingPoly": {
               "vertices": [
                  {
                     "x": 51.0,
                     "y": 31.0
                  },
                  {
                     "x": 237.0,
                     "y": 31.0
                  },
                  {
                     "x": 237.0,
                     "y": 121.0
                  },
                  {
                     "x": 51.0,
                     "y": 121.0
                  }
               ]
            },
            "description": "Vour",
            "score": 0.61,
            "line": 0,
            "tag": ""
         },
         {
            "boundingPoly": {
               "vertices": [
                  {
                     "x": 242.0,
                     "y": 32.0
                  },
                  {
                     "x": 444.0,
                     "y": 32.0
                  },
                  {
                     "x": 444.0,
                     "y": 136.0
                  },
                  {
                     "x": 242.0,
                     "y": 136.0
                  }
               ]
            },
            "description": "Logo",
            "score": 0.82,
            "line": 0,
            "tag": ""
         },
         {
            "boundingPoly": {
               "vertices": [
                  {
                     "x": 1410.0,
                     "y": 39.0
                  },
                  {
                     "x": 1689.0,
                     "y": 39.0
                  },
                  {
                     "x": 1689.0,
                     "y": 101.0
                  },
                  {
                     "x": 1410.0,
                     "y": 101.0
                  }
               ]
            },
            "description": "BILLING",
            "score": 0.77,
            "line": 0,
            "tag": ""
         }
      ],
      [
         {
            "boundingPoly": {
               "vertices": [
                  {
                     "x": 1396.0,
                     "y": 119.0
                  },
                  {
                     "x": 1686.0,
                     "y": 119.0
                  },
                  {
                     "x": 1686.0,
                     "y": 183.0
                  },
                  {
                     "x": 1396.0,
                     "y": 183.0
                  }
               ]
            },
            "description": "INVOICE",
            "score": 0.6,
            "line": 1,
            "tag": ""
         }
      ],
      [
         {
            "boundingPoly": {
               "vertices": [
                  {
                     "x": 43.0,
                     "y": 240.0
                  },
                  {
                     "x": 196.0,
                     "y": 240.0
                  },
                  {
                     "x": 196.0,
                     "y": 282.0
                  },
                  {
                     "x": 43.0,
                     "y": 282.0
                  }
               ]
            },
            "description": "Company",
            "score": 0.79,
            "line": 2,
            "tag": "name"
         },
         {
            "boundingPoly": {
               "vertices": [
                  {
                     "x": 198.0,
                     "y": 240.0
                  },
                  {
                     "x": 299.0,
                     "y": 240.0
                  },
                  {
                     "x": 299.0,
                     "y": 275.0
                  },
                  {
                     "x": 198.0,
                     "y": 275.0
                  }
               ]
            },
            "description": "Name",
            "score": 0.99,
            "line": 2,
            "tag": "name"
         },
         {
            "boundingPoly": {
               "vertices": [
                  {
                     "x": 1101.0,
                     "y": 230.0
                  },
                  {
                     "x": 1252.0,
                     "y": 230.0
                  },
                  {
                     "x": 1252.0,
                     "y": 269.0
                  },
                  {
                     "x": 1101.0,
                     "y": 269.0
                  }
               ]
            },
            "description": "INVOICE",
            "score": 0.76,
            "line": 2,
            "tag": ""
         },
         {
            "boundingPoly": {
               "vertices": [
                  {
                     "x": 1253.0,
                     "y": 231.0
                  },
                  {
                     "x": 1322.0,
                     "y": 231.0
                  },
                  {
                     "x": 1322.0,
                     "y": 270.0
                  },
                  {
                     "x": 1253.0,
                     "y": 270.0
                  }
               ]
            },
            "description": "NO.",
            "score": 0.99,
            "line": 2,
            "tag": ""
         },
         {
            "boundingPoly": {
               "vertices": [
                  {
                     "x": 1519.0,
                     "y": 232.0
                  },
                  {
                     "x": 1620.0,
                     "y": 232.0
                  },
                  {
                     "x": 1620.0,
                     "y": 270.0
                  },
                  {
                     "x": 1519.0,
                     "y": 270.0
                  }
               ]
            },
            "description": "DATE",
            "score": 0.99,
            "line": 2,
            "tag": ""
         }
      ],
      [
         {
            "boundingPoly": {
               "vertices": [
                  {
                     "x": 45.0,
                     "y": 296.0
                  },
                  {
                     "x": 106.0,
                     "y": 296.0
                  },
                  {
                     "x": 106.0,
                     "y": 330.0
                  },
                  {
                     "x": 45.0,
                     "y": 330.0
                  }
               ]
            },
            "description": "123",
            "score": 0.99,
            "line": 3,
            "tag": "vendor-addr"
         },
         {
            "boundingPoly": {
               "vertices": [
                  {
                     "x": 109.0,
                     "y": 296.0
                  },
                  {
                     "x": 191.0,
                     "y": 296.0
                  },
                  {
                     "x": 191.0,
                     "y": 332.0
                  },
                  {
                     "x": 109.0,
                     "y": 332.0
                  }
               ]
            },
            "description": "Main",
            "score": 0.99,
            "line": 3,
            "tag": "vendor-addr"
         },
         {
            "boundingPoly": {
               "vertices": [
                  {
                     "x": 194.0,
                     "y": 294.0
                  },
                  {
                     "x": 297.0,
                     "y": 294.0
                  },
                  {
                     "x": 297.0,
                     "y": 332.0
                  },
                  {
                     "x": 194.0,
                     "y": 332.0
                  }
               ]
            },
            "description": "Street",
            "score": 0.99,
            "line": 3,
            "tag": "vendor-addr"
         },
         {
            "boundingPoly": {
               "vertices": [
                  {
                     "x": 1158.0,
                     "y": 297.0
                  },
                  {
                     "x": 1268.0,
                     "y": 297.0
                  },
                  {
                     "x": 1268.0,
                     "y": 333.0
                  },
                  {
                     "x": 1158.0,
                     "y": 333.0
                  }
               ]
            },
            "description": "100001",
            "score": 0.78,
            "line": 3,
            "tag": "invoice-no"
         },
         {
            "boundingPoly": {
               "vertices": [
                  {
                     "x": 1504.0,
                     "y": 296.0
                  },
                  {
                     "x": 1636.0,
                     "y": 296.0
                  },
                  {
                     "x": 1636.0,
                     "y": 332.0
                  },
                  {
                     "x": 1504.0,
                     "y": 332.0
                  }
               ]
            },
            "description": "02\/15\/16",
            "score": 0.79,
            "line": 3,
            "tag": "date"
         }
      ],
      [
         {
            "boundingPoly": {
               "vertices": [
                  {
                     "x": 43.0,
                     "y": 350.0
                  },
                  {
                     "x": 193.0,
                     "y": 350.0
                  },
                  {
                     "x": 193.0,
                     "y": 395.0
                  },
                  {
                     "x": 43.0,
                     "y": 395.0
                  }
               ]
            },
            "description": "Hamilton,",
            "score": 0.66,
            "line": 4,
            "tag": "vendor-addr"
         },
         {
            "boundingPoly": {
               "vertices": [
                  {
                     "x": 196.0,
                     "y": 351.0
                  },
                  {
                     "x": 255.0,
                     "y": 351.0
                  },
                  {
                     "x": 255.0,
                     "y": 388.0
                  },
                  {
                     "x": 196.0,
                     "y": 388.0
                  }
               ]
            },
            "description": "OH",
            "score": 0.99,
            "line": 4,
            "tag": "vendor-addr"
         },
         {
            "boundingPoly": {
               "vertices": [
                  {
                     "x": 267.0,
                     "y": 351.0
                  },
                  {
                     "x": 372.0,
                     "y": 351.0
                  },
                  {
                     "x": 372.0,
                     "y": 390.0
                  },
                  {
                     "x": 267.0,
                     "y": 390.0
                  }
               ]
            },
            "description": "44416",
            "score": 0.99,
            "line": 4,
            "tag": "vendor-addr"
         },
         {
            "boundingPoly": {
               "vertices": [
                  {
                     "x": 1087.0,
                     "y": 343.0
                  },
                  {
                     "x": 1295.0,
                     "y": 343.0
                  },
                  {
                     "x": 1295.0,
                     "y": 382.0
                  },
                  {
                     "x": 1087.0,
                     "y": 382.0
                  }
               ]
            },
            "description": "CUSTOMER",
            "score": 0.98,
            "line": 4,
            "tag": ""
         },
         {
            "boundingPoly": {
               "vertices": [
                  {
                     "x": 1296.0,
                     "y": 344.0
                  },
                  {
                     "x": 1338.0,
                     "y": 344.0
                  },
                  {
                     "x": 1338.0,
                     "y": 383.0
                  },
                  {
                     "x": 1296.0,
                     "y": 383.0
                  }
               ]
            },
            "description": "ID",
            "score": 0.99,
            "line": 4,
            "tag": ""
         },
         {
            "boundingPoly": {
               "vertices": [
                  {
                     "x": 1504.0,
                     "y": 344.0
                  },
                  {
                     "x": 1634.0,
                     "y": 344.0
                  },
                  {
                     "x": 1634.0,
                     "y": 381.0
                  },
                  {
                     "x": 1504.0,
                     "y": 381.0
                  }
               ]
            },
            "description": "TERMS",
            "score": 0.75,
            "line": 4,
            "tag": ""
         }
      ],
      [
         {
            "boundingPoly": {
               "vertices": [
                  {
                     "x": 42.0,
                     "y": 406.0
                  },
                  {
                     "x": 130.0,
                     "y": 406.0
                  },
                  {
                     "x": 130.0,
                     "y": 450.0
                  },
                  {
                     "x": 42.0,
                     "y": 450.0
                  }
               ]
            },
            "description": "(321)",
            "score": 0.92,
            "line": 5,
            "tag": "vendor-addr"
         },
         {
            "boundingPoly": {
               "vertices": [
                  {
                     "x": 130.0,
                     "y": 408.0
                  },
                  {
                     "x": 285.0,
                     "y": 408.0
                  },
                  {
                     "x": 285.0,
                     "y": 444.0
                  },
                  {
                     "x": 130.0,
                     "y": 444.0
                  }
               ]
            },
            "description": "456-7890",
            "score": 0.79,
            "line": 5,
            "tag": "vendor-addr"
         },
         {
            "boundingPoly": {
               "vertices": [
                  {
                     "x": 1171.0,
                     "y": 409.0
                  },
                  {
                     "x": 1254.0,
                     "y": 409.0
                  },
                  {
                     "x": 1254.0,
                     "y": 443.0
                  },
                  {
                     "x": 1171.0,
                     "y": 443.0
                  }
               ]
            },
            "description": "A246",
            "score": 0.99,
            "line": 5,
            "tag": ""
         },
         {
            "boundingPoly": {
               "vertices": [
                  {
                     "x": 1481.0,
                     "y": 409.0
                  },
                  {
                     "x": 1536.0,
                     "y": 409.0
                  },
                  {
                     "x": 1536.0,
                     "y": 444.0
                  },
                  {
                     "x": 1481.0,
                     "y": 444.0
                  }
               ]
            },
            "description": "Net",
            "score": 0.97,
            "line": 5,
            "tag": ""
         },
         {
            "boundingPoly": {
               "vertices": [
                  {
                     "x": 1537.0,
                     "y": 411.0
                  },
                  {
                     "x": 1579.0,
                     "y": 411.0
                  },
                  {
                     "x": 1579.0,
                     "y": 444.0
                  },
                  {
                     "x": 1537.0,
                     "y": 444.0
                  }
               ]
            },
            "description": "30",
            "score": 0.99,
            "line": 5,
            "tag": ""
         },
         {
            "boundingPoly": {
               "vertices": [
                  {
                     "x": 1581.0,
                     "y": 411.0
                  },
                  {
                     "x": 1661.0,
                     "y": 411.0
                  },
                  {
                     "x": 1661.0,
                     "y": 450.0
                  },
                  {
                     "x": 1581.0,
                     "y": 450.0
                  }
               ]
            },
            "description": "Days",
            "score": 0.99,
            "line": 5,
            "tag": ""
         }
      ],
      [
         {
            "boundingPoly": {
               "vertices": [
                  {
                     "x": 43.0,
                     "y": 463.0
                  },
                  {
                     "x": 135.0,
                     "y": 463.0
                  },
                  {
                     "x": 135.0,
                     "y": 501.0
                  },
                  {
                     "x": 43.0,
                     "y": 501.0
                  }
               ]
            },
            "description": "Email",
            "score": 0.98,
            "line": 6,
            "tag": "vendor-addr"
         },
         {
            "boundingPoly": {
               "vertices": [
                  {
                     "x": 134.0,
                     "y": 465.0
                  },
                  {
                     "x": 271.0,
                     "y": 465.0
                  },
                  {
                     "x": 271.0,
                     "y": 501.0
                  },
                  {
                     "x": 134.0,
                     "y": 501.0
                  }
               ]
            },
            "description": "Address",
            "score": 0.8,
            "line": 6,
            "tag": "vendor-addr"
         }
      ],
      [
         {
            "boundingPoly": {
               "vertices": [
                  {
                     "x": 43.0,
                     "y": 543.0
                  },
                  {
                     "x": 126.0,
                     "y": 543.0
                  },
                  {
                     "x": 126.0,
                     "y": 577.0
                  },
                  {
                     "x": 43.0,
                     "y": 577.0
                  }
               ]
            },
            "description": "BILL",
            "score": 0.99,
            "line": 7,
            "tag": ""
         },
         {
            "boundingPoly": {
               "vertices": [
                  {
                     "x": 125.0,
                     "y": 542.0
                  },
                  {
                     "x": 193.0,
                     "y": 542.0
                  },
                  {
                     "x": 193.0,
                     "y": 578.0
                  },
                  {
                     "x": 125.0,
                     "y": 578.0
                  }
               ]
            },
            "description": "TO:",
            "score": 0.99,
            "line": 7,
            "tag": ""
         },
         {
            "boundingPoly": {
               "vertices": [
                  {
                     "x": 1028.0,
                     "y": 541.0
                  },
                  {
                     "x": 1118.0,
                     "y": 541.0
                  },
                  {
                     "x": 1118.0,
                     "y": 578.0
                  },
                  {
                     "x": 1028.0,
                     "y": 578.0
                  }
               ]
            },
            "description": "SHIP",
            "score": 0.99,
            "line": 7,
            "tag": ""
         },
         {
            "boundingPoly": {
               "vertices": [
                  {
                     "x": 1117.0,
                     "y": 541.0
                  },
                  {
                     "x": 1186.0,
                     "y": 541.0
                  },
                  {
                     "x": 1186.0,
                     "y": 579.0
                  },
                  {
                     "x": 1117.0,
                     "y": 579.0
                  }
               ]
            },
            "description": "TO:",
            "score": 0.99,
            "line": 7,
            "tag": ""
         }
      ],
      [
         {
            "boundingPoly": {
               "vertices": [
                  {
                     "x": 40.0,
                     "y": 595.0
                  },
                  {
                     "x": 136.0,
                     "y": 595.0
                  },
                  {
                     "x": 136.0,
                     "y": 628.0
                  },
                  {
                     "x": 40.0,
                     "y": 628.0
                  }
               ]
            },
            "description": "ATTN:",
            "score": 0.98,
            "line": 8,
            "tag": "billing-name"
         },
         {
            "boundingPoly": {
               "vertices": [
                  {
                     "x": 139.0,
                     "y": 594.0
                  },
                  {
                     "x": 229.0,
                     "y": 594.0
                  },
                  {
                     "x": 229.0,
                     "y": 628.0
                  },
                  {
                     "x": 139.0,
                     "y": 628.0
                  }
               ]
            },
            "description": "Name",
            "score": 0.97,
            "line": 8,
            "tag": "billing-name"
         },
         {
            "boundingPoly": {
               "vertices": [
                  {
                     "x": 228.0,
                     "y": 594.0
                  },
                  {
                     "x": 250.0,
                     "y": 594.0
                  },
                  {
                     "x": 250.0,
                     "y": 629.0
                  },
                  {
                     "x": 228.0,
                     "y": 629.0
                  }
               ]
            },
            "description": "\/",
            "score": 0.99,
            "line": 8,
            "tag": "billing-name"
         },
         {
            "boundingPoly": {
               "vertices": [
                  {
                     "x": 248.0,
                     "y": 596.0
                  },
                  {
                     "x": 326.0,
                     "y": 596.0
                  },
                  {
                     "x": 326.0,
                     "y": 635.0
                  },
                  {
                     "x": 248.0,
                     "y": 635.0
                  }
               ]
            },
            "description": "Dept",
            "score": 0.99,
            "line": 8,
            "tag": "billing-name"
         },
         {
            "boundingPoly": {
               "vertices": [
                  {
                     "x": 1026.0,
                     "y": 594.0
                  },
                  {
                     "x": 1125.0,
                     "y": 594.0
                  },
                  {
                     "x": 1125.0,
                     "y": 628.0
                  },
                  {
                     "x": 1026.0,
                     "y": 628.0
                  }
               ]
            },
            "description": "ATTN:",
            "score": 0.95,
            "line": 8,
            "tag": ""
         },
         {
            "boundingPoly": {
               "vertices": [
                  {
                     "x": 1128.0,
                     "y": 594.0
                  },
                  {
                     "x": 1218.0,
                     "y": 594.0
                  },
                  {
                     "x": 1218.0,
                     "y": 628.0
                  },
                  {
                     "x": 1128.0,
                     "y": 628.0
                  }
               ]
            },
            "description": "Name",
            "score": 0.99,
            "line": 8,
            "tag": ""
         },
         {
            "boundingPoly": {
               "vertices": [
                  {
                     "x": 1217.0,
                     "y": 594.0
                  },
                  {
                     "x": 1238.0,
                     "y": 594.0
                  },
                  {
                     "x": 1238.0,
                     "y": 629.0
                  },
                  {
                     "x": 1217.0,
                     "y": 629.0
                  }
               ]
            },
            "description": "\/",
            "score": 0.99,
            "line": 8,
            "tag": ""
         },
         {
            "boundingPoly": {
               "vertices": [
                  {
                     "x": 1237.0,
                     "y": 595.0
                  },
                  {
                     "x": 1313.0,
                     "y": 595.0
                  },
                  {
                     "x": 1313.0,
                     "y": 634.0
                  },
                  {
                     "x": 1237.0,
                     "y": 634.0
                  }
               ]
            },
            "description": "Dept",
            "score": 0.99,
            "line": 8,
            "tag": ""
         }
      ],
      [
         {
            "boundingPoly": {
               "vertices": [
                  {
                     "x": 43.0,
                     "y": 645.0
                  },
                  {
                     "x": 185.0,
                     "y": 645.0
                  },
                  {
                     "x": 185.0,
                     "y": 685.0
                  },
                  {
                     "x": 43.0,
                     "y": 685.0
                  }
               ]
            },
            "description": "Company",
            "score": 0.74,
            "line": 9,
            "tag": "billing-name"
         },
         {
            "boundingPoly": {
               "vertices": [
                  {
                     "x": 185.0,
                     "y": 645.0
                  },
                  {
                     "x": 276.0,
                     "y": 645.0
                  },
                  {
                     "x": 276.0,
                     "y": 679.0
                  },
                  {
                     "x": 185.0,
                     "y": 679.0
                  }
               ]
            },
            "description": "Name",
            "score": 0.99,
            "line": 9,
            "tag": "billing-name"
         },
         {
            "boundingPoly": {
               "vertices": [
                  {
                     "x": 1029.0,
                     "y": 642.0
                  },
                  {
                     "x": 1173.0,
                     "y": 642.0
                  },
                  {
                     "x": 1173.0,
                     "y": 685.0
                  },
                  {
                     "x": 1029.0,
                     "y": 685.0
                  }
               ]
            },
            "description": "Company",
            "score": 0.75,
            "line": 9,
            "tag": ""
         },
         {
            "boundingPoly": {
               "vertices": [
                  {
                     "x": 1172.0,
                     "y": 645.0
                  },
                  {
                     "x": 1264.0,
                     "y": 645.0
                  },
                  {
                     "x": 1264.0,
                     "y": 678.0
                  },
                  {
                     "x": 1172.0,
                     "y": 678.0
                  }
               ]
            },
            "description": "Name",
            "score": 0.99,
            "line": 9,
            "tag": ""
         }
      ],
      [
         {
            "boundingPoly": {
               "vertices": [
                  {
                     "x": 43.0,
                     "y": 695.0
                  },
                  {
                     "x": 101.0,
                     "y": 695.0
                  },
                  {
                     "x": 101.0,
                     "y": 728.0
                  },
                  {
                     "x": 43.0,
                     "y": 728.0
                  }
               ]
            },
            "description": "123",
            "score": 0.99,
            "line": 10,
            "tag": "billing-addr"
         },
         {
            "boundingPoly": {
               "vertices": [
                  {
                     "x": 102.0,
                     "y": 694.0
                  },
                  {
                     "x": 179.0,
                     "y": 694.0
                  },
                  {
                     "x": 179.0,
                     "y": 728.0
                  },
                  {
                     "x": 102.0,
                     "y": 728.0
                  }
               ]
            },
            "description": "Main",
            "score": 0.99,
            "line": 10,
            "tag": "billing-addr"
         },
         {
            "boundingPoly": {
               "vertices": [
                  {
                     "x": 181.0,
                     "y": 694.0
                  },
                  {
                     "x": 273.0,
                     "y": 694.0
                  },
                  {
                     "x": 273.0,
                     "y": 728.0
                  },
                  {
                     "x": 181.0,
                     "y": 728.0
                  }
               ]
            },
            "description": "Street",
            "score": 0.99,
            "line": 10,
            "tag": "billing-addr"
         },
         {
            "boundingPoly": {
               "vertices": [
                  {
                     "x": 1030.0,
                     "y": 694.0
                  },
                  {
                     "x": 1089.0,
                     "y": 694.0
                  },
                  {
                     "x": 1089.0,
                     "y": 729.0
                  },
                  {
                     "x": 1030.0,
                     "y": 729.0
                  }
               ]
            },
            "description": "123",
            "score": 0.99,
            "line": 10,
            "tag": ""
         },
         {
            "boundingPoly": {
               "vertices": [
                  {
                     "x": 1090.0,
                     "y": 695.0
                  },
                  {
                     "x": 1166.0,
                     "y": 695.0
                  },
                  {
                     "x": 1166.0,
                     "y": 728.0
                  },
                  {
                     "x": 1090.0,
                     "y": 728.0
                  }
               ]
            },
            "description": "Main",
            "score": 0.99,
            "line": 10,
            "tag": ""
         },
         {
            "boundingPoly": {
               "vertices": [
                  {
                     "x": 1168.0,
                     "y": 694.0
                  },
                  {
                     "x": 1260.0,
                     "y": 694.0
                  },
                  {
                     "x": 1260.0,
                     "y": 728.0
                  },
                  {
                     "x": 1168.0,
                     "y": 728.0
                  }
               ]
            },
            "description": "Street",
            "score": 0.99,
            "line": 10,
            "tag": ""
         }
      ],
      [
         {
            "boundingPoly": {
               "vertices": [
                  {
                     "x": 43.0,
                     "y": 744.0
                  },
                  {
                     "x": 181.0,
                     "y": 744.0
                  },
                  {
                     "x": 181.0,
                     "y": 782.0
                  },
                  {
                     "x": 43.0,
                     "y": 782.0
                  }
               ]
            },
            "description": "Hamiton,",
            "score": 0.52,
            "line": 11,
            "tag": "billing-addr"
         },
         {
            "boundingPoly": {
               "vertices": [
                  {
                     "x": 184.0,
                     "y": 744.0
                  },
                  {
                     "x": 238.0,
                     "y": 744.0
                  },
                  {
                     "x": 238.0,
                     "y": 778.0
                  },
                  {
                     "x": 184.0,
                     "y": 778.0
                  }
               ]
            },
            "description": "OH",
            "score": 0.9,
            "line": 11,
            "tag": "billing-addr"
         },
         {
            "boundingPoly": {
               "vertices": [
                  {
                     "x": 247.0,
                     "y": 744.0
                  },
                  {
                     "x": 345.0,
                     "y": 744.0
                  },
                  {
                     "x": 345.0,
                     "y": 778.0
                  },
                  {
                     "x": 247.0,
                     "y": 778.0
                  }
               ]
            },
            "description": "44416",
            "score": 0.99,
            "line": 11,
            "tag": "billing-addr"
         },
         {
            "boundingPoly": {
               "vertices": [
                  {
                     "x": 1030.0,
                     "y": 744.0
                  },
                  {
                     "x": 1170.0,
                     "y": 744.0
                  },
                  {
                     "x": 1170.0,
                     "y": 781.0
                  },
                  {
                     "x": 1030.0,
                     "y": 781.0
                  }
               ]
            },
            "description": "Hamilton,",
            "score": 0.54,
            "line": 11,
            "tag": ""
         },
         {
            "boundingPoly": {
               "vertices": [
                  {
                     "x": 1171.0,
                     "y": 744.0
                  },
                  {
                     "x": 1226.0,
                     "y": 744.0
                  },
                  {
                     "x": 1226.0,
                     "y": 779.0
                  },
                  {
                     "x": 1171.0,
                     "y": 779.0
                  }
               ]
            },
            "description": "OH",
            "score": 0.98,
            "line": 11,
            "tag": ""
         },
         {
            "boundingPoly": {
               "vertices": [
                  {
                     "x": 1235.0,
                     "y": 745.0
                  },
                  {
                     "x": 1332.0,
                     "y": 745.0
                  },
                  {
                     "x": 1332.0,
                     "y": 778.0
                  },
                  {
                     "x": 1235.0,
                     "y": 778.0
                  }
               ]
            },
            "description": "44416",
            "score": 0.99,
            "line": 11,
            "tag": ""
         }
      ],
      [
         {
            "boundingPoly": {
               "vertices": [
                  {
                     "x": 42.0,
                     "y": 794.0
                  },
                  {
                     "x": 123.0,
                     "y": 794.0
                  },
                  {
                     "x": 123.0,
                     "y": 836.0
                  },
                  {
                     "x": 42.0,
                     "y": 836.0
                  }
               ]
            },
            "description": "(321)",
            "score": 0.97,
            "line": 12,
            "tag": "billing-addr"
         },
         {
            "boundingPoly": {
               "vertices": [
                  {
                     "x": 123.0,
                     "y": 794.0
                  },
                  {
                     "x": 264.0,
                     "y": 794.0
                  },
                  {
                     "x": 264.0,
                     "y": 829.0
                  },
                  {
                     "x": 123.0,
                     "y": 829.0
                  }
               ]
            },
            "description": "456-7890",
            "score": 0.63,
            "line": 12,
            "tag": "billing-addr"
         },
         {
            "boundingPoly": {
               "vertices": [
                  {
                     "x": 1030.0,
                     "y": 792.0
                  },
                  {
                     "x": 1111.0,
                     "y": 792.0
                  },
                  {
                     "x": 1111.0,
                     "y": 835.0
                  },
                  {
                     "x": 1030.0,
                     "y": 835.0
                  }
               ]
            },
            "description": "(321)",
            "score": 0.95,
            "line": 12,
            "tag": ""
         },
         {
            "boundingPoly": {
               "vertices": [
                  {
                     "x": 1110.0,
                     "y": 793.0
                  },
                  {
                     "x": 1251.0,
                     "y": 793.0
                  },
                  {
                     "x": 1251.0,
                     "y": 829.0
                  },
                  {
                     "x": 1110.0,
                     "y": 829.0
                  }
               ]
            },
            "description": "456-7890",
            "score": 0.62,
            "line": 12,
            "tag": ""
         }
      ],
      [
         {
            "boundingPoly": {
               "vertices": [
                  {
                     "x": 43.0,
                     "y": 844.0
                  },
                  {
                     "x": 128.0,
                     "y": 844.0
                  },
                  {
                     "x": 128.0,
                     "y": 878.0
                  },
                  {
                     "x": 43.0,
                     "y": 878.0
                  }
               ]
            },
            "description": "Email",
            "score": 0.98,
            "line": 13,
            "tag": "billing-addr"
         },
         {
            "boundingPoly": {
               "vertices": [
                  {
                     "x": 126.0,
                     "y": 844.0
                  },
                  {
                     "x": 251.0,
                     "y": 844.0
                  },
                  {
                     "x": 251.0,
                     "y": 879.0
                  },
                  {
                     "x": 126.0,
                     "y": 879.0
                  }
               ]
            },
            "description": "Address",
            "score": 0.75,
            "line": 13,
            "tag": "billing-addr"
         }
      ],
      [
         {
            "boundingPoly": {
               "vertices": [
                  {
                     "x": 373.0,
                     "y": 921.0
                  },
                  {
                     "x": 614.0,
                     "y": 921.0
                  },
                  {
                     "x": 614.0,
                     "y": 960.0
                  },
                  {
                     "x": 373.0,
                     "y": 960.0
                  }
               ]
            },
            "description": "DESCRIPTION",
            "score": 0.97,
            "line": 14,
            "tag": ""
         },
         {
            "boundingPoly": {
               "vertices": [
                  {
                     "x": 1041.0,
                     "y": 920.0
                  },
                  {
                     "x": 1122.0,
                     "y": 920.0
                  },
                  {
                     "x": 1122.0,
                     "y": 964.0
                  },
                  {
                     "x": 1041.0,
                     "y": 964.0
                  }
               ]
            },
            "description": "QTY",
            "score": 0.98,
            "line": 14,
            "tag": ""
         },
         {
            "boundingPoly": {
               "vertices": [
                  {
                     "x": 1204.0,
                     "y": 923.0
                  },
                  {
                     "x": 1293.0,
                     "y": 923.0
                  },
                  {
                     "x": 1293.0,
                     "y": 961.0
                  },
                  {
                     "x": 1204.0,
                     "y": 961.0
                  }
               ]
            },
            "description": "UNIT",
            "score": 0.99,
            "line": 14,
            "tag": ""
         },
         {
            "boundingPoly": {
               "vertices": [
                  {
                     "x": 1295.0,
                     "y": 922.0
                  },
                  {
                     "x": 1408.0,
                     "y": 922.0
                  },
                  {
                     "x": 1408.0,
                     "y": 960.0
                  },
                  {
                     "x": 1295.0,
                     "y": 960.0
                  }
               ]
            },
            "description": "PRICE",
            "score": 0.77,
            "line": 14,
            "tag": ""
         },
         {
            "boundingPoly": {
               "vertices": [
                  {
                     "x": 1487.0,
                     "y": 921.0
                  },
                  {
                     "x": 1650.0,
                     "y": 921.0
                  },
                  {
                     "x": 1650.0,
                     "y": 960.0
                  },
                  {
                     "x": 1487.0,
                     "y": 960.0
                  }
               ]
            },
            "description": "AMOUNT",
            "score": 0.71,
            "line": 14,
            "tag": ""
         }
      ],
      [
         {
            "boundingPoly": {
               "vertices": [
                  {
                     "x": 42.0,
                     "y": 978.0
                  },
                  {
                     "x": 224.0,
                     "y": 978.0
                  },
                  {
                     "x": 224.0,
                     "y": 1013.0
                  },
                  {
                     "x": 42.0,
                     "y": 1013.0
                  }
               ]
            },
            "description": "Consultation",
            "score": 0.98,
            "line": 15,
            "tag": ""
         },
         {
            "boundingPoly": {
               "vertices": [
                  {
                     "x": 1072.0,
                     "y": 978.0
                  },
                  {
                     "x": 1094.0,
                     "y": 978.0
                  },
                  {
                     "x": 1094.0,
                     "y": 1015.0
                  },
                  {
                     "x": 1072.0,
                     "y": 1015.0
                  }
               ]
            },
            "description": "1",
            "score": 0.99,
            "line": 15,
            "tag": ""
         },
         {
            "boundingPoly": {
               "vertices": [
                  {
                     "x": 1331.0,
                     "y": 979.0
                  },
                  {
                     "x": 1432.0,
                     "y": 979.0
                  },
                  {
                     "x": 1432.0,
                     "y": 1013.0
                  },
                  {
                     "x": 1331.0,
                     "y": 1013.0
                  }
               ]
            },
            "description": "150.00",
            "score": 0.79,
            "line": 15,
            "tag": ""
         },
         {
            "boundingPoly": {
               "vertices": [
                  {
                     "x": 1594.0,
                     "y": 979.0
                  },
                  {
                     "x": 1696.0,
                     "y": 979.0
                  },
                  {
                     "x": 1696.0,
                     "y": 1013.0
                  },
                  {
                     "x": 1594.0,
                     "y": 1013.0
                  }
               ]
            },
            "description": "150.00",
            "score": 0.79,
            "line": 15,
            "tag": ""
         }
      ],
      [
         {
            "boundingPoly": {
               "vertices": [
                  {
                     "x": 44.0,
                     "y": 1027.0
                  },
                  {
                     "x": 149.0,
                     "y": 1027.0
                  },
                  {
                     "x": 149.0,
                     "y": 1066.0
                  },
                  {
                     "x": 44.0,
                     "y": 1066.0
                  }
               ]
            },
            "description": "Design",
            "score": 0.99,
            "line": 16,
            "tag": ""
         },
         {
            "boundingPoly": {
               "vertices": [
                  {
                     "x": 148.0,
                     "y": 1032.0
                  },
                  {
                     "x": 166.0,
                     "y": 1032.0
                  },
                  {
                     "x": 166.0,
                     "y": 1060.0
                  },
                  {
                     "x": 148.0,
                     "y": 1060.0
                  }
               ]
            },
            "description": "-",
            "score": 0.99,
            "line": 16,
            "tag": ""
         },
         {
            "boundingPoly": {
               "vertices": [
                  {
                     "x": 169.0,
                     "y": 1027.0
                  },
                  {
                     "x": 193.0,
                     "y": 1027.0
                  },
                  {
                     "x": 193.0,
                     "y": 1060.0
                  },
                  {
                     "x": 169.0,
                     "y": 1060.0
                  }
               ]
            },
            "description": "7",
            "score": 0.99,
            "line": 16,
            "tag": ""
         },
         {
            "boundingPoly": {
               "vertices": [
                  {
                     "x": 194.0,
                     "y": 1027.0
                  },
                  {
                     "x": 280.0,
                     "y": 1027.0
                  },
                  {
                     "x": 280.0,
                     "y": 1060.0
                  },
                  {
                     "x": 194.0,
                     "y": 1060.0
                  }
               ]
            },
            "description": "hours",
            "score": 0.99,
            "line": 16,
            "tag": ""
         },
         {
            "boundingPoly": {
               "vertices": [
                  {
                     "x": 281.0,
                     "y": 1026.0
                  },
                  {
                     "x": 321.0,
                     "y": 1026.0
                  },
                  {
                     "x": 321.0,
                     "y": 1065.0
                  },
                  {
                     "x": 281.0,
                     "y": 1065.0
                  }
               ]
            },
            "description": "@",
            "score": 0.95,
            "line": 16,
            "tag": ""
         },
         {
            "boundingPoly": {
               "vertices": [
                  {
                     "x": 321.0,
                     "y": 1024.0
                  },
                  {
                     "x": 382.0,
                     "y": 1024.0
                  },
                  {
                     "x": 382.0,
                     "y": 1062.0
                  },
                  {
                     "x": 321.0,
                     "y": 1062.0
                  }
               ]
            },
            "description": "$80",
            "score": 0.96,
            "line": 16,
            "tag": ""
         },
         {
            "boundingPoly": {
               "vertices": [
                  {
                     "x": 384.0,
                     "y": 1031.0
                  },
                  {
                     "x": 438.0,
                     "y": 1031.0
                  },
                  {
                     "x": 438.0,
                     "y": 1065.0
                  },
                  {
                     "x": 384.0,
                     "y": 1065.0
                  }
               ]
            },
            "description": "per",
            "score": 0.99,
            "line": 16,
            "tag": ""
         },
         {
            "boundingPoly": {
               "vertices": [
                  {
                     "x": 437.0,
                     "y": 1026.0
                  },
                  {
                     "x": 510.0,
                     "y": 1026.0
                  },
                  {
                     "x": 510.0,
                     "y": 1061.0
                  },
                  {
                     "x": 437.0,
                     "y": 1061.0
                  }
               ]
            },
            "description": "hour",
            "score": 0.99,
            "line": 16,
            "tag": ""
         },
         {
            "boundingPoly": {
               "vertices": [
                  {
                     "x": 1069.0,
                     "y": 1024.0
                  },
                  {
                     "x": 1096.0,
                     "y": 1024.0
                  },
                  {
                     "x": 1096.0,
                     "y": 1060.0
                  },
                  {
                     "x": 1069.0,
                     "y": 1060.0
                  }
               ]
            },
            "description": "7",
            "score": 0.99,
            "line": 16,
            "tag": ""
         },
         {
            "boundingPoly": {
               "vertices": [
                  {
                     "x": 1344.0,
                     "y": 1025.0
                  },
                  {
                     "x": 1432.0,
                     "y": 1025.0
                  },
                  {
                     "x": 1432.0,
                     "y": 1060.0
                  },
                  {
                     "x": 1344.0,
                     "y": 1060.0
                  }
               ]
            },
            "description": "80.00",
            "score": 0.99,
            "line": 16,
            "tag": ""
         },
         {
            "boundingPoly": {
               "vertices": [
                  {
                     "x": 1592.0,
                     "y": 1026.0
                  },
                  {
                     "x": 1695.0,
                     "y": 1026.0
                  },
                  {
                     "x": 1695.0,
                     "y": 1060.0
                  },
                  {
                     "x": 1592.0,
                     "y": 1060.0
                  }
               ]
            },
            "description": "560.00",
            "score": 0.79,
            "line": 16,
            "tag": ""
         }
      ],
      [
         {
            "boundingPoly": {
               "vertices": [
                  {
                     "x": 43.0,
                     "y": 1073.0
                  },
                  {
                     "x": 172.0,
                     "y": 1073.0
                  },
                  {
                     "x": 172.0,
                     "y": 1107.0
                  },
                  {
                     "x": 43.0,
                     "y": 1107.0
                  }
               ]
            },
            "description": "Discount",
            "score": 0.83,
            "line": 17,
            "tag": ""
         },
         {
            "boundingPoly": {
               "vertices": [
                  {
                     "x": 1072.0,
                     "y": 1072.0
                  },
                  {
                     "x": 1093.0,
                     "y": 1072.0
                  },
                  {
                     "x": 1093.0,
                     "y": 1109.0
                  },
                  {
                     "x": 1072.0,
                     "y": 1109.0
                  }
               ]
            },
            "description": "1",
            "score": 0.99,
            "line": 17,
            "tag": ""
         },
         {
            "boundingPoly": {
               "vertices": [
                  {
                     "x": 1331.0,
                     "y": 1073.0
                  },
                  {
                     "x": 1433.0,
                     "y": 1073.0
                  },
                  {
                     "x": 1433.0,
                     "y": 1107.0
                  },
                  {
                     "x": 1331.0,
                     "y": 1107.0
                  }
               ]
            },
            "description": "-30.00",
            "score": 0.79,
            "line": 17,
            "tag": ""
         },
         {
            "boundingPoly": {
               "vertices": [
                  {
                     "x": 1599.0,
                     "y": 1073.0
                  },
                  {
                     "x": 1694.0,
                     "y": 1073.0
                  },
                  {
                     "x": 1694.0,
                     "y": 1107.0
                  },
                  {
                     "x": 1599.0,
                     "y": 1107.0
                  }
               ]
            },
            "description": "-30.00",
            "score": 0.99,
            "line": 17,
            "tag": ""
         }
      ],
      [
         {
            "boundingPoly": {
               "vertices": [
                  {
                     "x": 1624.0,
                     "y": 1121.0
                  },
                  {
                     "x": 1695.0,
                     "y": 1121.0
                  },
                  {
                     "x": 1695.0,
                     "y": 1157.0
                  },
                  {
                     "x": 1624.0,
                     "y": 1157.0
                  }
               ]
            },
            "description": "0.00",
            "score": 0.99,
            "line": 18,
            "tag": ""
         }
      ],
      [
         {
            "boundingPoly": {
               "vertices": [
                  {
                     "x": 1624.0,
                     "y": 1169.0
                  },
                  {
                     "x": 1696.0,
                     "y": 1169.0
                  },
                  {
                     "x": 1696.0,
                     "y": 1204.0
                  },
                  {
                     "x": 1624.0,
                     "y": 1204.0
                  }
               ]
            },
            "description": "0.00",
            "score": 0.99,
            "line": 19,
            "tag": ""
         }
      ],
      [
         {
            "boundingPoly": {
               "vertices": [
                  {
                     "x": 1625.0,
                     "y": 1217.0
                  },
                  {
                     "x": 1695.0,
                     "y": 1217.0
                  },
                  {
                     "x": 1695.0,
                     "y": 1250.0
                  },
                  {
                     "x": 1625.0,
                     "y": 1250.0
                  }
               ]
            },
            "description": "0.00",
            "score": 0.99,
            "line": 20,
            "tag": ""
         }
      ],
      [
         {
            "boundingPoly": {
               "vertices": [
                  {
                     "x": 1625.0,
                     "y": 1263.0
                  },
                  {
                     "x": 1695.0,
                     "y": 1263.0
                  },
                  {
                     "x": 1695.0,
                     "y": 1298.0
                  },
                  {
                     "x": 1625.0,
                     "y": 1298.0
                  }
               ]
            },
            "description": "0.00",
            "score": 0.99,
            "line": 21,
            "tag": ""
         }
      ],
      [
         {
            "boundingPoly": {
               "vertices": [
                  {
                     "x": 1625.0,
                     "y": 1310.0
                  },
                  {
                     "x": 1694.0,
                     "y": 1310.0
                  },
                  {
                     "x": 1694.0,
                     "y": 1344.0
                  },
                  {
                     "x": 1625.0,
                     "y": 1344.0
                  }
               ]
            },
            "description": "0.00",
            "score": 0.98,
            "line": 22,
            "tag": ""
         }
      ],
      [
         {
            "boundingPoly": {
               "vertices": [
                  {
                     "x": 1624.0,
                     "y": 1357.0
                  },
                  {
                     "x": 1695.0,
                     "y": 1357.0
                  },
                  {
                     "x": 1695.0,
                     "y": 1391.0
                  },
                  {
                     "x": 1624.0,
                     "y": 1391.0
                  }
               ]
            },
            "description": "0.00",
            "score": 0.99,
            "line": 23,
            "tag": ""
         }
      ],
      [
         {
            "boundingPoly": {
               "vertices": [
                  {
                     "x": 1624.0,
                     "y": 1404.0
                  },
                  {
                     "x": 1694.0,
                     "y": 1404.0
                  },
                  {
                     "x": 1694.0,
                     "y": 1438.0
                  },
                  {
                     "x": 1624.0,
                     "y": 1438.0
                  }
               ]
            },
            "description": "0.00",
            "score": 0.99,
            "line": 24,
            "tag": ""
         }
      ],
      [
         {
            "boundingPoly": {
               "vertices": [
                  {
                     "x": 1625.0,
                     "y": 1452.0
                  },
                  {
                     "x": 1694.0,
                     "y": 1452.0
                  },
                  {
                     "x": 1694.0,
                     "y": 1485.0
                  },
                  {
                     "x": 1625.0,
                     "y": 1485.0
                  }
               ]
            },
            "description": "0.00",
            "score": 0.99,
            "line": 25,
            "tag": ""
         }
      ],
      [
         {
            "boundingPoly": {
               "vertices": [
                  {
                     "x": 1624.0,
                     "y": 1497.0
                  },
                  {
                     "x": 1695.0,
                     "y": 1497.0
                  },
                  {
                     "x": 1695.0,
                     "y": 1532.0
                  },
                  {
                     "x": 1624.0,
                     "y": 1532.0
                  }
               ]
            },
            "description": "0.00",
            "score": 0.97,
            "line": 26,
            "tag": ""
         }
      ],
      [
         {
            "boundingPoly": {
               "vertices": [
                  {
                     "x": 1625.0,
                     "y": 1544.0
                  },
                  {
                     "x": 1695.0,
                     "y": 1544.0
                  },
                  {
                     "x": 1695.0,
                     "y": 1579.0
                  },
                  {
                     "x": 1625.0,
                     "y": 1579.0
                  }
               ]
            },
            "description": "0.00",
            "score": 0.98,
            "line": 27,
            "tag": ""
         }
      ],
      [
         {
            "boundingPoly": {
               "vertices": [
                  {
                     "x": 1624.0,
                     "y": 1591.0
                  },
                  {
                     "x": 1696.0,
                     "y": 1591.0
                  },
                  {
                     "x": 1696.0,
                     "y": 1626.0
                  },
                  {
                     "x": 1624.0,
                     "y": 1626.0
                  }
               ]
            },
            "description": "0.00",
            "score": 0.99,
            "line": 28,
            "tag": ""
         }
      ],
      [
         {
            "boundingPoly": {
               "vertices": [
                  {
                     "x": 1624.0,
                     "y": 1637.0
                  },
                  {
                     "x": 1696.0,
                     "y": 1637.0
                  },
                  {
                     "x": 1696.0,
                     "y": 1673.0
                  },
                  {
                     "x": 1624.0,
                     "y": 1673.0
                  }
               ]
            },
            "description": "0.00",
            "score": 0.99,
            "line": 29,
            "tag": ""
         }
      ],
      [
         {
            "boundingPoly": {
               "vertices": [
                  {
                     "x": 1626.0,
                     "y": 1686.0
                  },
                  {
                     "x": 1695.0,
                     "y": 1686.0
                  },
                  {
                     "x": 1695.0,
                     "y": 1720.0
                  },
                  {
                     "x": 1626.0,
                     "y": 1720.0
                  }
               ]
            },
            "description": "0.00",
            "score": 0.99,
            "line": 30,
            "tag": ""
         }
      ],
      [
         {
            "boundingPoly": {
               "vertices": [
                  {
                     "x": 1625.0,
                     "y": 1732.0
                  },
                  {
                     "x": 1694.0,
                     "y": 1732.0
                  },
                  {
                     "x": 1694.0,
                     "y": 1766.0
                  },
                  {
                     "x": 1625.0,
                     "y": 1766.0
                  }
               ]
            },
            "description": "0.00",
            "score": 0.98,
            "line": 31,
            "tag": ""
         }
      ],
      [
         {
            "boundingPoly": {
               "vertices": [
                  {
                     "x": 1625.0,
                     "y": 1778.0
                  },
                  {
                     "x": 1695.0,
                     "y": 1778.0
                  },
                  {
                     "x": 1695.0,
                     "y": 1813.0
                  },
                  {
                     "x": 1625.0,
                     "y": 1813.0
                  }
               ]
            },
            "description": "0.00",
            "score": 0.99,
            "line": 32,
            "tag": ""
         }
      ],
      [
         {
            "boundingPoly": {
               "vertices": [
                  {
                     "x": 1030.0,
                     "y": 1838.0
                  },
                  {
                     "x": 1223.0,
                     "y": 1838.0
                  },
                  {
                     "x": 1223.0,
                     "y": 1873.0
                  },
                  {
                     "x": 1030.0,
                     "y": 1873.0
                  }
               ]
            },
            "description": "SUBTOTAL",
            "score": 0.98,
            "line": 33,
            "tag": ""
         },
         {
            "boundingPoly": {
               "vertices": [
                  {
                     "x": 1581.0,
                     "y": 1837.0
                  },
                  {
                     "x": 1695.0,
                     "y": 1837.0
                  },
                  {
                     "x": 1695.0,
                     "y": 1873.0
                  },
                  {
                     "x": 1581.0,
                     "y": 1873.0
                  }
               ]
            },
            "description": "680.00",
            "score": 0.78,
            "line": 33,
            "tag": "total"
         }
      ],
      [
         {
            "boundingPoly": {
               "vertices": [
                  {
                     "x": 341.0,
                     "y": 1907.0
                  },
                  {
                     "x": 526.0,
                     "y": 1907.0
                  },
                  {
                     "x": 526.0,
                     "y": 1954.0
                  },
                  {
                     "x": 341.0,
                     "y": 1954.0
                  }
               ]
            },
            "description": "THANK",
            "score": 0.74,
            "line": 34,
            "tag": ""
         },
         {
            "boundingPoly": {
               "vertices": [
                  {
                     "x": 529.0,
                     "y": 1906.0
                  },
                  {
                     "x": 644.0,
                     "y": 1906.0
                  },
                  {
                     "x": 644.0,
                     "y": 1953.0
                  },
                  {
                     "x": 529.0,
                     "y": 1953.0
                  }
               ]
            },
            "description": "YOU",
            "score": 0.99,
            "line": 34,
            "tag": ""
         },
         {
            "boundingPoly": {
               "vertices": [
                  {
                     "x": 1028.0,
                     "y": 1912.0
                  },
                  {
                     "x": 1104.0,
                     "y": 1912.0
                  },
                  {
                     "x": 1104.0,
                     "y": 1948.0
                  },
                  {
                     "x": 1028.0,
                     "y": 1948.0
                  }
               ]
            },
            "description": "TAX",
            "score": 0.99,
            "line": 34,
            "tag": ""
         },
         {
            "boundingPoly": {
               "vertices": [
                  {
                     "x": 1105.0,
                     "y": 1910.0
                  },
                  {
                     "x": 1214.0,
                     "y": 1910.0
                  },
                  {
                     "x": 1214.0,
                     "y": 1955.0
                  },
                  {
                     "x": 1105.0,
                     "y": 1955.0
                  }
               ]
            },
            "description": "(3.8%)",
            "score": 0.98,
            "line": 34,
            "tag": ""
         },
         {
            "boundingPoly": {
               "vertices": [
                  {
                     "x": 1599.0,
                     "y": 1911.0
                  },
                  {
                     "x": 1694.0,
                     "y": 1911.0
                  },
                  {
                     "x": 1694.0,
                     "y": 1949.0
                  },
                  {
                     "x": 1599.0,
                     "y": 1949.0
                  }
               ]
            },
            "description": "25.84",
            "score": 0.99,
            "line": 34,
            "tag": ""
         }
      ],
      [
         {
            "boundingPoly": {
               "vertices": [
                  {
                     "x": 1028.0,
                     "y": 1987.0
                  },
                  {
                     "x": 1150.0,
                     "y": 1987.0
                  },
                  {
                     "x": 1150.0,
                     "y": 2023.0
                  },
                  {
                     "x": 1028.0,
                     "y": 2023.0
                  }
               ]
            },
            "description": "TOTAL",
            "score": 0.75,
            "line": 35,
            "tag": ""
         },
         {
            "boundingPoly": {
               "vertices": [
                  {
                     "x": 1451.0,
                     "y": 1984.0
                  },
                  {
                     "x": 1483.0,
                     "y": 1984.0
                  },
                  {
                     "x": 1483.0,
                     "y": 2024.0
                  },
                  {
                     "x": 1451.0,
                     "y": 2024.0
                  }
               ]
            },
            "description": "$",
            "score": 0.99,
            "line": 35,
            "tag": ""
         },
         {
            "boundingPoly": {
               "vertices": [
                  {
                     "x": 1570.0,
                     "y": 1987.0
                  },
                  {
                     "x": 1684.0,
                     "y": 1987.0
                  },
                  {
                     "x": 1684.0,
                     "y": 2023.0
                  },
                  {
                     "x": 1570.0,
                     "y": 2023.0
                  }
               ]
            },
            "description": "705.84",
            "score": 0.79,
            "line": 35,
            "tag": ""
         }
      ]
   ],
   "manual_edit": {
      "fields": [],
      "items": {}
   },
   "subset": "TRAIN"
}