{
   "fields": {
      "invoice-no": "2170",
      "date": "2017-09-29",
      "name": "robopro",
      "vendor-addr": "1 Main Road J ohannesburg South Africa",
      "billing-name": "Mellicent Ivoshin Dynazzy",
      "billing-addr": "37 Carpenter Court Sinilian First 560-390-2703",
      "total": "1725.00",
      "items": [],
      "language": "en"
   },
   "fname": "pilotbatch9_Invoice 04.pdf_1.jpg",
   "lines": [
      "o robopro INVOICE",
      "1 Main Road",
      "J ohannesburg",
      "South Africa INVOICE # DATE",
      "leon@robopro.co 2170 2017\/09\/29",
      "CUSTOMER ID TERMS",
      "279 Net 30 Days",
      "BILL TO",
      "Mellicent Ivoshin",
      "Dynazzy",
      "37 Carpenter Court",
      "Sinilian First",
      "560-390-2703",
      "oshincp@gravatar.con",
      "DESCRIPTION QTY (hours) UNIT PRICE ($) AMOUNT ($)",
      "Service Fee 6 200,00 1 200,00",
      "Additional Services 7 75,00 525,00",
      "-",
      "-",
      "-",
      "-",
      "-",
      "-",
      "-",
      "-",
      "-",
      "-",
      "-",
      "-",
      "-",
      "-",
      "-",
      "-",
      "Thank you for your business! TOTAL 1725,00",
      "If you have any questions about this invoice, please contact",
      "[Leon, leon@robopro.co]"
   ],
   "line_tags": [
      "name",
      "vendor-addr",
      "vendor-addr",
      "vendor-addr",
      "date",
      "",
      "",
      "",
      "billing-name",
      "billing-name",
      "billing-addr",
      "billing-addr",
      "billing-addr",
      "",
      "",
      "",
      "",
      "",
      "",
      "",
      "",
      "",
      "",
      "",
      "",
      "",
      "",
      "",
      "",
      "",
      "",
      "",
      "",
      "total",
      "",
      ""
   ],
   "words": [
      [
         {
            "boundingPoly": {
               "vertices": [
                  {
                     "x": 197.0,
                     "y": 303.0
                  },
                  {
                     "x": 267.0,
                     "y": 303.0
                  },
                  {
                     "x": 267.0,
                     "y": 372.0
                  },
                  {
                     "x": 197.0,
                     "y": 372.0
                  }
               ]
            },
            "description": "o",
            "score": 0.75,
            "line": 0,
            "tag": ""
         },
         {
            "boundingPoly": {
               "vertices": [
                  {
                     "x": 287.0,
                     "y": 296.0
                  },
                  {
                     "x": 600.0,
                     "y": 296.0
                  },
                  {
                     "x": 600.0,
                     "y": 380.0
                  },
                  {
                     "x": 287.0,
                     "y": 380.0
                  }
               ]
            },
            "description": "robopro",
            "score": 0.98,
            "line": 0,
            "tag": "name"
         },
         {
            "boundingPoly": {
               "vertices": [
                  {
                     "x": 1571.0,
                     "y": 298.0
                  },
                  {
                     "x": 1961.0,
                     "y": 298.0
                  },
                  {
                     "x": 1961.0,
                     "y": 378.0
                  },
                  {
                     "x": 1571.0,
                     "y": 378.0
                  }
               ]
            },
            "description": "INVOICE",
            "score": 0.98,
            "line": 0,
            "tag": ""
         }
      ],
      [
         {
            "boundingPoly": {
               "vertices": [
                  {
                     "x": 154.0,
                     "y": 404.0
                  },
                  {
                     "x": 173.0,
                     "y": 404.0
                  },
                  {
                     "x": 173.0,
                     "y": 435.0
                  },
                  {
                     "x": 154.0,
                     "y": 435.0
                  }
               ]
            },
            "description": "1",
            "score": 0.99,
            "line": 1,
            "tag": "vendor-addr"
         },
         {
            "boundingPoly": {
               "vertices": [
                  {
                     "x": 181.0,
                     "y": 404.0
                  },
                  {
                     "x": 255.0,
                     "y": 404.0
                  },
                  {
                     "x": 255.0,
                     "y": 435.0
                  },
                  {
                     "x": 181.0,
                     "y": 435.0
                  }
               ]
            },
            "description": "Main",
            "score": 0.99,
            "line": 1,
            "tag": "vendor-addr"
         },
         {
            "boundingPoly": {
               "vertices": [
                  {
                     "x": 262.0,
                     "y": 402.0
                  },
                  {
                     "x": 343.0,
                     "y": 402.0
                  },
                  {
                     "x": 343.0,
                     "y": 436.0
                  },
                  {
                     "x": 262.0,
                     "y": 436.0
                  }
               ]
            },
            "description": "Road",
            "score": 0.99,
            "line": 1,
            "tag": "vendor-addr"
         }
      ],
      [
         {
            "boundingPoly": {
               "vertices": [
                  {
                     "x": 150.0,
                     "y": 449.0
                  },
                  {
                     "x": 164.0,
                     "y": 449.0
                  },
                  {
                     "x": 164.0,
                     "y": 487.0
                  },
                  {
                     "x": 150.0,
                     "y": 487.0
                  }
               ]
            },
            "description": "J",
            "score": 0.99,
            "line": 2,
            "tag": "vendor-addr"
         },
         {
            "boundingPoly": {
               "vertices": [
                  {
                     "x": 168.0,
                     "y": 448.0
                  },
                  {
                     "x": 366.0,
                     "y": 448.0
                  },
                  {
                     "x": 366.0,
                     "y": 487.0
                  },
                  {
                     "x": 168.0,
                     "y": 487.0
                  }
               ]
            },
            "description": "ohannesburg",
            "score": 0.98,
            "line": 2,
            "tag": "vendor-addr"
         }
      ],
      [
         {
            "boundingPoly": {
               "vertices": [
                  {
                     "x": 153.0,
                     "y": 500.0
                  },
                  {
                     "x": 242.0,
                     "y": 500.0
                  },
                  {
                     "x": 242.0,
                     "y": 532.0
                  },
                  {
                     "x": 153.0,
                     "y": 532.0
                  }
               ]
            },
            "description": "South",
            "score": 0.99,
            "line": 3,
            "tag": "vendor-addr"
         },
         {
            "boundingPoly": {
               "vertices": [
                  {
                     "x": 246.0,
                     "y": 499.0
                  },
                  {
                     "x": 336.0,
                     "y": 499.0
                  },
                  {
                     "x": 336.0,
                     "y": 533.0
                  },
                  {
                     "x": 246.0,
                     "y": 533.0
                  }
               ]
            },
            "description": "Africa",
            "score": 0.99,
            "line": 3,
            "tag": "vendor-addr"
         },
         {
            "boundingPoly": {
               "vertices": [
                  {
                     "x": 1294.0,
                     "y": 501.0
                  },
                  {
                     "x": 1420.0,
                     "y": 501.0
                  },
                  {
                     "x": 1420.0,
                     "y": 530.0
                  },
                  {
                     "x": 1294.0,
                     "y": 530.0
                  }
               ]
            },
            "description": "INVOICE",
            "score": 0.98,
            "line": 3,
            "tag": ""
         },
         {
            "boundingPoly": {
               "vertices": [
                  {
                     "x": 1426.0,
                     "y": 501.0
                  },
                  {
                     "x": 1454.0,
                     "y": 501.0
                  },
                  {
                     "x": 1454.0,
                     "y": 530.0
                  },
                  {
                     "x": 1426.0,
                     "y": 530.0
                  }
               ]
            },
            "description": "#",
            "score": 0.99,
            "line": 3,
            "tag": ""
         },
         {
            "boundingPoly": {
               "vertices": [
                  {
                     "x": 1748.0,
                     "y": 502.0
                  },
                  {
                     "x": 1833.0,
                     "y": 502.0
                  },
                  {
                     "x": 1833.0,
                     "y": 532.0
                  },
                  {
                     "x": 1748.0,
                     "y": 532.0
                  }
               ]
            },
            "description": "DATE",
            "score": 0.99,
            "line": 3,
            "tag": ""
         }
      ],
      [
         {
            "boundingPoly": {
               "vertices": [
                  {
                     "x": 154.0,
                     "y": 558.0
                  },
                  {
                     "x": 410.0,
                     "y": 558.0
                  },
                  {
                     "x": 410.0,
                     "y": 598.0
                  },
                  {
                     "x": 154.0,
                     "y": 598.0
                  }
               ]
            },
            "description": "leon@robopro.co",
            "score": 0.96,
            "line": 4,
            "tag": ""
         },
         {
            "boundingPoly": {
               "vertices": [
                  {
                     "x": 1330.0,
                     "y": 557.0
                  },
                  {
                     "x": 1409.0,
                     "y": 557.0
                  },
                  {
                     "x": 1409.0,
                     "y": 590.0
                  },
                  {
                     "x": 1330.0,
                     "y": 590.0
                  }
               ]
            },
            "description": "2170",
            "score": 0.99,
            "line": 4,
            "tag": "invoice-no"
         },
         {
            "boundingPoly": {
               "vertices": [
                  {
                     "x": 1704.0,
                     "y": 559.0
                  },
                  {
                     "x": 1875.0,
                     "y": 559.0
                  },
                  {
                     "x": 1875.0,
                     "y": 594.0
                  },
                  {
                     "x": 1704.0,
                     "y": 594.0
                  }
               ]
            },
            "description": "2017\/09\/29",
            "score": 0.99,
            "line": 4,
            "tag": "date"
         }
      ],
      [
         {
            "boundingPoly": {
               "vertices": [
                  {
                     "x": 1263.0,
                     "y": 618.0
                  },
                  {
                     "x": 1440.0,
                     "y": 618.0
                  },
                  {
                     "x": 1440.0,
                     "y": 648.0
                  },
                  {
                     "x": 1263.0,
                     "y": 648.0
                  }
               ]
            },
            "description": "CUSTOMER",
            "score": 0.99,
            "line": 5,
            "tag": ""
         },
         {
            "boundingPoly": {
               "vertices": [
                  {
                     "x": 1444.0,
                     "y": 619.0
                  },
                  {
                     "x": 1480.0,
                     "y": 619.0
                  },
                  {
                     "x": 1480.0,
                     "y": 648.0
                  },
                  {
                     "x": 1444.0,
                     "y": 648.0
                  }
               ]
            },
            "description": "ID",
            "score": 0.99,
            "line": 5,
            "tag": ""
         },
         {
            "boundingPoly": {
               "vertices": [
                  {
                     "x": 1734.0,
                     "y": 620.0
                  },
                  {
                     "x": 1846.0,
                     "y": 620.0
                  },
                  {
                     "x": 1846.0,
                     "y": 651.0
                  },
                  {
                     "x": 1734.0,
                     "y": 651.0
                  }
               ]
            },
            "description": "TERMS",
            "score": 0.99,
            "line": 5,
            "tag": ""
         }
      ],
      [
         {
            "boundingPoly": {
               "vertices": [
                  {
                     "x": 1339.0,
                     "y": 676.0
                  },
                  {
                     "x": 1399.0,
                     "y": 676.0
                  },
                  {
                     "x": 1399.0,
                     "y": 709.0
                  },
                  {
                     "x": 1339.0,
                     "y": 709.0
                  }
               ]
            },
            "description": "279",
            "score": 0.99,
            "line": 6,
            "tag": ""
         },
         {
            "boundingPoly": {
               "vertices": [
                  {
                     "x": 1698.0,
                     "y": 678.0
                  },
                  {
                     "x": 1758.0,
                     "y": 678.0
                  },
                  {
                     "x": 1758.0,
                     "y": 711.0
                  },
                  {
                     "x": 1698.0,
                     "y": 711.0
                  }
               ]
            },
            "description": "Net",
            "score": 0.99,
            "line": 6,
            "tag": ""
         },
         {
            "boundingPoly": {
               "vertices": [
                  {
                     "x": 1760.0,
                     "y": 678.0
                  },
                  {
                     "x": 1799.0,
                     "y": 678.0
                  },
                  {
                     "x": 1799.0,
                     "y": 709.0
                  },
                  {
                     "x": 1760.0,
                     "y": 709.0
                  }
               ]
            },
            "description": "30",
            "score": 0.99,
            "line": 6,
            "tag": ""
         },
         {
            "boundingPoly": {
               "vertices": [
                  {
                     "x": 1806.0,
                     "y": 677.0
                  },
                  {
                     "x": 1883.0,
                     "y": 677.0
                  },
                  {
                     "x": 1883.0,
                     "y": 717.0
                  },
                  {
                     "x": 1806.0,
                     "y": 717.0
                  }
               ]
            },
            "description": "Days",
            "score": 0.99,
            "line": 6,
            "tag": ""
         }
      ],
      [
         {
            "boundingPoly": {
               "vertices": [
                  {
                     "x": 187.0,
                     "y": 876.0
                  },
                  {
                     "x": 256.0,
                     "y": 876.0
                  },
                  {
                     "x": 256.0,
                     "y": 906.0
                  },
                  {
                     "x": 187.0,
                     "y": 906.0
                  }
               ]
            },
            "description": "BILL",
            "score": 0.98,
            "line": 7,
            "tag": ""
         },
         {
            "boundingPoly": {
               "vertices": [
                  {
                     "x": 259.0,
                     "y": 876.0
                  },
                  {
                     "x": 308.0,
                     "y": 876.0
                  },
                  {
                     "x": 308.0,
                     "y": 905.0
                  },
                  {
                     "x": 259.0,
                     "y": 905.0
                  }
               ]
            },
            "description": "TO",
            "score": 0.99,
            "line": 7,
            "tag": ""
         }
      ],
      [
         {
            "boundingPoly": {
               "vertices": [
                  {
                     "x": 152.0,
                     "y": 932.0
                  },
                  {
                     "x": 291.0,
                     "y": 932.0
                  },
                  {
                     "x": 291.0,
                     "y": 964.0
                  },
                  {
                     "x": 152.0,
                     "y": 964.0
                  }
               ]
            },
            "description": "Mellicent",
            "score": 0.98,
            "line": 8,
            "tag": "billing-name"
         },
         {
            "boundingPoly": {
               "vertices": [
                  {
                     "x": 293.0,
                     "y": 931.0
                  },
                  {
                     "x": 400.0,
                     "y": 931.0
                  },
                  {
                     "x": 400.0,
                     "y": 964.0
                  },
                  {
                     "x": 293.0,
                     "y": 964.0
                  }
               ]
            },
            "description": "Ivoshin",
            "score": 0.79,
            "line": 8,
            "tag": "billing-name"
         }
      ],
      [
         {
            "boundingPoly": {
               "vertices": [
                  {
                     "x": 152.0,
                     "y": 977.0
                  },
                  {
                     "x": 282.0,
                     "y": 977.0
                  },
                  {
                     "x": 282.0,
                     "y": 1015.0
                  },
                  {
                     "x": 152.0,
                     "y": 1015.0
                  }
               ]
            },
            "description": "Dynazzy",
            "score": 0.99,
            "line": 9,
            "tag": "billing-name"
         }
      ],
      [
         {
            "boundingPoly": {
               "vertices": [
                  {
                     "x": 153.0,
                     "y": 1022.0
                  },
                  {
                     "x": 191.0,
                     "y": 1022.0
                  },
                  {
                     "x": 191.0,
                     "y": 1054.0
                  },
                  {
                     "x": 153.0,
                     "y": 1054.0
                  }
               ]
            },
            "description": "37",
            "score": 0.99,
            "line": 10,
            "tag": "billing-addr"
         },
         {
            "boundingPoly": {
               "vertices": [
                  {
                     "x": 198.0,
                     "y": 1022.0
                  },
                  {
                     "x": 351.0,
                     "y": 1022.0
                  },
                  {
                     "x": 351.0,
                     "y": 1061.0
                  },
                  {
                     "x": 198.0,
                     "y": 1061.0
                  }
               ]
            },
            "description": "Carpenter",
            "score": 0.99,
            "line": 10,
            "tag": "billing-addr"
         },
         {
            "boundingPoly": {
               "vertices": [
                  {
                     "x": 355.0,
                     "y": 1022.0
                  },
                  {
                     "x": 444.0,
                     "y": 1022.0
                  },
                  {
                     "x": 444.0,
                     "y": 1055.0
                  },
                  {
                     "x": 355.0,
                     "y": 1055.0
                  }
               ]
            },
            "description": "Court",
            "score": 0.99,
            "line": 10,
            "tag": "billing-addr"
         }
      ],
      [
         {
            "boundingPoly": {
               "vertices": [
                  {
                     "x": 153.0,
                     "y": 1067.0
                  },
                  {
                     "x": 262.0,
                     "y": 1067.0
                  },
                  {
                     "x": 262.0,
                     "y": 1100.0
                  },
                  {
                     "x": 153.0,
                     "y": 1100.0
                  }
               ]
            },
            "description": "Sinilian",
            "score": 0.99,
            "line": 11,
            "tag": "billing-addr"
         },
         {
            "boundingPoly": {
               "vertices": [
                  {
                     "x": 268.0,
                     "y": 1067.0
                  },
                  {
                     "x": 341.0,
                     "y": 1067.0
                  },
                  {
                     "x": 341.0,
                     "y": 1100.0
                  },
                  {
                     "x": 268.0,
                     "y": 1100.0
                  }
               ]
            },
            "description": "First",
            "score": 0.99,
            "line": 11,
            "tag": "billing-addr"
         }
      ],
      [
         {
            "boundingPoly": {
               "vertices": [
                  {
                     "x": 154.0,
                     "y": 1113.0
                  },
                  {
                     "x": 360.0,
                     "y": 1113.0
                  },
                  {
                     "x": 360.0,
                     "y": 1146.0
                  },
                  {
                     "x": 154.0,
                     "y": 1146.0
                  }
               ]
            },
            "description": "560-390-2703",
            "score": 0.99,
            "line": 12,
            "tag": "billing-addr"
         }
      ],
      [
         {
            "boundingPoly": {
               "vertices": [
                  {
                     "x": 212.0,
                     "y": 1159.0
                  },
                  {
                     "x": 538.0,
                     "y": 1159.0
                  },
                  {
                     "x": 538.0,
                     "y": 1197.0
                  },
                  {
                     "x": 212.0,
                     "y": 1197.0
                  }
               ]
            },
            "description": "oshincp@gravatar.con",
            "score": 0.55,
            "line": 13,
            "tag": ""
         }
      ],
      [
         {
            "boundingPoly": {
               "vertices": [
                  {
                     "x": 186.0,
                     "y": 1307.0
                  },
                  {
                     "x": 397.0,
                     "y": 1307.0
                  },
                  {
                     "x": 397.0,
                     "y": 1336.0
                  },
                  {
                     "x": 186.0,
                     "y": 1336.0
                  }
               ]
            },
            "description": "DESCRIPTION",
            "score": 0.98,
            "line": 14,
            "tag": ""
         },
         {
            "boundingPoly": {
               "vertices": [
                  {
                     "x": 1154.0,
                     "y": 1305.0
                  },
                  {
                     "x": 1222.0,
                     "y": 1305.0
                  },
                  {
                     "x": 1222.0,
                     "y": 1340.0
                  },
                  {
                     "x": 1154.0,
                     "y": 1340.0
                  }
               ]
            },
            "description": "QTY",
            "score": 0.98,
            "line": 14,
            "tag": ""
         },
         {
            "boundingPoly": {
               "vertices": [
                  {
                     "x": 1224.0,
                     "y": 1305.0
                  },
                  {
                     "x": 1335.0,
                     "y": 1305.0
                  },
                  {
                     "x": 1335.0,
                     "y": 1339.0
                  },
                  {
                     "x": 1224.0,
                     "y": 1339.0
                  }
               ]
            },
            "description": "(hours)",
            "score": 0.99,
            "line": 14,
            "tag": ""
         },
         {
            "boundingPoly": {
               "vertices": [
                  {
                     "x": 1375.0,
                     "y": 1306.0
                  },
                  {
                     "x": 1452.0,
                     "y": 1306.0
                  },
                  {
                     "x": 1452.0,
                     "y": 1335.0
                  },
                  {
                     "x": 1375.0,
                     "y": 1335.0
                  }
               ]
            },
            "description": "UNIT",
            "score": 0.99,
            "line": 14,
            "tag": ""
         },
         {
            "boundingPoly": {
               "vertices": [
                  {
                     "x": 1455.0,
                     "y": 1306.0
                  },
                  {
                     "x": 1549.0,
                     "y": 1306.0
                  },
                  {
                     "x": 1549.0,
                     "y": 1336.0
                  },
                  {
                     "x": 1455.0,
                     "y": 1336.0
                  }
               ]
            },
            "description": "PRICE",
            "score": 0.99,
            "line": 14,
            "tag": ""
         },
         {
            "boundingPoly": {
               "vertices": [
                  {
                     "x": 1556.0,
                     "y": 1306.0
                  },
                  {
                     "x": 1597.0,
                     "y": 1306.0
                  },
                  {
                     "x": 1597.0,
                     "y": 1339.0
                  },
                  {
                     "x": 1556.0,
                     "y": 1339.0
                  }
               ]
            },
            "description": "($)",
            "score": 0.96,
            "line": 14,
            "tag": ""
         },
         {
            "boundingPoly": {
               "vertices": [
                  {
                     "x": 1700.0,
                     "y": 1306.0
                  },
                  {
                     "x": 1839.0,
                     "y": 1306.0
                  },
                  {
                     "x": 1839.0,
                     "y": 1336.0
                  },
                  {
                     "x": 1700.0,
                     "y": 1336.0
                  }
               ]
            },
            "description": "AMOUNT",
            "score": 0.99,
            "line": 14,
            "tag": ""
         },
         {
            "boundingPoly": {
               "vertices": [
                  {
                     "x": 1841.0,
                     "y": 1306.0
                  },
                  {
                     "x": 1883.0,
                     "y": 1306.0
                  },
                  {
                     "x": 1883.0,
                     "y": 1340.0
                  },
                  {
                     "x": 1841.0,
                     "y": 1340.0
                  }
               ]
            },
            "description": "($)",
            "score": 0.97,
            "line": 14,
            "tag": ""
         }
      ],
      [
         {
            "boundingPoly": {
               "vertices": [
                  {
                     "x": 152.0,
                     "y": 1360.0
                  },
                  {
                     "x": 266.0,
                     "y": 1360.0
                  },
                  {
                     "x": 266.0,
                     "y": 1392.0
                  },
                  {
                     "x": 152.0,
                     "y": 1392.0
                  }
               ]
            },
            "description": "Service",
            "score": 0.99,
            "line": 15,
            "tag": ""
         },
         {
            "boundingPoly": {
               "vertices": [
                  {
                     "x": 274.0,
                     "y": 1361.0
                  },
                  {
                     "x": 333.0,
                     "y": 1361.0
                  },
                  {
                     "x": 333.0,
                     "y": 1392.0
                  },
                  {
                     "x": 274.0,
                     "y": 1392.0
                  }
               ]
            },
            "description": "Fee",
            "score": 0.99,
            "line": 15,
            "tag": ""
         },
         {
            "boundingPoly": {
               "vertices": [
                  {
                     "x": 1231.0,
                     "y": 1360.0
                  },
                  {
                     "x": 1252.0,
                     "y": 1360.0
                  },
                  {
                     "x": 1252.0,
                     "y": 1392.0
                  },
                  {
                     "x": 1231.0,
                     "y": 1392.0
                  }
               ]
            },
            "description": "6",
            "score": 0.99,
            "line": 15,
            "tag": ""
         },
         {
            "boundingPoly": {
               "vertices": [
                  {
                     "x": 1488.0,
                     "y": 1360.0
                  },
                  {
                     "x": 1594.0,
                     "y": 1360.0
                  },
                  {
                     "x": 1594.0,
                     "y": 1395.0
                  },
                  {
                     "x": 1488.0,
                     "y": 1395.0
                  }
               ]
            },
            "description": "200,00",
            "score": 0.99,
            "line": 15,
            "tag": ""
         },
         {
            "boundingPoly": {
               "vertices": [
                  {
                     "x": 1821.0,
                     "y": 1360.0
                  },
                  {
                     "x": 1840.0,
                     "y": 1360.0
                  },
                  {
                     "x": 1840.0,
                     "y": 1392.0
                  },
                  {
                     "x": 1821.0,
                     "y": 1392.0
                  }
               ]
            },
            "description": "1",
            "score": 0.99,
            "line": 15,
            "tag": ""
         },
         {
            "boundingPoly": {
               "vertices": [
                  {
                     "x": 1847.0,
                     "y": 1360.0
                  },
                  {
                     "x": 1951.0,
                     "y": 1360.0
                  },
                  {
                     "x": 1951.0,
                     "y": 1395.0
                  },
                  {
                     "x": 1847.0,
                     "y": 1395.0
                  }
               ]
            },
            "description": "200,00",
            "score": 0.99,
            "line": 15,
            "tag": ""
         }
      ],
      [
         {
            "boundingPoly": {
               "vertices": [
                  {
                     "x": 151.0,
                     "y": 1405.0
                  },
                  {
                     "x": 302.0,
                     "y": 1405.0
                  },
                  {
                     "x": 302.0,
                     "y": 1438.0
                  },
                  {
                     "x": 151.0,
                     "y": 1438.0
                  }
               ]
            },
            "description": "Additional",
            "score": 0.98,
            "line": 16,
            "tag": ""
         },
         {
            "boundingPoly": {
               "vertices": [
                  {
                     "x": 307.0,
                     "y": 1406.0
                  },
                  {
                     "x": 437.0,
                     "y": 1406.0
                  },
                  {
                     "x": 437.0,
                     "y": 1438.0
                  },
                  {
                     "x": 307.0,
                     "y": 1438.0
                  }
               ]
            },
            "description": "Services",
            "score": 0.99,
            "line": 16,
            "tag": ""
         },
         {
            "boundingPoly": {
               "vertices": [
                  {
                     "x": 1231.0,
                     "y": 1405.0
                  },
                  {
                     "x": 1252.0,
                     "y": 1405.0
                  },
                  {
                     "x": 1252.0,
                     "y": 1437.0
                  },
                  {
                     "x": 1231.0,
                     "y": 1437.0
                  }
               ]
            },
            "description": "7",
            "score": 0.99,
            "line": 16,
            "tag": ""
         },
         {
            "boundingPoly": {
               "vertices": [
                  {
                     "x": 1509.0,
                     "y": 1405.0
                  },
                  {
                     "x": 1594.0,
                     "y": 1405.0
                  },
                  {
                     "x": 1594.0,
                     "y": 1441.0
                  },
                  {
                     "x": 1509.0,
                     "y": 1441.0
                  }
               ]
            },
            "description": "75,00",
            "score": 0.99,
            "line": 16,
            "tag": ""
         },
         {
            "boundingPoly": {
               "vertices": [
                  {
                     "x": 1848.0,
                     "y": 1406.0
                  },
                  {
                     "x": 1951.0,
                     "y": 1406.0
                  },
                  {
                     "x": 1951.0,
                     "y": 1441.0
                  },
                  {
                     "x": 1848.0,
                     "y": 1441.0
                  }
               ]
            },
            "description": "525,00",
            "score": 0.99,
            "line": 16,
            "tag": ""
         }
      ],
      [
         {
            "boundingPoly": {
               "vertices": [
                  {
                     "x": 1901.0,
                     "y": 1460.0
                  },
                  {
                     "x": 1915.0,
                     "y": 1460.0
                  },
                  {
                     "x": 1915.0,
                     "y": 1480.0
                  },
                  {
                     "x": 1901.0,
                     "y": 1480.0
                  }
               ]
            },
            "description": "-",
            "score": 0.99,
            "line": 17,
            "tag": ""
         }
      ],
      [
         {
            "boundingPoly": {
               "vertices": [
                  {
                     "x": 1900.0,
                     "y": 1504.0
                  },
                  {
                     "x": 1915.0,
                     "y": 1504.0
                  },
                  {
                     "x": 1915.0,
                     "y": 1525.0
                  },
                  {
                     "x": 1900.0,
                     "y": 1525.0
                  }
               ]
            },
            "description": "-",
            "score": 0.99,
            "line": 18,
            "tag": ""
         }
      ],
      [
         {
            "boundingPoly": {
               "vertices": [
                  {
                     "x": 1900.0,
                     "y": 1549.0
                  },
                  {
                     "x": 1915.0,
                     "y": 1549.0
                  },
                  {
                     "x": 1915.0,
                     "y": 1570.0
                  },
                  {
                     "x": 1900.0,
                     "y": 1570.0
                  }
               ]
            },
            "description": "-",
            "score": 0.99,
            "line": 19,
            "tag": ""
         }
      ],
      [
         {
            "boundingPoly": {
               "vertices": [
                  {
                     "x": 1900.0,
                     "y": 1594.0
                  },
                  {
                     "x": 1915.0,
                     "y": 1594.0
                  },
                  {
                     "x": 1915.0,
                     "y": 1616.0
                  },
                  {
                     "x": 1900.0,
                     "y": 1616.0
                  }
               ]
            },
            "description": "-",
            "score": 0.99,
            "line": 20,
            "tag": ""
         }
      ],
      [
         {
            "boundingPoly": {
               "vertices": [
                  {
                     "x": 1901.0,
                     "y": 1640.0
                  },
                  {
                     "x": 1915.0,
                     "y": 1640.0
                  },
                  {
                     "x": 1915.0,
                     "y": 1661.0
                  },
                  {
                     "x": 1901.0,
                     "y": 1661.0
                  }
               ]
            },
            "description": "-",
            "score": 0.99,
            "line": 21,
            "tag": ""
         }
      ],
      [
         {
            "boundingPoly": {
               "vertices": [
                  {
                     "x": 1901.0,
                     "y": 1685.0
                  },
                  {
                     "x": 1915.0,
                     "y": 1685.0
                  },
                  {
                     "x": 1915.0,
                     "y": 1707.0
                  },
                  {
                     "x": 1901.0,
                     "y": 1707.0
                  }
               ]
            },
            "description": "-",
            "score": 0.99,
            "line": 22,
            "tag": ""
         }
      ],
      [
         {
            "boundingPoly": {
               "vertices": [
                  {
                     "x": 1900.0,
                     "y": 1731.0
                  },
                  {
                     "x": 1915.0,
                     "y": 1731.0
                  },
                  {
                     "x": 1915.0,
                     "y": 1752.0
                  },
                  {
                     "x": 1900.0,
                     "y": 1752.0
                  }
               ]
            },
            "description": "-",
            "score": 0.99,
            "line": 23,
            "tag": ""
         }
      ],
      [
         {
            "boundingPoly": {
               "vertices": [
                  {
                     "x": 1900.0,
                     "y": 1776.0
                  },
                  {
                     "x": 1915.0,
                     "y": 1776.0
                  },
                  {
                     "x": 1915.0,
                     "y": 1797.0
                  },
                  {
                     "x": 1900.0,
                     "y": 1797.0
                  }
               ]
            },
            "description": "-",
            "score": 0.99,
            "line": 24,
            "tag": ""
         }
      ],
      [
         {
            "boundingPoly": {
               "vertices": [
                  {
                     "x": 1901.0,
                     "y": 1822.0
                  },
                  {
                     "x": 1915.0,
                     "y": 1822.0
                  },
                  {
                     "x": 1915.0,
                     "y": 1842.0
                  },
                  {
                     "x": 1901.0,
                     "y": 1842.0
                  }
               ]
            },
            "description": "-",
            "score": 0.99,
            "line": 25,
            "tag": ""
         }
      ],
      [
         {
            "boundingPoly": {
               "vertices": [
                  {
                     "x": 1900.0,
                     "y": 1866.0
                  },
                  {
                     "x": 1915.0,
                     "y": 1866.0
                  },
                  {
                     "x": 1915.0,
                     "y": 1888.0
                  },
                  {
                     "x": 1900.0,
                     "y": 1888.0
                  }
               ]
            },
            "description": "-",
            "score": 0.99,
            "line": 26,
            "tag": ""
         }
      ],
      [
         {
            "boundingPoly": {
               "vertices": [
                  {
                     "x": 1900.0,
                     "y": 1911.0
                  },
                  {
                     "x": 1916.0,
                     "y": 1911.0
                  },
                  {
                     "x": 1916.0,
                     "y": 1934.0
                  },
                  {
                     "x": 1900.0,
                     "y": 1934.0
                  }
               ]
            },
            "description": "-",
            "score": 0.99,
            "line": 27,
            "tag": ""
         }
      ],
      [
         {
            "boundingPoly": {
               "vertices": [
                  {
                     "x": 1900.0,
                     "y": 1957.0
                  },
                  {
                     "x": 1915.0,
                     "y": 1957.0
                  },
                  {
                     "x": 1915.0,
                     "y": 1979.0
                  },
                  {
                     "x": 1900.0,
                     "y": 1979.0
                  }
               ]
            },
            "description": "-",
            "score": 0.99,
            "line": 28,
            "tag": ""
         }
      ],
      [
         {
            "boundingPoly": {
               "vertices": [
                  {
                     "x": 1901.0,
                     "y": 2002.0
                  },
                  {
                     "x": 1915.0,
                     "y": 2002.0
                  },
                  {
                     "x": 1915.0,
                     "y": 2024.0
                  },
                  {
                     "x": 1901.0,
                     "y": 2024.0
                  }
               ]
            },
            "description": "-",
            "score": 0.99,
            "line": 29,
            "tag": ""
         }
      ],
      [
         {
            "boundingPoly": {
               "vertices": [
                  {
                     "x": 1901.0,
                     "y": 2049.0
                  },
                  {
                     "x": 1915.0,
                     "y": 2049.0
                  },
                  {
                     "x": 1915.0,
                     "y": 2069.0
                  },
                  {
                     "x": 1901.0,
                     "y": 2069.0
                  }
               ]
            },
            "description": "-",
            "score": 0.99,
            "line": 30,
            "tag": ""
         }
      ],
      [
         {
            "boundingPoly": {
               "vertices": [
                  {
                     "x": 1900.0,
                     "y": 2094.0
                  },
                  {
                     "x": 1915.0,
                     "y": 2094.0
                  },
                  {
                     "x": 1915.0,
                     "y": 2114.0
                  },
                  {
                     "x": 1900.0,
                     "y": 2114.0
                  }
               ]
            },
            "description": "-",
            "score": 0.99,
            "line": 31,
            "tag": ""
         }
      ],
      [
         {
            "boundingPoly": {
               "vertices": [
                  {
                     "x": 1901.0,
                     "y": 2141.0
                  },
                  {
                     "x": 1915.0,
                     "y": 2141.0
                  },
                  {
                     "x": 1915.0,
                     "y": 2159.0
                  },
                  {
                     "x": 1901.0,
                     "y": 2159.0
                  }
               ]
            },
            "description": "-",
            "score": 0.99,
            "line": 32,
            "tag": ""
         }
      ],
      [
         {
            "boundingPoly": {
               "vertices": [
                  {
                     "x": 397.0,
                     "y": 2195.0
                  },
                  {
                     "x": 508.0,
                     "y": 2195.0
                  },
                  {
                     "x": 508.0,
                     "y": 2231.0
                  },
                  {
                     "x": 397.0,
                     "y": 2231.0
                  }
               ]
            },
            "description": "Thank",
            "score": 0.99,
            "line": 33,
            "tag": ""
         },
         {
            "boundingPoly": {
               "vertices": [
                  {
                     "x": 509.0,
                     "y": 2202.0
                  },
                  {
                     "x": 575.0,
                     "y": 2202.0
                  },
                  {
                     "x": 575.0,
                     "y": 2238.0
                  },
                  {
                     "x": 509.0,
                     "y": 2238.0
                  }
               ]
            },
            "description": "you",
            "score": 0.99,
            "line": 33,
            "tag": ""
         },
         {
            "boundingPoly": {
               "vertices": [
                  {
                     "x": 578.0,
                     "y": 2196.0
                  },
                  {
                     "x": 630.0,
                     "y": 2196.0
                  },
                  {
                     "x": 630.0,
                     "y": 2230.0
                  },
                  {
                     "x": 578.0,
                     "y": 2230.0
                  }
               ]
            },
            "description": "for",
            "score": 0.98,
            "line": 33,
            "tag": ""
         },
         {
            "boundingPoly": {
               "vertices": [
                  {
                     "x": 632.0,
                     "y": 2201.0
                  },
                  {
                     "x": 711.0,
                     "y": 2201.0
                  },
                  {
                     "x": 711.0,
                     "y": 2238.0
                  },
                  {
                     "x": 632.0,
                     "y": 2238.0
                  }
               ]
            },
            "description": "your",
            "score": 0.99,
            "line": 33,
            "tag": ""
         },
         {
            "boundingPoly": {
               "vertices": [
                  {
                     "x": 712.0,
                     "y": 2194.0
                  },
                  {
                     "x": 872.0,
                     "y": 2194.0
                  },
                  {
                     "x": 872.0,
                     "y": 2231.0
                  },
                  {
                     "x": 712.0,
                     "y": 2231.0
                  }
               ]
            },
            "description": "business!",
            "score": 0.99,
            "line": 33,
            "tag": ""
         },
         {
            "boundingPoly": {
               "vertices": [
                  {
                     "x": 1163.0,
                     "y": 2195.0
                  },
                  {
                     "x": 1301.0,
                     "y": 2195.0
                  },
                  {
                     "x": 1301.0,
                     "y": 2233.0
                  },
                  {
                     "x": 1163.0,
                     "y": 2233.0
                  }
               ]
            },
            "description": "TOTAL",
            "score": 0.99,
            "line": 33,
            "tag": ""
         },
         {
            "boundingPoly": {
               "vertices": [
                  {
                     "x": 1791.0,
                     "y": 2197.0
                  },
                  {
                     "x": 1956.0,
                     "y": 2197.0
                  },
                  {
                     "x": 1956.0,
                     "y": 2238.0
                  },
                  {
                     "x": 1791.0,
                     "y": 2238.0
                  }
               ]
            },
            "description": "1725,00",
            "score": 0.99,
            "line": 33,
            "tag": "total"
         }
      ],
      [
         {
            "boundingPoly": {
               "vertices": [
                  {
                     "x": 620.0,
                     "y": 2509.0
                  },
                  {
                     "x": 646.0,
                     "y": 2509.0
                  },
                  {
                     "x": 646.0,
                     "y": 2542.0
                  },
                  {
                     "x": 620.0,
                     "y": 2542.0
                  }
               ]
            },
            "description": "If",
            "score": 0.99,
            "line": 34,
            "tag": ""
         },
         {
            "boundingPoly": {
               "vertices": [
                  {
                     "x": 648.0,
                     "y": 2515.0
                  },
                  {
                     "x": 704.0,
                     "y": 2515.0
                  },
                  {
                     "x": 704.0,
                     "y": 2549.0
                  },
                  {
                     "x": 648.0,
                     "y": 2549.0
                  }
               ]
            },
            "description": "you",
            "score": 0.99,
            "line": 34,
            "tag": ""
         },
         {
            "boundingPoly": {
               "vertices": [
                  {
                     "x": 710.0,
                     "y": 2510.0
                  },
                  {
                     "x": 785.0,
                     "y": 2510.0
                  },
                  {
                     "x": 785.0,
                     "y": 2542.0
                  },
                  {
                     "x": 710.0,
                     "y": 2542.0
                  }
               ]
            },
            "description": "have",
            "score": 0.99,
            "line": 34,
            "tag": ""
         },
         {
            "boundingPoly": {
               "vertices": [
                  {
                     "x": 792.0,
                     "y": 2516.0
                  },
                  {
                     "x": 850.0,
                     "y": 2516.0
                  },
                  {
                     "x": 850.0,
                     "y": 2549.0
                  },
                  {
                     "x": 792.0,
                     "y": 2549.0
                  }
               ]
            },
            "description": "any",
            "score": 0.99,
            "line": 34,
            "tag": ""
         },
         {
            "boundingPoly": {
               "vertices": [
                  {
                     "x": 852.0,
                     "y": 2509.0
                  },
                  {
                     "x": 998.0,
                     "y": 2509.0
                  },
                  {
                     "x": 998.0,
                     "y": 2549.0
                  },
                  {
                     "x": 852.0,
                     "y": 2549.0
                  }
               ]
            },
            "description": "questions",
            "score": 0.98,
            "line": 34,
            "tag": ""
         },
         {
            "boundingPoly": {
               "vertices": [
                  {
                     "x": 1005.0,
                     "y": 2510.0
                  },
                  {
                     "x": 1095.0,
                     "y": 2510.0
                  },
                  {
                     "x": 1095.0,
                     "y": 2542.0
                  },
                  {
                     "x": 1005.0,
                     "y": 2542.0
                  }
               ]
            },
            "description": "about",
            "score": 0.99,
            "line": 34,
            "tag": ""
         },
         {
            "boundingPoly": {
               "vertices": [
                  {
                     "x": 1095.0,
                     "y": 2510.0
                  },
                  {
                     "x": 1151.0,
                     "y": 2510.0
                  },
                  {
                     "x": 1151.0,
                     "y": 2543.0
                  },
                  {
                     "x": 1095.0,
                     "y": 2543.0
                  }
               ]
            },
            "description": "this",
            "score": 0.99,
            "line": 34,
            "tag": ""
         },
         {
            "boundingPoly": {
               "vertices": [
                  {
                     "x": 1158.0,
                     "y": 2509.0
                  },
                  {
                     "x": 1272.0,
                     "y": 2509.0
                  },
                  {
                     "x": 1272.0,
                     "y": 2547.0
                  },
                  {
                     "x": 1158.0,
                     "y": 2547.0
                  }
               ]
            },
            "description": "invoice,",
            "score": 0.98,
            "line": 34,
            "tag": ""
         },
         {
            "boundingPoly": {
               "vertices": [
                  {
                     "x": 1280.0,
                     "y": 2510.0
                  },
                  {
                     "x": 1380.0,
                     "y": 2510.0
                  },
                  {
                     "x": 1380.0,
                     "y": 2549.0
                  },
                  {
                     "x": 1280.0,
                     "y": 2549.0
                  }
               ]
            },
            "description": "please",
            "score": 0.99,
            "line": 34,
            "tag": ""
         },
         {
            "boundingPoly": {
               "vertices": [
                  {
                     "x": 1386.0,
                     "y": 2511.0
                  },
                  {
                     "x": 1501.0,
                     "y": 2511.0
                  },
                  {
                     "x": 1501.0,
                     "y": 2543.0
                  },
                  {
                     "x": 1386.0,
                     "y": 2543.0
                  }
               ]
            },
            "description": "contact",
            "score": 0.99,
            "line": 34,
            "tag": ""
         }
      ],
      [
         {
            "boundingPoly": {
               "vertices": [
                  {
                     "x": 874.0,
                     "y": 2554.0
                  },
                  {
                     "x": 970.0,
                     "y": 2554.0
                  },
                  {
                     "x": 970.0,
                     "y": 2593.0
                  },
                  {
                     "x": 874.0,
                     "y": 2593.0
                  }
               ]
            },
            "description": "[Leon,",
            "score": 0.83,
            "line": 35,
            "tag": ""
         },
         {
            "boundingPoly": {
               "vertices": [
                  {
                     "x": 978.0,
                     "y": 2553.0
                  },
                  {
                     "x": 1246.0,
                     "y": 2553.0
                  },
                  {
                     "x": 1246.0,
                     "y": 2595.0
                  },
                  {
                     "x": 978.0,
                     "y": 2595.0
                  }
               ]
            },
            "description": "leon@robopro.co]",
            "score": 0.9,
            "line": 35,
            "tag": ""
         }
      ]
   ],
   "manual_edit": {
      "fields": [],
      "items": {}
   },
   "subset": "VALIDATE"
}