{
   "fields": {
      "invoice-no": "000000005",
      "date": "2019-06-10",
      "name": "FORCESTORE",
      "vendor-addr": "6146 Honey Bluff Parkway Calder, Michigan, 49628-7978 United States",
      "billing-name": "Veronica Costello",
      "billing-addr": "6146 Honey Bluff Parkway Calder, Michigan, 49628-7978 United States",
      "total": "243.45",
      "items": [],
      "language": "en"
   },
   "fname": "pilotbatch9_Invoice 01.pdf_1.jpg",
   "lines": [
      "ForceStore",
      "S FORCESTORE 6146 Honey Bluff Parkway",
      "Calder, Michigan, 49628-7978",
      "United States",
      "Order #000000007",
      "INVOICE #000000005 Order Jun 10, 2019,",
      "date 11:34:45 AM",
      "Veronica Costello Shipping Method",
      "6146 Honey Bluff Parkway Flat Rate - Fixed",
      "Calder, Michigan, 49628-7978",
      "United States Payment Method",
      "T: (555) 229-3326 Check \/ Money order",
      "Items Qty Subtotal",
      "Luma 7\" Analog Watch 3 $129.00",
      "SKU: 24-WG09",
      "Fusion Backpack 1 $59.00",
      "SKU: 24-MB02",
      "Helios Endurance Tank",
      "SKU: MT04-M-Blue",
      "Size",
      "1 $32.00",
      "M",
      "Color",
      "Blue",
      "Subtotal $220.00",
      "Shipping & Handling $25.00",
      "Discount -$18.20",
      "Tax $16.65",
      "Grand Total $243.45",
      "THANK YOU FOR YOUR ORDER!",
      "If you have questions about your order, you can email us at support@example.com."
   ],
   "line_tags": [
      "",
      "vendor-addr",
      "vendor-addr",
      "vendor-addr",
      "",
      "date",
      "",
      "billing-name",
      "billing-addr",
      "billing-addr",
      "billing-addr",
      "",
      "",
      "",
      "",
      "",
      "",
      "",
      "",
      "",
      "",
      "",
      "",
      "",
      "",
      "",
      "",
      "",
      "total",
      "",
      ""
   ],
   "words": [
      [
         {
            "boundingPoly": {
               "vertices": [
                  {
                     "x": 1298.0,
                     "y": 166.0
                  },
                  {
                     "x": 1521.0,
                     "y": 166.0
                  },
                  {
                     "x": 1521.0,
                     "y": 206.0
                  },
                  {
                     "x": 1298.0,
                     "y": 206.0
                  }
               ]
            },
            "description": "ForceStore",
            "score": 0.99,
            "line": 0,
            "tag": ""
         }
      ],
      [
         {
            "boundingPoly": {
               "vertices": [
                  {
                     "x": 137.0,
                     "y": 148.0
                  },
                  {
                     "x": 287.0,
                     "y": 148.0
                  },
                  {
                     "x": 287.0,
                     "y": 303.0
                  },
                  {
                     "x": 137.0,
                     "y": 303.0
                  }
               ]
            },
            "description": "S",
            "score": 0.36,
            "line": 1,
            "tag": ""
         },
         {
            "boundingPoly": {
               "vertices": [
                  {
                     "x": 309.0,
                     "y": 193.0
                  },
                  {
                     "x": 830.0,
                     "y": 193.0
                  },
                  {
                     "x": 830.0,
                     "y": 287.0
                  },
                  {
                     "x": 309.0,
                     "y": 287.0
                  }
               ]
            },
            "description": "FORCESTORE",
            "score": 0.98,
            "line": 1,
            "tag": "name"
         },
         {
            "boundingPoly": {
               "vertices": [
                  {
                     "x": 1298.0,
                     "y": 221.0
                  },
                  {
                     "x": 1392.0,
                     "y": 221.0
                  },
                  {
                     "x": 1392.0,
                     "y": 259.0
                  },
                  {
                     "x": 1298.0,
                     "y": 259.0
                  }
               ]
            },
            "description": "6146",
            "score": 0.99,
            "line": 1,
            "tag": "vendor-addr"
         },
         {
            "boundingPoly": {
               "vertices": [
                  {
                     "x": 1398.0,
                     "y": 220.0
                  },
                  {
                     "x": 1517.0,
                     "y": 220.0
                  },
                  {
                     "x": 1517.0,
                     "y": 267.0
                  },
                  {
                     "x": 1398.0,
                     "y": 267.0
                  }
               ]
            },
            "description": "Honey",
            "score": 0.99,
            "line": 1,
            "tag": "vendor-addr"
         },
         {
            "boundingPoly": {
               "vertices": [
                  {
                     "x": 1523.0,
                     "y": 219.0
                  },
                  {
                     "x": 1611.0,
                     "y": 219.0
                  },
                  {
                     "x": 1611.0,
                     "y": 259.0
                  },
                  {
                     "x": 1523.0,
                     "y": 259.0
                  }
               ]
            },
            "description": "Bluff",
            "score": 0.99,
            "line": 1,
            "tag": "vendor-addr"
         },
         {
            "boundingPoly": {
               "vertices": [
                  {
                     "x": 1614.0,
                     "y": 221.0
                  },
                  {
                     "x": 1768.0,
                     "y": 221.0
                  },
                  {
                     "x": 1768.0,
                     "y": 267.0
                  },
                  {
                     "x": 1614.0,
                     "y": 267.0
                  }
               ]
            },
            "description": "Parkway",
            "score": 0.99,
            "line": 1,
            "tag": "vendor-addr"
         }
      ],
      [
         {
            "boundingPoly": {
               "vertices": [
                  {
                     "x": 1297.0,
                     "y": 273.0
                  },
                  {
                     "x": 1426.0,
                     "y": 273.0
                  },
                  {
                     "x": 1426.0,
                     "y": 316.0
                  },
                  {
                     "x": 1297.0,
                     "y": 316.0
                  }
               ]
            },
            "description": "Calder,",
            "score": 0.99,
            "line": 2,
            "tag": "vendor-addr"
         },
         {
            "boundingPoly": {
               "vertices": [
                  {
                     "x": 1436.0,
                     "y": 273.0
                  },
                  {
                     "x": 1607.0,
                     "y": 273.0
                  },
                  {
                     "x": 1607.0,
                     "y": 319.0
                  },
                  {
                     "x": 1436.0,
                     "y": 319.0
                  }
               ]
            },
            "description": "Michigan,",
            "score": 0.99,
            "line": 2,
            "tag": "vendor-addr"
         },
         {
            "boundingPoly": {
               "vertices": [
                  {
                     "x": 1614.0,
                     "y": 273.0
                  },
                  {
                     "x": 1833.0,
                     "y": 273.0
                  },
                  {
                     "x": 1833.0,
                     "y": 312.0
                  },
                  {
                     "x": 1614.0,
                     "y": 312.0
                  }
               ]
            },
            "description": "49628-7978",
            "score": 0.99,
            "line": 2,
            "tag": "vendor-addr"
         }
      ],
      [
         {
            "boundingPoly": {
               "vertices": [
                  {
                     "x": 1297.0,
                     "y": 326.0
                  },
                  {
                     "x": 1418.0,
                     "y": 326.0
                  },
                  {
                     "x": 1418.0,
                     "y": 366.0
                  },
                  {
                     "x": 1297.0,
                     "y": 366.0
                  }
               ]
            },
            "description": "United",
            "score": 0.99,
            "line": 3,
            "tag": "vendor-addr"
         },
         {
            "boundingPoly": {
               "vertices": [
                  {
                     "x": 1424.0,
                     "y": 327.0
                  },
                  {
                     "x": 1543.0,
                     "y": 327.0
                  },
                  {
                     "x": 1543.0,
                     "y": 366.0
                  },
                  {
                     "x": 1424.0,
                     "y": 366.0
                  }
               ]
            },
            "description": "States",
            "score": 0.99,
            "line": 3,
            "tag": "vendor-addr"
         }
      ],
      [
         {
            "boundingPoly": {
               "vertices": [
                  {
                     "x": 1374.0,
                     "y": 572.0
                  },
                  {
                     "x": 1486.0,
                     "y": 572.0
                  },
                  {
                     "x": 1486.0,
                     "y": 613.0
                  },
                  {
                     "x": 1374.0,
                     "y": 613.0
                  }
               ]
            },
            "description": "Order",
            "score": 0.99,
            "line": 4,
            "tag": ""
         },
         {
            "boundingPoly": {
               "vertices": [
                  {
                     "x": 1651.0,
                     "y": 572.0
                  },
                  {
                     "x": 1908.0,
                     "y": 572.0
                  },
                  {
                     "x": 1908.0,
                     "y": 613.0
                  },
                  {
                     "x": 1651.0,
                     "y": 613.0
                  }
               ]
            },
            "description": "#000000007",
            "score": 0.97,
            "line": 4,
            "tag": ""
         }
      ],
      [
         {
            "boundingPoly": {
               "vertices": [
                  {
                     "x": 200.0,
                     "y": 603.0
                  },
                  {
                     "x": 562.0,
                     "y": 603.0
                  },
                  {
                     "x": 562.0,
                     "y": 686.0
                  },
                  {
                     "x": 200.0,
                     "y": 686.0
                  }
               ]
            },
            "description": "INVOICE",
            "score": 0.98,
            "line": 5,
            "tag": ""
         },
         {
            "boundingPoly": {
               "vertices": [
                  {
                     "x": 580.0,
                     "y": 601.0
                  },
                  {
                     "x": 1092.0,
                     "y": 601.0
                  },
                  {
                     "x": 1092.0,
                     "y": 687.0
                  },
                  {
                     "x": 580.0,
                     "y": 687.0
                  }
               ]
            },
            "description": "#000000005",
            "score": 0.87,
            "line": 5,
            "tag": "invoice-no"
         },
         {
            "boundingPoly": {
               "vertices": [
                  {
                     "x": 1374.0,
                     "y": 632.0
                  },
                  {
                     "x": 1485.0,
                     "y": 632.0
                  },
                  {
                     "x": 1485.0,
                     "y": 673.0
                  },
                  {
                     "x": 1374.0,
                     "y": 673.0
                  }
               ]
            },
            "description": "Order",
            "score": 0.99,
            "line": 5,
            "tag": ""
         },
         {
            "boundingPoly": {
               "vertices": [
                  {
                     "x": 1635.0,
                     "y": 633.0
                  },
                  {
                     "x": 1709.0,
                     "y": 633.0
                  },
                  {
                     "x": 1709.0,
                     "y": 679.0
                  },
                  {
                     "x": 1635.0,
                     "y": 679.0
                  }
               ]
            },
            "description": "Jun",
            "score": 0.99,
            "line": 5,
            "tag": "date"
         },
         {
            "boundingPoly": {
               "vertices": [
                  {
                     "x": 1716.0,
                     "y": 632.0
                  },
                  {
                     "x": 1782.0,
                     "y": 632.0
                  },
                  {
                     "x": 1782.0,
                     "y": 677.0
                  },
                  {
                     "x": 1716.0,
                     "y": 677.0
                  }
               ]
            },
            "description": "10,",
            "score": 0.98,
            "line": 5,
            "tag": "date"
         },
         {
            "boundingPoly": {
               "vertices": [
                  {
                     "x": 1790.0,
                     "y": 633.0
                  },
                  {
                     "x": 1907.0,
                     "y": 633.0
                  },
                  {
                     "x": 1907.0,
                     "y": 677.0
                  },
                  {
                     "x": 1790.0,
                     "y": 677.0
                  }
               ]
            },
            "description": "2019,",
            "score": 0.99,
            "line": 5,
            "tag": "date"
         }
      ],
      [
         {
            "boundingPoly": {
               "vertices": [
                  {
                     "x": 1375.0,
                     "y": 679.0
                  },
                  {
                     "x": 1462.0,
                     "y": 679.0
                  },
                  {
                     "x": 1462.0,
                     "y": 721.0
                  },
                  {
                     "x": 1375.0,
                     "y": 721.0
                  }
               ]
            },
            "description": "date",
            "score": 0.99,
            "line": 6,
            "tag": ""
         },
         {
            "boundingPoly": {
               "vertices": [
                  {
                     "x": 1652.0,
                     "y": 679.0
                  },
                  {
                     "x": 1834.0,
                     "y": 679.0
                  },
                  {
                     "x": 1834.0,
                     "y": 721.0
                  },
                  {
                     "x": 1652.0,
                     "y": 721.0
                  }
               ]
            },
            "description": "11:34:45",
            "score": 0.99,
            "line": 6,
            "tag": ""
         },
         {
            "boundingPoly": {
               "vertices": [
                  {
                     "x": 1839.0,
                     "y": 679.0
                  },
                  {
                     "x": 1909.0,
                     "y": 679.0
                  },
                  {
                     "x": 1909.0,
                     "y": 720.0
                  },
                  {
                     "x": 1839.0,
                     "y": 720.0
                  }
               ]
            },
            "description": "AM",
            "score": 0.99,
            "line": 6,
            "tag": ""
         }
      ],
      [
         {
            "boundingPoly": {
               "vertices": [
                  {
                     "x": 203.0,
                     "y": 929.0
                  },
                  {
                     "x": 367.0,
                     "y": 929.0
                  },
                  {
                     "x": 367.0,
                     "y": 970.0
                  },
                  {
                     "x": 203.0,
                     "y": 970.0
                  }
               ]
            },
            "description": "Veronica",
            "score": 0.99,
            "line": 7,
            "tag": "billing-name"
         },
         {
            "boundingPoly": {
               "vertices": [
                  {
                     "x": 371.0,
                     "y": 929.0
                  },
                  {
                     "x": 519.0,
                     "y": 929.0
                  },
                  {
                     "x": 519.0,
                     "y": 968.0
                  },
                  {
                     "x": 371.0,
                     "y": 968.0
                  }
               ]
            },
            "description": "Costello",
            "score": 0.99,
            "line": 7,
            "tag": "billing-name"
         },
         {
            "boundingPoly": {
               "vertices": [
                  {
                     "x": 1366.0,
                     "y": 928.0
                  },
                  {
                     "x": 1545.0,
                     "y": 928.0
                  },
                  {
                     "x": 1545.0,
                     "y": 977.0
                  },
                  {
                     "x": 1366.0,
                     "y": 977.0
                  }
               ]
            },
            "description": "Shipping",
            "score": 0.99,
            "line": 7,
            "tag": ""
         },
         {
            "boundingPoly": {
               "vertices": [
                  {
                     "x": 1555.0,
                     "y": 929.0
                  },
                  {
                     "x": 1708.0,
                     "y": 929.0
                  },
                  {
                     "x": 1708.0,
                     "y": 969.0
                  },
                  {
                     "x": 1555.0,
                     "y": 969.0
                  }
               ]
            },
            "description": "Method",
            "score": 0.99,
            "line": 7,
            "tag": ""
         }
      ],
      [
         {
            "boundingPoly": {
               "vertices": [
                  {
                     "x": 206.0,
                     "y": 989.0
                  },
                  {
                     "x": 302.0,
                     "y": 989.0
                  },
                  {
                     "x": 302.0,
                     "y": 1029.0
                  },
                  {
                     "x": 206.0,
                     "y": 1029.0
                  }
               ]
            },
            "description": "6146",
            "score": 0.99,
            "line": 8,
            "tag": "billing-addr"
         },
         {
            "boundingPoly": {
               "vertices": [
                  {
                     "x": 306.0,
                     "y": 990.0
                  },
                  {
                     "x": 426.0,
                     "y": 990.0
                  },
                  {
                     "x": 426.0,
                     "y": 1035.0
                  },
                  {
                     "x": 306.0,
                     "y": 1035.0
                  }
               ]
            },
            "description": "Honey",
            "score": 0.99,
            "line": 8,
            "tag": "billing-addr"
         },
         {
            "boundingPoly": {
               "vertices": [
                  {
                     "x": 432.0,
                     "y": 988.0
                  },
                  {
                     "x": 520.0,
                     "y": 988.0
                  },
                  {
                     "x": 520.0,
                     "y": 1028.0
                  },
                  {
                     "x": 432.0,
                     "y": 1028.0
                  }
               ]
            },
            "description": "Bluff",
            "score": 0.99,
            "line": 8,
            "tag": "billing-addr"
         },
         {
            "boundingPoly": {
               "vertices": [
                  {
                     "x": 523.0,
                     "y": 989.0
                  },
                  {
                     "x": 677.0,
                     "y": 989.0
                  },
                  {
                     "x": 677.0,
                     "y": 1035.0
                  },
                  {
                     "x": 523.0,
                     "y": 1035.0
                  }
               ]
            },
            "description": "Parkway",
            "score": 0.99,
            "line": 8,
            "tag": "billing-addr"
         },
         {
            "boundingPoly": {
               "vertices": [
                  {
                     "x": 1367.0,
                     "y": 989.0
                  },
                  {
                     "x": 1438.0,
                     "y": 989.0
                  },
                  {
                     "x": 1438.0,
                     "y": 1028.0
                  },
                  {
                     "x": 1367.0,
                     "y": 1028.0
                  }
               ]
            },
            "description": "Flat",
            "score": 0.98,
            "line": 8,
            "tag": ""
         },
         {
            "boundingPoly": {
               "vertices": [
                  {
                     "x": 1443.0,
                     "y": 990.0
                  },
                  {
                     "x": 1528.0,
                     "y": 990.0
                  },
                  {
                     "x": 1528.0,
                     "y": 1028.0
                  },
                  {
                     "x": 1443.0,
                     "y": 1028.0
                  }
               ]
            },
            "description": "Rate",
            "score": 0.99,
            "line": 8,
            "tag": ""
         },
         {
            "boundingPoly": {
               "vertices": [
                  {
                     "x": 1534.0,
                     "y": 994.0
                  },
                  {
                     "x": 1553.0,
                     "y": 994.0
                  },
                  {
                     "x": 1553.0,
                     "y": 1027.0
                  },
                  {
                     "x": 1534.0,
                     "y": 1027.0
                  }
               ]
            },
            "description": "-",
            "score": 0.99,
            "line": 8,
            "tag": ""
         },
         {
            "boundingPoly": {
               "vertices": [
                  {
                     "x": 1560.0,
                     "y": 988.0
                  },
                  {
                     "x": 1659.0,
                     "y": 988.0
                  },
                  {
                     "x": 1659.0,
                     "y": 1029.0
                  },
                  {
                     "x": 1560.0,
                     "y": 1029.0
                  }
               ]
            },
            "description": "Fixed",
            "score": 0.99,
            "line": 8,
            "tag": ""
         }
      ],
      [
         {
            "boundingPoly": {
               "vertices": [
                  {
                     "x": 205.0,
                     "y": 1047.0
                  },
                  {
                     "x": 335.0,
                     "y": 1047.0
                  },
                  {
                     "x": 335.0,
                     "y": 1090.0
                  },
                  {
                     "x": 205.0,
                     "y": 1090.0
                  }
               ]
            },
            "description": "Calder,",
            "score": 0.99,
            "line": 9,
            "tag": "billing-addr"
         },
         {
            "boundingPoly": {
               "vertices": [
                  {
                     "x": 344.0,
                     "y": 1046.0
                  },
                  {
                     "x": 517.0,
                     "y": 1046.0
                  },
                  {
                     "x": 517.0,
                     "y": 1094.0
                  },
                  {
                     "x": 344.0,
                     "y": 1094.0
                  }
               ]
            },
            "description": "Michigan,",
            "score": 0.99,
            "line": 9,
            "tag": "billing-addr"
         },
         {
            "boundingPoly": {
               "vertices": [
                  {
                     "x": 522.0,
                     "y": 1048.0
                  },
                  {
                     "x": 743.0,
                     "y": 1048.0
                  },
                  {
                     "x": 743.0,
                     "y": 1086.0
                  },
                  {
                     "x": 522.0,
                     "y": 1086.0
                  }
               ]
            },
            "description": "49628-7978",
            "score": 0.99,
            "line": 9,
            "tag": "billing-addr"
         }
      ],
      [
         {
            "boundingPoly": {
               "vertices": [
                  {
                     "x": 205.0,
                     "y": 1103.0
                  },
                  {
                     "x": 327.0,
                     "y": 1103.0
                  },
                  {
                     "x": 327.0,
                     "y": 1146.0
                  },
                  {
                     "x": 205.0,
                     "y": 1146.0
                  }
               ]
            },
            "description": "United",
            "score": 0.99,
            "line": 10,
            "tag": "billing-addr"
         },
         {
            "boundingPoly": {
               "vertices": [
                  {
                     "x": 333.0,
                     "y": 1105.0
                  },
                  {
                     "x": 451.0,
                     "y": 1105.0
                  },
                  {
                     "x": 451.0,
                     "y": 1147.0
                  },
                  {
                     "x": 333.0,
                     "y": 1147.0
                  }
               ]
            },
            "description": "States",
            "score": 0.99,
            "line": 10,
            "tag": "billing-addr"
         },
         {
            "boundingPoly": {
               "vertices": [
                  {
                     "x": 1367.0,
                     "y": 1106.0
                  },
                  {
                     "x": 1547.0,
                     "y": 1106.0
                  },
                  {
                     "x": 1547.0,
                     "y": 1153.0
                  },
                  {
                     "x": 1367.0,
                     "y": 1153.0
                  }
               ]
            },
            "description": "Payment",
            "score": 0.99,
            "line": 10,
            "tag": ""
         },
         {
            "boundingPoly": {
               "vertices": [
                  {
                     "x": 1554.0,
                     "y": 1106.0
                  },
                  {
                     "x": 1708.0,
                     "y": 1106.0
                  },
                  {
                     "x": 1708.0,
                     "y": 1146.0
                  },
                  {
                     "x": 1554.0,
                     "y": 1146.0
                  }
               ]
            },
            "description": "Method",
            "score": 0.99,
            "line": 10,
            "tag": ""
         }
      ],
      [
         {
            "boundingPoly": {
               "vertices": [
                  {
                     "x": 203.0,
                     "y": 1166.0
                  },
                  {
                     "x": 245.0,
                     "y": 1166.0
                  },
                  {
                     "x": 245.0,
                     "y": 1205.0
                  },
                  {
                     "x": 203.0,
                     "y": 1205.0
                  }
               ]
            },
            "description": "T:",
            "score": 0.98,
            "line": 11,
            "tag": ""
         },
         {
            "boundingPoly": {
               "vertices": [
                  {
                     "x": 252.0,
                     "y": 1165.0
                  },
                  {
                     "x": 350.0,
                     "y": 1165.0
                  },
                  {
                     "x": 350.0,
                     "y": 1209.0
                  },
                  {
                     "x": 252.0,
                     "y": 1209.0
                  }
               ]
            },
            "description": "(555)",
            "score": 0.99,
            "line": 11,
            "tag": ""
         },
         {
            "boundingPoly": {
               "vertices": [
                  {
                     "x": 356.0,
                     "y": 1166.0
                  },
                  {
                     "x": 531.0,
                     "y": 1166.0
                  },
                  {
                     "x": 531.0,
                     "y": 1204.0
                  },
                  {
                     "x": 356.0,
                     "y": 1204.0
                  }
               ]
            },
            "description": "229-3326",
            "score": 0.99,
            "line": 11,
            "tag": ""
         },
         {
            "boundingPoly": {
               "vertices": [
                  {
                     "x": 1366.0,
                     "y": 1164.0
                  },
                  {
                     "x": 1480.0,
                     "y": 1164.0
                  },
                  {
                     "x": 1480.0,
                     "y": 1205.0
                  },
                  {
                     "x": 1366.0,
                     "y": 1205.0
                  }
               ]
            },
            "description": "Check",
            "score": 0.99,
            "line": 11,
            "tag": ""
         },
         {
            "boundingPoly": {
               "vertices": [
                  {
                     "x": 1484.0,
                     "y": 1165.0
                  },
                  {
                     "x": 1503.0,
                     "y": 1165.0
                  },
                  {
                     "x": 1503.0,
                     "y": 1207.0
                  },
                  {
                     "x": 1484.0,
                     "y": 1207.0
                  }
               ]
            },
            "description": "\/",
            "score": 0.99,
            "line": 11,
            "tag": ""
         },
         {
            "boundingPoly": {
               "vertices": [
                  {
                     "x": 1510.0,
                     "y": 1166.0
                  },
                  {
                     "x": 1630.0,
                     "y": 1166.0
                  },
                  {
                     "x": 1630.0,
                     "y": 1211.0
                  },
                  {
                     "x": 1510.0,
                     "y": 1211.0
                  }
               ]
            },
            "description": "Money",
            "score": 0.98,
            "line": 11,
            "tag": ""
         },
         {
            "boundingPoly": {
               "vertices": [
                  {
                     "x": 1636.0,
                     "y": 1164.0
                  },
                  {
                     "x": 1739.0,
                     "y": 1164.0
                  },
                  {
                     "x": 1739.0,
                     "y": 1204.0
                  },
                  {
                     "x": 1636.0,
                     "y": 1204.0
                  }
               ]
            },
            "description": "order",
            "score": 0.98,
            "line": 11,
            "tag": ""
         }
      ],
      [
         {
            "boundingPoly": {
               "vertices": [
                  {
                     "x": 177.0,
                     "y": 1365.0
                  },
                  {
                     "x": 282.0,
                     "y": 1365.0
                  },
                  {
                     "x": 282.0,
                     "y": 1407.0
                  },
                  {
                     "x": 177.0,
                     "y": 1407.0
                  }
               ]
            },
            "description": "Items",
            "score": 0.99,
            "line": 12,
            "tag": ""
         },
         {
            "boundingPoly": {
               "vertices": [
                  {
                     "x": 1072.0,
                     "y": 1365.0
                  },
                  {
                     "x": 1143.0,
                     "y": 1365.0
                  },
                  {
                     "x": 1143.0,
                     "y": 1412.0
                  },
                  {
                     "x": 1072.0,
                     "y": 1412.0
                  }
               ]
            },
            "description": "Qty",
            "score": 0.9,
            "line": 12,
            "tag": ""
         },
         {
            "boundingPoly": {
               "vertices": [
                  {
                     "x": 1786.0,
                     "y": 1364.0
                  },
                  {
                     "x": 1941.0,
                     "y": 1364.0
                  },
                  {
                     "x": 1941.0,
                     "y": 1406.0
                  },
                  {
                     "x": 1786.0,
                     "y": 1406.0
                  }
               ]
            },
            "description": "Subtotal",
            "score": 0.99,
            "line": 12,
            "tag": ""
         }
      ],
      [
         {
            "boundingPoly": {
               "vertices": [
                  {
                     "x": 178.0,
                     "y": 1453.0
                  },
                  {
                     "x": 280.0,
                     "y": 1453.0
                  },
                  {
                     "x": 280.0,
                     "y": 1492.0
                  },
                  {
                     "x": 178.0,
                     "y": 1492.0
                  }
               ]
            },
            "description": "Luma",
            "score": 0.9,
            "line": 13,
            "tag": ""
         },
         {
            "boundingPoly": {
               "vertices": [
                  {
                     "x": 287.0,
                     "y": 1453.0
                  },
                  {
                     "x": 328.0,
                     "y": 1453.0
                  },
                  {
                     "x": 328.0,
                     "y": 1491.0
                  },
                  {
                     "x": 287.0,
                     "y": 1491.0
                  }
               ]
            },
            "description": "7\"",
            "score": 0.99,
            "line": 13,
            "tag": ""
         },
         {
            "boundingPoly": {
               "vertices": [
                  {
                     "x": 334.0,
                     "y": 1453.0
                  },
                  {
                     "x": 462.0,
                     "y": 1453.0
                  },
                  {
                     "x": 462.0,
                     "y": 1498.0
                  },
                  {
                     "x": 334.0,
                     "y": 1498.0
                  }
               ]
            },
            "description": "Analog",
            "score": 0.99,
            "line": 13,
            "tag": ""
         },
         {
            "boundingPoly": {
               "vertices": [
                  {
                     "x": 469.0,
                     "y": 1453.0
                  },
                  {
                     "x": 585.0,
                     "y": 1453.0
                  },
                  {
                     "x": 585.0,
                     "y": 1492.0
                  },
                  {
                     "x": 469.0,
                     "y": 1492.0
                  }
               ]
            },
            "description": "Watch",
            "score": 0.99,
            "line": 13,
            "tag": ""
         },
         {
            "boundingPoly": {
               "vertices": [
                  {
                     "x": 1073.0,
                     "y": 1475.0
                  },
                  {
                     "x": 1100.0,
                     "y": 1475.0
                  },
                  {
                     "x": 1100.0,
                     "y": 1515.0
                  },
                  {
                     "x": 1073.0,
                     "y": 1515.0
                  }
               ]
            },
            "description": "3",
            "score": 0.99,
            "line": 13,
            "tag": ""
         },
         {
            "boundingPoly": {
               "vertices": [
                  {
                     "x": 1788.0,
                     "y": 1475.0
                  },
                  {
                     "x": 1943.0,
                     "y": 1475.0
                  },
                  {
                     "x": 1943.0,
                     "y": 1520.0
                  },
                  {
                     "x": 1788.0,
                     "y": 1520.0
                  }
               ]
            },
            "description": "$129.00",
            "score": 0.99,
            "line": 13,
            "tag": ""
         }
      ],
      [
         {
            "boundingPoly": {
               "vertices": [
                  {
                     "x": 176.0,
                     "y": 1500.0
                  },
                  {
                     "x": 265.0,
                     "y": 1500.0
                  },
                  {
                     "x": 265.0,
                     "y": 1539.0
                  },
                  {
                     "x": 176.0,
                     "y": 1539.0
                  }
               ]
            },
            "description": "SKU:",
            "score": 0.99,
            "line": 14,
            "tag": ""
         },
         {
            "boundingPoly": {
               "vertices": [
                  {
                     "x": 270.0,
                     "y": 1500.0
                  },
                  {
                     "x": 441.0,
                     "y": 1500.0
                  },
                  {
                     "x": 441.0,
                     "y": 1539.0
                  },
                  {
                     "x": 270.0,
                     "y": 1539.0
                  }
               ]
            },
            "description": "24-WG09",
            "score": 0.97,
            "line": 14,
            "tag": ""
         }
      ],
      [
         {
            "boundingPoly": {
               "vertices": [
                  {
                     "x": 177.0,
                     "y": 1599.0
                  },
                  {
                     "x": 296.0,
                     "y": 1599.0
                  },
                  {
                     "x": 296.0,
                     "y": 1640.0
                  },
                  {
                     "x": 177.0,
                     "y": 1640.0
                  }
               ]
            },
            "description": "Fusion",
            "score": 0.99,
            "line": 15,
            "tag": ""
         },
         {
            "boundingPoly": {
               "vertices": [
                  {
                     "x": 303.0,
                     "y": 1599.0
                  },
                  {
                     "x": 478.0,
                     "y": 1599.0
                  },
                  {
                     "x": 478.0,
                     "y": 1646.0
                  },
                  {
                     "x": 303.0,
                     "y": 1646.0
                  }
               ]
            },
            "description": "Backpack",
            "score": 0.99,
            "line": 15,
            "tag": ""
         },
         {
            "boundingPoly": {
               "vertices": [
                  {
                     "x": 1074.0,
                     "y": 1624.0
                  },
                  {
                     "x": 1099.0,
                     "y": 1624.0
                  },
                  {
                     "x": 1099.0,
                     "y": 1663.0
                  },
                  {
                     "x": 1074.0,
                     "y": 1663.0
                  }
               ]
            },
            "description": "1",
            "score": 0.99,
            "line": 15,
            "tag": ""
         },
         {
            "boundingPoly": {
               "vertices": [
                  {
                     "x": 1812.0,
                     "y": 1623.0
                  },
                  {
                     "x": 1942.0,
                     "y": 1623.0
                  },
                  {
                     "x": 1942.0,
                     "y": 1666.0
                  },
                  {
                     "x": 1812.0,
                     "y": 1666.0
                  }
               ]
            },
            "description": "$59.00",
            "score": 0.99,
            "line": 15,
            "tag": ""
         }
      ],
      [
         {
            "boundingPoly": {
               "vertices": [
                  {
                     "x": 176.0,
                     "y": 1648.0
                  },
                  {
                     "x": 264.0,
                     "y": 1648.0
                  },
                  {
                     "x": 264.0,
                     "y": 1686.0
                  },
                  {
                     "x": 176.0,
                     "y": 1686.0
                  }
               ]
            },
            "description": "SKU:",
            "score": 0.99,
            "line": 16,
            "tag": ""
         },
         {
            "boundingPoly": {
               "vertices": [
                  {
                     "x": 271.0,
                     "y": 1647.0
                  },
                  {
                     "x": 433.0,
                     "y": 1647.0
                  },
                  {
                     "x": 433.0,
                     "y": 1686.0
                  },
                  {
                     "x": 271.0,
                     "y": 1686.0
                  }
               ]
            },
            "description": "24-MB02",
            "score": 0.98,
            "line": 16,
            "tag": ""
         }
      ],
      [
         {
            "boundingPoly": {
               "vertices": [
                  {
                     "x": 178.0,
                     "y": 1746.0
                  },
                  {
                     "x": 290.0,
                     "y": 1746.0
                  },
                  {
                     "x": 290.0,
                     "y": 1786.0
                  },
                  {
                     "x": 178.0,
                     "y": 1786.0
                  }
               ]
            },
            "description": "Helios",
            "score": 0.99,
            "line": 17,
            "tag": ""
         },
         {
            "boundingPoly": {
               "vertices": [
                  {
                     "x": 298.0,
                     "y": 1746.0
                  },
                  {
                     "x": 490.0,
                     "y": 1746.0
                  },
                  {
                     "x": 490.0,
                     "y": 1787.0
                  },
                  {
                     "x": 298.0,
                     "y": 1787.0
                  }
               ]
            },
            "description": "Endurance",
            "score": 0.99,
            "line": 17,
            "tag": ""
         },
         {
            "boundingPoly": {
               "vertices": [
                  {
                     "x": 494.0,
                     "y": 1746.0
                  },
                  {
                     "x": 589.0,
                     "y": 1746.0
                  },
                  {
                     "x": 589.0,
                     "y": 1787.0
                  },
                  {
                     "x": 494.0,
                     "y": 1787.0
                  }
               ]
            },
            "description": "Tank",
            "score": 0.99,
            "line": 17,
            "tag": ""
         }
      ],
      [
         {
            "boundingPoly": {
               "vertices": [
                  {
                     "x": 177.0,
                     "y": 1795.0
                  },
                  {
                     "x": 264.0,
                     "y": 1795.0
                  },
                  {
                     "x": 264.0,
                     "y": 1833.0
                  },
                  {
                     "x": 177.0,
                     "y": 1833.0
                  }
               ]
            },
            "description": "SKU:",
            "score": 0.99,
            "line": 18,
            "tag": ""
         },
         {
            "boundingPoly": {
               "vertices": [
                  {
                     "x": 272.0,
                     "y": 1795.0
                  },
                  {
                     "x": 509.0,
                     "y": 1795.0
                  },
                  {
                     "x": 509.0,
                     "y": 1834.0
                  },
                  {
                     "x": 272.0,
                     "y": 1834.0
                  }
               ]
            },
            "description": "MT04-M-Blue",
            "score": 0.99,
            "line": 18,
            "tag": ""
         }
      ],
      [
         {
            "boundingPoly": {
               "vertices": [
                  {
                     "x": 176.0,
                     "y": 1841.0
                  },
                  {
                     "x": 264.0,
                     "y": 1841.0
                  },
                  {
                     "x": 264.0,
                     "y": 1881.0
                  },
                  {
                     "x": 176.0,
                     "y": 1881.0
                  }
               ]
            },
            "description": "Size",
            "score": 0.99,
            "line": 19,
            "tag": ""
         }
      ],
      [
         {
            "boundingPoly": {
               "vertices": [
                  {
                     "x": 1073.0,
                     "y": 1866.0
                  },
                  {
                     "x": 1100.0,
                     "y": 1866.0
                  },
                  {
                     "x": 1100.0,
                     "y": 1906.0
                  },
                  {
                     "x": 1073.0,
                     "y": 1906.0
                  }
               ]
            },
            "description": "1",
            "score": 0.99,
            "line": 20,
            "tag": ""
         },
         {
            "boundingPoly": {
               "vertices": [
                  {
                     "x": 1813.0,
                     "y": 1864.0
                  },
                  {
                     "x": 1942.0,
                     "y": 1864.0
                  },
                  {
                     "x": 1942.0,
                     "y": 1907.0
                  },
                  {
                     "x": 1813.0,
                     "y": 1907.0
                  }
               ]
            },
            "description": "$32.00",
            "score": 0.99,
            "line": 20,
            "tag": ""
         }
      ],
      [
         {
            "boundingPoly": {
               "vertices": [
                  {
                     "x": 179.0,
                     "y": 1890.0
                  },
                  {
                     "x": 212.0,
                     "y": 1890.0
                  },
                  {
                     "x": 212.0,
                     "y": 1927.0
                  },
                  {
                     "x": 179.0,
                     "y": 1927.0
                  }
               ]
            },
            "description": "M",
            "score": 0.97,
            "line": 21,
            "tag": ""
         }
      ],
      [
         {
            "boundingPoly": {
               "vertices": [
                  {
                     "x": 178.0,
                     "y": 1935.0
                  },
                  {
                     "x": 290.0,
                     "y": 1935.0
                  },
                  {
                     "x": 290.0,
                     "y": 1975.0
                  },
                  {
                     "x": 178.0,
                     "y": 1975.0
                  }
               ]
            },
            "description": "Color",
            "score": 0.99,
            "line": 22,
            "tag": ""
         }
      ],
      [
         {
            "boundingPoly": {
               "vertices": [
                  {
                     "x": 178.0,
                     "y": 1983.0
                  },
                  {
                     "x": 259.0,
                     "y": 1983.0
                  },
                  {
                     "x": 259.0,
                     "y": 2022.0
                  },
                  {
                     "x": 178.0,
                     "y": 2022.0
                  }
               ]
            },
            "description": "Blue",
            "score": 0.99,
            "line": 23,
            "tag": ""
         }
      ],
      [
         {
            "boundingPoly": {
               "vertices": [
                  {
                     "x": 1193.0,
                     "y": 2073.0
                  },
                  {
                     "x": 1348.0,
                     "y": 2073.0
                  },
                  {
                     "x": 1348.0,
                     "y": 2115.0
                  },
                  {
                     "x": 1193.0,
                     "y": 2115.0
                  }
               ]
            },
            "description": "Subtotal",
            "score": 0.99,
            "line": 24,
            "tag": ""
         },
         {
            "boundingPoly": {
               "vertices": [
                  {
                     "x": 1786.0,
                     "y": 2075.0
                  },
                  {
                     "x": 1939.0,
                     "y": 2075.0
                  },
                  {
                     "x": 1939.0,
                     "y": 2119.0
                  },
                  {
                     "x": 1786.0,
                     "y": 2119.0
                  }
               ]
            },
            "description": "$220.00",
            "score": 0.99,
            "line": 24,
            "tag": ""
         }
      ],
      [
         {
            "boundingPoly": {
               "vertices": [
                  {
                     "x": 980.0,
                     "y": 2152.0
                  },
                  {
                     "x": 1139.0,
                     "y": 2152.0
                  },
                  {
                     "x": 1139.0,
                     "y": 2202.0
                  },
                  {
                     "x": 980.0,
                     "y": 2202.0
                  }
               ]
            },
            "description": "Shipping",
            "score": 0.99,
            "line": 25,
            "tag": ""
         },
         {
            "boundingPoly": {
               "vertices": [
                  {
                     "x": 1145.0,
                     "y": 2153.0
                  },
                  {
                     "x": 1179.0,
                     "y": 2153.0
                  },
                  {
                     "x": 1179.0,
                     "y": 2194.0
                  },
                  {
                     "x": 1145.0,
                     "y": 2194.0
                  }
               ]
            },
            "description": "&",
            "score": 0.99,
            "line": 25,
            "tag": ""
         },
         {
            "boundingPoly": {
               "vertices": [
                  {
                     "x": 1184.0,
                     "y": 2152.0
                  },
                  {
                     "x": 1346.0,
                     "y": 2152.0
                  },
                  {
                     "x": 1346.0,
                     "y": 2201.0
                  },
                  {
                     "x": 1184.0,
                     "y": 2201.0
                  }
               ]
            },
            "description": "Handling",
            "score": 0.98,
            "line": 25,
            "tag": ""
         },
         {
            "boundingPoly": {
               "vertices": [
                  {
                     "x": 1809.0,
                     "y": 2153.0
                  },
                  {
                     "x": 1940.0,
                     "y": 2153.0
                  },
                  {
                     "x": 1940.0,
                     "y": 2198.0
                  },
                  {
                     "x": 1809.0,
                     "y": 2198.0
                  }
               ]
            },
            "description": "$25.00",
            "score": 0.99,
            "line": 25,
            "tag": ""
         }
      ],
      [
         {
            "boundingPoly": {
               "vertices": [
                  {
                     "x": 1186.0,
                     "y": 2233.0
                  },
                  {
                     "x": 1349.0,
                     "y": 2233.0
                  },
                  {
                     "x": 1349.0,
                     "y": 2273.0
                  },
                  {
                     "x": 1186.0,
                     "y": 2273.0
                  }
               ]
            },
            "description": "Discount",
            "score": 0.99,
            "line": 26,
            "tag": ""
         },
         {
            "boundingPoly": {
               "vertices": [
                  {
                     "x": 1797.0,
                     "y": 2232.0
                  },
                  {
                     "x": 1939.0,
                     "y": 2232.0
                  },
                  {
                     "x": 1939.0,
                     "y": 2277.0
                  },
                  {
                     "x": 1797.0,
                     "y": 2277.0
                  }
               ]
            },
            "description": "-$18.20",
            "score": 0.99,
            "line": 26,
            "tag": ""
         }
      ],
      [
         {
            "boundingPoly": {
               "vertices": [
                  {
                     "x": 1275.0,
                     "y": 2311.0
                  },
                  {
                     "x": 1347.0,
                     "y": 2311.0
                  },
                  {
                     "x": 1347.0,
                     "y": 2351.0
                  },
                  {
                     "x": 1275.0,
                     "y": 2351.0
                  }
               ]
            },
            "description": "Tax",
            "score": 0.97,
            "line": 27,
            "tag": ""
         },
         {
            "boundingPoly": {
               "vertices": [
                  {
                     "x": 1808.0,
                     "y": 2311.0
                  },
                  {
                     "x": 1937.0,
                     "y": 2311.0
                  },
                  {
                     "x": 1937.0,
                     "y": 2358.0
                  },
                  {
                     "x": 1808.0,
                     "y": 2358.0
                  }
               ]
            },
            "description": "$16.65",
            "score": 0.99,
            "line": 27,
            "tag": ""
         }
      ],
      [
         {
            "boundingPoly": {
               "vertices": [
                  {
                     "x": 1108.0,
                     "y": 2391.0
                  },
                  {
                     "x": 1233.0,
                     "y": 2391.0
                  },
                  {
                     "x": 1233.0,
                     "y": 2431.0
                  },
                  {
                     "x": 1108.0,
                     "y": 2431.0
                  }
               ]
            },
            "description": "Grand",
            "score": 0.99,
            "line": 28,
            "tag": ""
         },
         {
            "boundingPoly": {
               "vertices": [
                  {
                     "x": 1238.0,
                     "y": 2389.0
                  },
                  {
                     "x": 1347.0,
                     "y": 2389.0
                  },
                  {
                     "x": 1347.0,
                     "y": 2431.0
                  },
                  {
                     "x": 1238.0,
                     "y": 2431.0
                  }
               ]
            },
            "description": "Total",
            "score": 0.99,
            "line": 28,
            "tag": ""
         },
         {
            "boundingPoly": {
               "vertices": [
                  {
                     "x": 1773.0,
                     "y": 2390.0
                  },
                  {
                     "x": 1939.0,
                     "y": 2390.0
                  },
                  {
                     "x": 1939.0,
                     "y": 2436.0
                  },
                  {
                     "x": 1773.0,
                     "y": 2436.0
                  }
               ]
            },
            "description": "$243.45",
            "score": 0.99,
            "line": 28,
            "tag": "total"
         }
      ],
      [
         {
            "boundingPoly": {
               "vertices": [
                  {
                     "x": 549.0,
                     "y": 2770.0
                  },
                  {
                     "x": 786.0,
                     "y": 2770.0
                  },
                  {
                     "x": 786.0,
                     "y": 2830.0
                  },
                  {
                     "x": 549.0,
                     "y": 2830.0
                  }
               ]
            },
            "description": "THANK",
            "score": 0.99,
            "line": 29,
            "tag": ""
         },
         {
            "boundingPoly": {
               "vertices": [
                  {
                     "x": 795.0,
                     "y": 2771.0
                  },
                  {
                     "x": 936.0,
                     "y": 2771.0
                  },
                  {
                     "x": 936.0,
                     "y": 2828.0
                  },
                  {
                     "x": 795.0,
                     "y": 2828.0
                  }
               ]
            },
            "description": "YOU",
            "score": 0.98,
            "line": 29,
            "tag": ""
         },
         {
            "boundingPoly": {
               "vertices": [
                  {
                     "x": 956.0,
                     "y": 2771.0
                  },
                  {
                     "x": 1093.0,
                     "y": 2771.0
                  },
                  {
                     "x": 1093.0,
                     "y": 2829.0
                  },
                  {
                     "x": 956.0,
                     "y": 2829.0
                  }
               ]
            },
            "description": "FOR",
            "score": 0.99,
            "line": 29,
            "tag": ""
         },
         {
            "boundingPoly": {
               "vertices": [
                  {
                     "x": 1105.0,
                     "y": 2770.0
                  },
                  {
                     "x": 1296.0,
                     "y": 2770.0
                  },
                  {
                     "x": 1296.0,
                     "y": 2829.0
                  },
                  {
                     "x": 1105.0,
                     "y": 2829.0
                  }
               ]
            },
            "description": "YOUR",
            "score": 0.99,
            "line": 29,
            "tag": ""
         },
         {
            "boundingPoly": {
               "vertices": [
                  {
                     "x": 1308.0,
                     "y": 2769.0
                  },
                  {
                     "x": 1564.0,
                     "y": 2769.0
                  },
                  {
                     "x": 1564.0,
                     "y": 2831.0
                  },
                  {
                     "x": 1308.0,
                     "y": 2831.0
                  }
               ]
            },
            "description": "ORDER!",
            "score": 0.99,
            "line": 29,
            "tag": ""
         }
      ],
      [
         {
            "boundingPoly": {
               "vertices": [
                  {
                     "x": 314.0,
                     "y": 2858.0
                  },
                  {
                     "x": 341.0,
                     "y": 2858.0
                  },
                  {
                     "x": 341.0,
                     "y": 2897.0
                  },
                  {
                     "x": 314.0,
                     "y": 2897.0
                  }
               ]
            },
            "description": "If",
            "score": 0.99,
            "line": 30,
            "tag": ""
         },
         {
            "boundingPoly": {
               "vertices": [
                  {
                     "x": 346.0,
                     "y": 2864.0
                  },
                  {
                     "x": 415.0,
                     "y": 2864.0
                  },
                  {
                     "x": 415.0,
                     "y": 2904.0
                  },
                  {
                     "x": 346.0,
                     "y": 2904.0
                  }
               ]
            },
            "description": "you",
            "score": 0.97,
            "line": 30,
            "tag": ""
         },
         {
            "boundingPoly": {
               "vertices": [
                  {
                     "x": 423.0,
                     "y": 2856.0
                  },
                  {
                     "x": 514.0,
                     "y": 2856.0
                  },
                  {
                     "x": 514.0,
                     "y": 2897.0
                  },
                  {
                     "x": 423.0,
                     "y": 2897.0
                  }
               ]
            },
            "description": "have",
            "score": 0.99,
            "line": 30,
            "tag": ""
         },
         {
            "boundingPoly": {
               "vertices": [
                  {
                     "x": 519.0,
                     "y": 2856.0
                  },
                  {
                     "x": 698.0,
                     "y": 2856.0
                  },
                  {
                     "x": 698.0,
                     "y": 2905.0
                  },
                  {
                     "x": 519.0,
                     "y": 2905.0
                  }
               ]
            },
            "description": "questions",
            "score": 0.99,
            "line": 30,
            "tag": ""
         },
         {
            "boundingPoly": {
               "vertices": [
                  {
                     "x": 703.0,
                     "y": 2857.0
                  },
                  {
                     "x": 810.0,
                     "y": 2857.0
                  },
                  {
                     "x": 810.0,
                     "y": 2897.0
                  },
                  {
                     "x": 703.0,
                     "y": 2897.0
                  }
               ]
            },
            "description": "about",
            "score": 0.99,
            "line": 30,
            "tag": ""
         },
         {
            "boundingPoly": {
               "vertices": [
                  {
                     "x": 813.0,
                     "y": 2864.0
                  },
                  {
                     "x": 901.0,
                     "y": 2864.0
                  },
                  {
                     "x": 901.0,
                     "y": 2904.0
                  },
                  {
                     "x": 813.0,
                     "y": 2904.0
                  }
               ]
            },
            "description": "your",
            "score": 0.99,
            "line": 30,
            "tag": ""
         },
         {
            "boundingPoly": {
               "vertices": [
                  {
                     "x": 905.0,
                     "y": 2857.0
                  },
                  {
                     "x": 1015.0,
                     "y": 2857.0
                  },
                  {
                     "x": 1015.0,
                     "y": 2900.0
                  },
                  {
                     "x": 905.0,
                     "y": 2900.0
                  }
               ]
            },
            "description": "order,",
            "score": 0.96,
            "line": 30,
            "tag": ""
         },
         {
            "boundingPoly": {
               "vertices": [
                  {
                     "x": 1022.0,
                     "y": 2864.0
                  },
                  {
                     "x": 1091.0,
                     "y": 2864.0
                  },
                  {
                     "x": 1091.0,
                     "y": 2904.0
                  },
                  {
                     "x": 1022.0,
                     "y": 2904.0
                  }
               ]
            },
            "description": "you",
            "score": 0.93,
            "line": 30,
            "tag": ""
         },
         {
            "boundingPoly": {
               "vertices": [
                  {
                     "x": 1098.0,
                     "y": 2864.0
                  },
                  {
                     "x": 1166.0,
                     "y": 2864.0
                  },
                  {
                     "x": 1166.0,
                     "y": 2897.0
                  },
                  {
                     "x": 1098.0,
                     "y": 2897.0
                  }
               ]
            },
            "description": "can",
            "score": 0.99,
            "line": 30,
            "tag": ""
         },
         {
            "boundingPoly": {
               "vertices": [
                  {
                     "x": 1173.0,
                     "y": 2856.0
                  },
                  {
                     "x": 1274.0,
                     "y": 2856.0
                  },
                  {
                     "x": 1274.0,
                     "y": 2897.0
                  },
                  {
                     "x": 1173.0,
                     "y": 2897.0
                  }
               ]
            },
            "description": "email",
            "score": 0.91,
            "line": 30,
            "tag": ""
         },
         {
            "boundingPoly": {
               "vertices": [
                  {
                     "x": 1281.0,
                     "y": 2864.0
                  },
                  {
                     "x": 1327.0,
                     "y": 2864.0
                  },
                  {
                     "x": 1327.0,
                     "y": 2897.0
                  },
                  {
                     "x": 1281.0,
                     "y": 2897.0
                  }
               ]
            },
            "description": "us",
            "score": 0.96,
            "line": 30,
            "tag": ""
         },
         {
            "boundingPoly": {
               "vertices": [
                  {
                     "x": 1334.0,
                     "y": 2860.0
                  },
                  {
                     "x": 1375.0,
                     "y": 2860.0
                  },
                  {
                     "x": 1375.0,
                     "y": 2896.0
                  },
                  {
                     "x": 1334.0,
                     "y": 2896.0
                  }
               ]
            },
            "description": "at",
            "score": 0.99,
            "line": 30,
            "tag": ""
         },
         {
            "boundingPoly": {
               "vertices": [
                  {
                     "x": 1378.0,
                     "y": 2857.0
                  },
                  {
                     "x": 1806.0,
                     "y": 2857.0
                  },
                  {
                     "x": 1806.0,
                     "y": 2906.0
                  },
                  {
                     "x": 1378.0,
                     "y": 2906.0
                  }
               ]
            },
            "description": "support@example.com.",
            "score": 0.92,
            "line": 30,
            "tag": ""
         }
      ]
   ],
   "manual_edit": {
      "fields": [],
      "items": {}
   },
   "subset": "VALIDATE"
}