{
   "fields": {
      "invoice-no": "INV1000",
      "date": "2006-11-17",
      "name": "Your Company Name",
      "vendor-addr": "Street Address City ST ZIP Code Phone Number Web Address, etc",
      "billing-name": "C1007",
      "billing-addr": "ABC Compan y 123 Big Forest Valley Ottawa On Z12345 Can ada",
      "total": "14622.04",
      "items": [],
      "language": "en"
   },
   "fname": "pilotbatch9_Invoice 10.pdf_1.jpg",
   "lines": [
      "Your Company Name INVOIGE",
      "Street Address",
      "L00 City ST ZIP Code DATE: November17 , 2006",
      "Phone Number Web Address, etc INVOICE# INV1000",
      "BillTo: C1007 Ship To:",
      "ABC Compan y SH Name 1",
      "123 Big Forest Valley SH Address 1",
      "Ottawa On Z12345 SH CityState 1 SHZ12345",
      "Can ada USA",
      "P.O.# Sales Rep. Name Ship Date Ship Via Terms Due Date \u2610",
      "020061 2006 Sales1 11\/17\/2006 UPS Net 7",
      "Product D Description Quantity Unit Price Line Total",
      "P1003 Motorola E815 10 420 00 4,200 00",
      "P1000 Nokia 3220 12 199.99 2 399 88",
      "P1004 Non-taxa ble item 5 200 00 1,000 00",
      "P1002 Itis ase Iv I C e 32 25552 817 66",
      "P1006 Motorola V3 Razr Black 10 500 00 5,000 00",
      "SUBTOTAL 13,417.54",
      "Notes: PST 650% 807 14",
      "GST 320% 397 36",
      "SHIPPING &HANDLING",
      "TOTAL 1462204",
      "PAID",
      "TOTAL DUE 14 622 04",
      "THANK YOU FOR YOUR BUSINESS?"
   ],
   "line_tags": [
      "name",
      "vendor-addr",
      "vendor-addr",
      "vendor-addr",
      "billing-name",
      "billing-addr",
      "billing-addr",
      "billing-addr",
      "billing-addr",
      "",
      "",
      "",
      "",
      "",
      "",
      "",
      "",
      "",
      "",
      "",
      "",
      "",
      "",
      "total",
      ""
   ],
   "words": [
      [
         {
            "boundingPoly": {
               "vertices": [
                  {
                     "x": 447.0,
                     "y": 197.0
                  },
                  {
                     "x": 599.0,
                     "y": 197.0
                  },
                  {
                     "x": 599.0,
                     "y": 256.0
                  },
                  {
                     "x": 447.0,
                     "y": 256.0
                  }
               ]
            },
            "description": "Your",
            "score": 0.99,
            "line": 0,
            "tag": "name"
         },
         {
            "boundingPoly": {
               "vertices": [
                  {
                     "x": 617.0,
                     "y": 196.0
                  },
                  {
                     "x": 910.0,
                     "y": 196.0
                  },
                  {
                     "x": 910.0,
                     "y": 268.0
                  },
                  {
                     "x": 617.0,
                     "y": 268.0
                  }
               ]
            },
            "description": "Company",
            "score": 0.99,
            "line": 0,
            "tag": "name"
         },
         {
            "boundingPoly": {
               "vertices": [
                  {
                     "x": 926.0,
                     "y": 198.0
                  },
                  {
                     "x": 1097.0,
                     "y": 198.0
                  },
                  {
                     "x": 1097.0,
                     "y": 255.0
                  },
                  {
                     "x": 926.0,
                     "y": 255.0
                  }
               ]
            },
            "description": "Name",
            "score": 0.99,
            "line": 0,
            "tag": "name"
         },
         {
            "boundingPoly": {
               "vertices": [
                  {
                     "x": 1431.0,
                     "y": 160.0
                  },
                  {
                     "x": 1919.0,
                     "y": 160.0
                  },
                  {
                     "x": 1919.0,
                     "y": 269.0
                  },
                  {
                     "x": 1431.0,
                     "y": 269.0
                  }
               ]
            },
            "description": "INVOIGE",
            "score": 0.79,
            "line": 0,
            "tag": ""
         }
      ],
      [
         {
            "boundingPoly": {
               "vertices": [
                  {
                     "x": 448.0,
                     "y": 296.0
                  },
                  {
                     "x": 545.0,
                     "y": 296.0
                  },
                  {
                     "x": 545.0,
                     "y": 332.0
                  },
                  {
                     "x": 448.0,
                     "y": 332.0
                  }
               ]
            },
            "description": "Street",
            "score": 0.99,
            "line": 1,
            "tag": "vendor-addr"
         },
         {
            "boundingPoly": {
               "vertices": [
                  {
                     "x": 552.0,
                     "y": 296.0
                  },
                  {
                     "x": 685.0,
                     "y": 296.0
                  },
                  {
                     "x": 685.0,
                     "y": 333.0
                  },
                  {
                     "x": 552.0,
                     "y": 333.0
                  }
               ]
            },
            "description": "Address",
            "score": 0.99,
            "line": 1,
            "tag": "vendor-addr"
         }
      ],
      [
         {
            "boundingPoly": {
               "vertices": [
                  {
                     "x": 217.0,
                     "y": 233.0
                  },
                  {
                     "x": 429.0,
                     "y": 233.0
                  },
                  {
                     "x": 429.0,
                     "y": 394.0
                  },
                  {
                     "x": 217.0,
                     "y": 394.0
                  }
               ]
            },
            "description": "L00",
            "score": 0.04,
            "line": 2,
            "tag": "name"
         },
         {
            "boundingPoly": {
               "vertices": [
                  {
                     "x": 448.0,
                     "y": 339.0
                  },
                  {
                     "x": 512.0,
                     "y": 339.0
                  },
                  {
                     "x": 512.0,
                     "y": 384.0
                  },
                  {
                     "x": 448.0,
                     "y": 384.0
                  }
               ]
            },
            "description": "City",
            "score": 0.98,
            "line": 2,
            "tag": "vendor-addr"
         },
         {
            "boundingPoly": {
               "vertices": [
                  {
                     "x": 532.0,
                     "y": 341.0
                  },
                  {
                     "x": 575.0,
                     "y": 341.0
                  },
                  {
                     "x": 575.0,
                     "y": 378.0
                  },
                  {
                     "x": 532.0,
                     "y": 378.0
                  }
               ]
            },
            "description": "ST",
            "score": 0.99,
            "line": 2,
            "tag": "vendor-addr"
         },
         {
            "boundingPoly": {
               "vertices": [
                  {
                     "x": 596.0,
                     "y": 339.0
                  },
                  {
                     "x": 655.0,
                     "y": 339.0
                  },
                  {
                     "x": 655.0,
                     "y": 378.0
                  },
                  {
                     "x": 596.0,
                     "y": 378.0
                  }
               ]
            },
            "description": "ZIP",
            "score": 0.93,
            "line": 2,
            "tag": "vendor-addr"
         },
         {
            "boundingPoly": {
               "vertices": [
                  {
                     "x": 665.0,
                     "y": 340.0
                  },
                  {
                     "x": 749.0,
                     "y": 340.0
                  },
                  {
                     "x": 749.0,
                     "y": 378.0
                  },
                  {
                     "x": 665.0,
                     "y": 378.0
                  }
               ]
            },
            "description": "Code",
            "score": 0.99,
            "line": 2,
            "tag": "vendor-addr"
         },
         {
            "boundingPoly": {
               "vertices": [
                  {
                     "x": 1460.0,
                     "y": 339.0
                  },
                  {
                     "x": 1564.0,
                     "y": 339.0
                  },
                  {
                     "x": 1564.0,
                     "y": 375.0
                  },
                  {
                     "x": 1460.0,
                     "y": 375.0
                  }
               ]
            },
            "description": "DATE:",
            "score": 0.95,
            "line": 2,
            "tag": ""
         },
         {
            "boundingPoly": {
               "vertices": [
                  {
                     "x": 1610.0,
                     "y": 338.0
                  },
                  {
                     "x": 1816.0,
                     "y": 338.0
                  },
                  {
                     "x": 1816.0,
                     "y": 379.0
                  },
                  {
                     "x": 1610.0,
                     "y": 379.0
                  }
               ]
            },
            "description": "November17",
            "score": 0.98,
            "line": 2,
            "tag": "date"
         },
         {
            "boundingPoly": {
               "vertices": [
                  {
                     "x": 1809.0,
                     "y": 343.0
                  },
                  {
                     "x": 1831.0,
                     "y": 343.0
                  },
                  {
                     "x": 1831.0,
                     "y": 384.0
                  },
                  {
                     "x": 1809.0,
                     "y": 384.0
                  }
               ]
            },
            "description": ",",
            "score": 0.29,
            "line": 2,
            "tag": "date"
         },
         {
            "boundingPoly": {
               "vertices": [
                  {
                     "x": 1833.0,
                     "y": 338.0
                  },
                  {
                     "x": 1915.0,
                     "y": 338.0
                  },
                  {
                     "x": 1915.0,
                     "y": 375.0
                  },
                  {
                     "x": 1833.0,
                     "y": 375.0
                  }
               ]
            },
            "description": "2006",
            "score": 0.99,
            "line": 2,
            "tag": "date"
         }
      ],
      [
         {
            "boundingPoly": {
               "vertices": [
                  {
                     "x": 450.0,
                     "y": 383.0
                  },
                  {
                     "x": 550.0,
                     "y": 383.0
                  },
                  {
                     "x": 550.0,
                     "y": 421.0
                  },
                  {
                     "x": 450.0,
                     "y": 421.0
                  }
               ]
            },
            "description": "Phone",
            "score": 0.99,
            "line": 3,
            "tag": "vendor-addr"
         },
         {
            "boundingPoly": {
               "vertices": [
                  {
                     "x": 563.0,
                     "y": 383.0
                  },
                  {
                     "x": 689.0,
                     "y": 383.0
                  },
                  {
                     "x": 689.0,
                     "y": 422.0
                  },
                  {
                     "x": 563.0,
                     "y": 422.0
                  }
               ]
            },
            "description": "Number",
            "score": 0.99,
            "line": 3,
            "tag": "vendor-addr"
         },
         {
            "boundingPoly": {
               "vertices": [
                  {
                     "x": 693.0,
                     "y": 383.0
                  },
                  {
                     "x": 772.0,
                     "y": 383.0
                  },
                  {
                     "x": 772.0,
                     "y": 421.0
                  },
                  {
                     "x": 693.0,
                     "y": 421.0
                  }
               ]
            },
            "description": "Web",
            "score": 0.9,
            "line": 3,
            "tag": "vendor-addr"
         },
         {
            "boundingPoly": {
               "vertices": [
                  {
                     "x": 782.0,
                     "y": 382.0
                  },
                  {
                     "x": 928.0,
                     "y": 382.0
                  },
                  {
                     "x": 928.0,
                     "y": 427.0
                  },
                  {
                     "x": 782.0,
                     "y": 427.0
                  }
               ]
            },
            "description": "Address,",
            "score": 0.99,
            "line": 3,
            "tag": "vendor-addr"
         },
         {
            "boundingPoly": {
               "vertices": [
                  {
                     "x": 934.0,
                     "y": 387.0
                  },
                  {
                     "x": 984.0,
                     "y": 387.0
                  },
                  {
                     "x": 984.0,
                     "y": 419.0
                  },
                  {
                     "x": 934.0,
                     "y": 419.0
                  }
               ]
            },
            "description": "etc",
            "score": 0.92,
            "line": 3,
            "tag": "vendor-addr"
         },
         {
            "boundingPoly": {
               "vertices": [
                  {
                     "x": 1391.0,
                     "y": 383.0
                  },
                  {
                     "x": 1565.0,
                     "y": 383.0
                  },
                  {
                     "x": 1565.0,
                     "y": 419.0
                  },
                  {
                     "x": 1391.0,
                     "y": 419.0
                  }
               ]
            },
            "description": "INVOICE#",
            "score": 0.97,
            "line": 3,
            "tag": ""
         },
         {
            "boundingPoly": {
               "vertices": [
                  {
                     "x": 1609.0,
                     "y": 383.0
                  },
                  {
                     "x": 1750.0,
                     "y": 383.0
                  },
                  {
                     "x": 1750.0,
                     "y": 420.0
                  },
                  {
                     "x": 1609.0,
                     "y": 420.0
                  }
               ]
            },
            "description": "INV1000",
            "score": 0.98,
            "line": 3,
            "tag": "invoice-no"
         }
      ],
      [
         {
            "boundingPoly": {
               "vertices": [
                  {
                     "x": 260.0,
                     "y": 588.0
                  },
                  {
                     "x": 383.0,
                     "y": 588.0
                  },
                  {
                     "x": 383.0,
                     "y": 625.0
                  },
                  {
                     "x": 260.0,
                     "y": 625.0
                  }
               ]
            },
            "description": "BillTo:",
            "score": 0.98,
            "line": 4,
            "tag": ""
         },
         {
            "boundingPoly": {
               "vertices": [
                  {
                     "x": 448.0,
                     "y": 587.0
                  },
                  {
                     "x": 553.0,
                     "y": 587.0
                  },
                  {
                     "x": 553.0,
                     "y": 626.0
                  },
                  {
                     "x": 448.0,
                     "y": 626.0
                  }
               ]
            },
            "description": "C1007",
            "score": 0.99,
            "line": 4,
            "tag": "billing-name"
         },
         {
            "boundingPoly": {
               "vertices": [
                  {
                     "x": 1339.0,
                     "y": 588.0
                  },
                  {
                     "x": 1416.0,
                     "y": 588.0
                  },
                  {
                     "x": 1416.0,
                     "y": 633.0
                  },
                  {
                     "x": 1339.0,
                     "y": 633.0
                  }
               ]
            },
            "description": "Ship",
            "score": 0.99,
            "line": 4,
            "tag": ""
         },
         {
            "boundingPoly": {
               "vertices": [
                  {
                     "x": 1424.0,
                     "y": 589.0
                  },
                  {
                     "x": 1483.0,
                     "y": 589.0
                  },
                  {
                     "x": 1483.0,
                     "y": 625.0
                  },
                  {
                     "x": 1424.0,
                     "y": 625.0
                  }
               ]
            },
            "description": "To:",
            "score": 0.99,
            "line": 4,
            "tag": ""
         }
      ],
      [
         {
            "boundingPoly": {
               "vertices": [
                  {
                     "x": 445.0,
                     "y": 633.0
                  },
                  {
                     "x": 523.0,
                     "y": 633.0
                  },
                  {
                     "x": 523.0,
                     "y": 671.0
                  },
                  {
                     "x": 445.0,
                     "y": 671.0
                  }
               ]
            },
            "description": "ABC",
            "score": 0.99,
            "line": 5,
            "tag": "billing-addr"
         },
         {
            "boundingPoly": {
               "vertices": [
                  {
                     "x": 532.0,
                     "y": 634.0
                  },
                  {
                     "x": 640.0,
                     "y": 634.0
                  },
                  {
                     "x": 640.0,
                     "y": 677.0
                  },
                  {
                     "x": 532.0,
                     "y": 677.0
                  }
               ]
            },
            "description": "Compan",
            "score": 0.36,
            "line": 5,
            "tag": "billing-addr"
         },
         {
            "boundingPoly": {
               "vertices": [
                  {
                     "x": 659.0,
                     "y": 642.0
                  },
                  {
                     "x": 683.0,
                     "y": 642.0
                  },
                  {
                     "x": 683.0,
                     "y": 677.0
                  },
                  {
                     "x": 659.0,
                     "y": 677.0
                  }
               ]
            },
            "description": "y",
            "score": 0.99,
            "line": 5,
            "tag": "billing-addr"
         },
         {
            "boundingPoly": {
               "vertices": [
                  {
                     "x": 1340.0,
                     "y": 634.0
                  },
                  {
                     "x": 1389.0,
                     "y": 634.0
                  },
                  {
                     "x": 1389.0,
                     "y": 672.0
                  },
                  {
                     "x": 1340.0,
                     "y": 672.0
                  }
               ]
            },
            "description": "SH",
            "score": 0.99,
            "line": 5,
            "tag": ""
         },
         {
            "boundingPoly": {
               "vertices": [
                  {
                     "x": 1400.0,
                     "y": 635.0
                  },
                  {
                     "x": 1494.0,
                     "y": 635.0
                  },
                  {
                     "x": 1494.0,
                     "y": 671.0
                  },
                  {
                     "x": 1400.0,
                     "y": 671.0
                  }
               ]
            },
            "description": "Name",
            "score": 0.99,
            "line": 5,
            "tag": ""
         },
         {
            "boundingPoly": {
               "vertices": [
                  {
                     "x": 1505.0,
                     "y": 635.0
                  },
                  {
                     "x": 1523.0,
                     "y": 635.0
                  },
                  {
                     "x": 1523.0,
                     "y": 670.0
                  },
                  {
                     "x": 1505.0,
                     "y": 670.0
                  }
               ]
            },
            "description": "1",
            "score": 0.99,
            "line": 5,
            "tag": ""
         }
      ],
      [
         {
            "boundingPoly": {
               "vertices": [
                  {
                     "x": 450.0,
                     "y": 675.0
                  },
                  {
                     "x": 509.0,
                     "y": 675.0
                  },
                  {
                     "x": 509.0,
                     "y": 714.0
                  },
                  {
                     "x": 450.0,
                     "y": 714.0
                  }
               ]
            },
            "description": "123",
            "score": 0.83,
            "line": 6,
            "tag": "billing-addr"
         },
         {
            "boundingPoly": {
               "vertices": [
                  {
                     "x": 518.0,
                     "y": 676.0
                  },
                  {
                     "x": 569.0,
                     "y": 676.0
                  },
                  {
                     "x": 569.0,
                     "y": 720.0
                  },
                  {
                     "x": 518.0,
                     "y": 720.0
                  }
               ]
            },
            "description": "Big",
            "score": 0.99,
            "line": 6,
            "tag": "billing-addr"
         },
         {
            "boundingPoly": {
               "vertices": [
                  {
                     "x": 580.0,
                     "y": 677.0
                  },
                  {
                     "x": 680.0,
                     "y": 677.0
                  },
                  {
                     "x": 680.0,
                     "y": 714.0
                  },
                  {
                     "x": 580.0,
                     "y": 714.0
                  }
               ]
            },
            "description": "Forest",
            "score": 0.99,
            "line": 6,
            "tag": "billing-addr"
         },
         {
            "boundingPoly": {
               "vertices": [
                  {
                     "x": 689.0,
                     "y": 676.0
                  },
                  {
                     "x": 788.0,
                     "y": 676.0
                  },
                  {
                     "x": 788.0,
                     "y": 720.0
                  },
                  {
                     "x": 689.0,
                     "y": 720.0
                  }
               ]
            },
            "description": "Valley",
            "score": 0.98,
            "line": 6,
            "tag": "billing-addr"
         },
         {
            "boundingPoly": {
               "vertices": [
                  {
                     "x": 1338.0,
                     "y": 676.0
                  },
                  {
                     "x": 1388.0,
                     "y": 676.0
                  },
                  {
                     "x": 1388.0,
                     "y": 714.0
                  },
                  {
                     "x": 1338.0,
                     "y": 714.0
                  }
               ]
            },
            "description": "SH",
            "score": 0.99,
            "line": 6,
            "tag": ""
         },
         {
            "boundingPoly": {
               "vertices": [
                  {
                     "x": 1397.0,
                     "y": 677.0
                  },
                  {
                     "x": 1531.0,
                     "y": 677.0
                  },
                  {
                     "x": 1531.0,
                     "y": 713.0
                  },
                  {
                     "x": 1397.0,
                     "y": 713.0
                  }
               ]
            },
            "description": "Address",
            "score": 0.99,
            "line": 6,
            "tag": ""
         },
         {
            "boundingPoly": {
               "vertices": [
                  {
                     "x": 1540.0,
                     "y": 678.0
                  },
                  {
                     "x": 1557.0,
                     "y": 678.0
                  },
                  {
                     "x": 1557.0,
                     "y": 712.0
                  },
                  {
                     "x": 1540.0,
                     "y": 712.0
                  }
               ]
            },
            "description": "1",
            "score": 0.99,
            "line": 6,
            "tag": ""
         }
      ],
      [
         {
            "boundingPoly": {
               "vertices": [
                  {
                     "x": 449.0,
                     "y": 722.0
                  },
                  {
                     "x": 570.0,
                     "y": 722.0
                  },
                  {
                     "x": 570.0,
                     "y": 761.0
                  },
                  {
                     "x": 449.0,
                     "y": 761.0
                  }
               ]
            },
            "description": "Ottawa",
            "score": 0.73,
            "line": 7,
            "tag": "billing-addr"
         },
         {
            "boundingPoly": {
               "vertices": [
                  {
                     "x": 581.0,
                     "y": 721.0
                  },
                  {
                     "x": 629.0,
                     "y": 721.0
                  },
                  {
                     "x": 629.0,
                     "y": 759.0
                  },
                  {
                     "x": 581.0,
                     "y": 759.0
                  }
               ]
            },
            "description": "On",
            "score": 0.99,
            "line": 7,
            "tag": "billing-addr"
         },
         {
            "boundingPoly": {
               "vertices": [
                  {
                     "x": 639.0,
                     "y": 721.0
                  },
                  {
                     "x": 759.0,
                     "y": 721.0
                  },
                  {
                     "x": 759.0,
                     "y": 759.0
                  },
                  {
                     "x": 639.0,
                     "y": 759.0
                  }
               ]
            },
            "description": "Z12345",
            "score": 0.99,
            "line": 7,
            "tag": "billing-addr"
         },
         {
            "boundingPoly": {
               "vertices": [
                  {
                     "x": 1339.0,
                     "y": 721.0
                  },
                  {
                     "x": 1388.0,
                     "y": 721.0
                  },
                  {
                     "x": 1388.0,
                     "y": 760.0
                  },
                  {
                     "x": 1339.0,
                     "y": 760.0
                  }
               ]
            },
            "description": "SH",
            "score": 0.99,
            "line": 7,
            "tag": ""
         },
         {
            "boundingPoly": {
               "vertices": [
                  {
                     "x": 1401.0,
                     "y": 721.0
                  },
                  {
                     "x": 1544.0,
                     "y": 721.0
                  },
                  {
                     "x": 1544.0,
                     "y": 766.0
                  },
                  {
                     "x": 1401.0,
                     "y": 766.0
                  }
               ]
            },
            "description": "CityState",
            "score": 0.99,
            "line": 7,
            "tag": ""
         },
         {
            "boundingPoly": {
               "vertices": [
                  {
                     "x": 1557.0,
                     "y": 723.0
                  },
                  {
                     "x": 1574.0,
                     "y": 723.0
                  },
                  {
                     "x": 1574.0,
                     "y": 759.0
                  },
                  {
                     "x": 1557.0,
                     "y": 759.0
                  }
               ]
            },
            "description": "1",
            "score": 0.99,
            "line": 7,
            "tag": ""
         },
         {
            "boundingPoly": {
               "vertices": [
                  {
                     "x": 1584.0,
                     "y": 722.0
                  },
                  {
                     "x": 1755.0,
                     "y": 722.0
                  },
                  {
                     "x": 1755.0,
                     "y": 759.0
                  },
                  {
                     "x": 1584.0,
                     "y": 759.0
                  }
               ]
            },
            "description": "SHZ12345",
            "score": 0.98,
            "line": 7,
            "tag": ""
         }
      ],
      [
         {
            "boundingPoly": {
               "vertices": [
                  {
                     "x": 449.0,
                     "y": 767.0
                  },
                  {
                     "x": 509.0,
                     "y": 767.0
                  },
                  {
                     "x": 509.0,
                     "y": 803.0
                  },
                  {
                     "x": 449.0,
                     "y": 803.0
                  }
               ]
            },
            "description": "Can",
            "score": 0.99,
            "line": 8,
            "tag": "billing-addr"
         },
         {
            "boundingPoly": {
               "vertices": [
                  {
                     "x": 511.0,
                     "y": 768.0
                  },
                  {
                     "x": 568.0,
                     "y": 768.0
                  },
                  {
                     "x": 568.0,
                     "y": 803.0
                  },
                  {
                     "x": 511.0,
                     "y": 803.0
                  }
               ]
            },
            "description": "ada",
            "score": 0.99,
            "line": 8,
            "tag": "billing-addr"
         },
         {
            "boundingPoly": {
               "vertices": [
                  {
                     "x": 1339.0,
                     "y": 767.0
                  },
                  {
                     "x": 1416.0,
                     "y": 767.0
                  },
                  {
                     "x": 1416.0,
                     "y": 805.0
                  },
                  {
                     "x": 1339.0,
                     "y": 805.0
                  }
               ]
            },
            "description": "USA",
            "score": 0.99,
            "line": 8,
            "tag": ""
         }
      ],
      [
         {
            "boundingPoly": {
               "vertices": [
                  {
                     "x": 274.0,
                     "y": 941.0
                  },
                  {
                     "x": 375.0,
                     "y": 941.0
                  },
                  {
                     "x": 375.0,
                     "y": 976.0
                  },
                  {
                     "x": 274.0,
                     "y": 976.0
                  }
               ]
            },
            "description": "P.O.#",
            "score": 0.9,
            "line": 9,
            "tag": ""
         },
         {
            "boundingPoly": {
               "vertices": [
                  {
                     "x": 514.0,
                     "y": 941.0
                  },
                  {
                     "x": 604.0,
                     "y": 941.0
                  },
                  {
                     "x": 604.0,
                     "y": 977.0
                  },
                  {
                     "x": 514.0,
                     "y": 977.0
                  }
               ]
            },
            "description": "Sales",
            "score": 0.99,
            "line": 9,
            "tag": ""
         },
         {
            "boundingPoly": {
               "vertices": [
                  {
                     "x": 618.0,
                     "y": 941.0
                  },
                  {
                     "x": 695.0,
                     "y": 941.0
                  },
                  {
                     "x": 695.0,
                     "y": 984.0
                  },
                  {
                     "x": 618.0,
                     "y": 984.0
                  }
               ]
            },
            "description": "Rep.",
            "score": 0.99,
            "line": 9,
            "tag": ""
         },
         {
            "boundingPoly": {
               "vertices": [
                  {
                     "x": 705.0,
                     "y": 941.0
                  },
                  {
                     "x": 801.0,
                     "y": 941.0
                  },
                  {
                     "x": 801.0,
                     "y": 976.0
                  },
                  {
                     "x": 705.0,
                     "y": 976.0
                  }
               ]
            },
            "description": "Name",
            "score": 0.99,
            "line": 9,
            "tag": ""
         },
         {
            "boundingPoly": {
               "vertices": [
                  {
                     "x": 893.0,
                     "y": 943.0
                  },
                  {
                     "x": 968.0,
                     "y": 943.0
                  },
                  {
                     "x": 968.0,
                     "y": 986.0
                  },
                  {
                     "x": 893.0,
                     "y": 986.0
                  }
               ]
            },
            "description": "Ship",
            "score": 0.99,
            "line": 9,
            "tag": ""
         },
         {
            "boundingPoly": {
               "vertices": [
                  {
                     "x": 981.0,
                     "y": 944.0
                  },
                  {
                     "x": 1056.0,
                     "y": 944.0
                  },
                  {
                     "x": 1056.0,
                     "y": 979.0
                  },
                  {
                     "x": 981.0,
                     "y": 979.0
                  }
               ]
            },
            "description": "Date",
            "score": 0.99,
            "line": 9,
            "tag": ""
         },
         {
            "boundingPoly": {
               "vertices": [
                  {
                     "x": 1134.0,
                     "y": 941.0
                  },
                  {
                     "x": 1211.0,
                     "y": 941.0
                  },
                  {
                     "x": 1211.0,
                     "y": 984.0
                  },
                  {
                     "x": 1134.0,
                     "y": 984.0
                  }
               ]
            },
            "description": "Ship",
            "score": 0.99,
            "line": 9,
            "tag": ""
         },
         {
            "boundingPoly": {
               "vertices": [
                  {
                     "x": 1219.0,
                     "y": 941.0
                  },
                  {
                     "x": 1278.0,
                     "y": 941.0
                  },
                  {
                     "x": 1278.0,
                     "y": 977.0
                  },
                  {
                     "x": 1219.0,
                     "y": 977.0
                  }
               ]
            },
            "description": "Via",
            "score": 0.99,
            "line": 9,
            "tag": ""
         },
         {
            "boundingPoly": {
               "vertices": [
                  {
                     "x": 1415.0,
                     "y": 944.0
                  },
                  {
                     "x": 1522.0,
                     "y": 944.0
                  },
                  {
                     "x": 1522.0,
                     "y": 979.0
                  },
                  {
                     "x": 1415.0,
                     "y": 979.0
                  }
               ]
            },
            "description": "Terms",
            "score": 0.99,
            "line": 9,
            "tag": ""
         },
         {
            "boundingPoly": {
               "vertices": [
                  {
                     "x": 1689.0,
                     "y": 944.0
                  },
                  {
                     "x": 1756.0,
                     "y": 944.0
                  },
                  {
                     "x": 1756.0,
                     "y": 979.0
                  },
                  {
                     "x": 1689.0,
                     "y": 979.0
                  }
               ]
            },
            "description": "Due",
            "score": 0.99,
            "line": 9,
            "tag": ""
         },
         {
            "boundingPoly": {
               "vertices": [
                  {
                     "x": 1769.0,
                     "y": 944.0
                  },
                  {
                     "x": 1842.0,
                     "y": 944.0
                  },
                  {
                     "x": 1842.0,
                     "y": 979.0
                  },
                  {
                     "x": 1769.0,
                     "y": 979.0
                  }
               ]
            },
            "description": "Date",
            "score": 0.99,
            "line": 9,
            "tag": ""
         },
         {
            "boundingPoly": {
               "vertices": [
                  {
                     "x": 1848.0,
                     "y": 928.0
                  },
                  {
                     "x": 1923.0,
                     "y": 928.0
                  },
                  {
                     "x": 1923.0,
                     "y": 990.0
                  },
                  {
                     "x": 1848.0,
                     "y": 990.0
                  }
               ]
            },
            "description": "\u2610",
            "score": 0.93,
            "line": 9,
            "tag": ""
         }
      ],
      [
         {
            "boundingPoly": {
               "vertices": [
                  {
                     "x": 220.0,
                     "y": 1008.0
                  },
                  {
                     "x": 341.0,
                     "y": 1008.0
                  },
                  {
                     "x": 341.0,
                     "y": 1044.0
                  },
                  {
                     "x": 220.0,
                     "y": 1044.0
                  }
               ]
            },
            "description": "020061",
            "score": 0.98,
            "line": 10,
            "tag": ""
         },
         {
            "boundingPoly": {
               "vertices": [
                  {
                     "x": 345.0,
                     "y": 1008.0
                  },
                  {
                     "x": 426.0,
                     "y": 1008.0
                  },
                  {
                     "x": 426.0,
                     "y": 1044.0
                  },
                  {
                     "x": 345.0,
                     "y": 1044.0
                  }
               ]
            },
            "description": "2006",
            "score": 0.98,
            "line": 10,
            "tag": ""
         },
         {
            "boundingPoly": {
               "vertices": [
                  {
                     "x": 602.0,
                     "y": 1010.0
                  },
                  {
                     "x": 706.0,
                     "y": 1010.0
                  },
                  {
                     "x": 706.0,
                     "y": 1048.0
                  },
                  {
                     "x": 602.0,
                     "y": 1048.0
                  }
               ]
            },
            "description": "Sales1",
            "score": 0.99,
            "line": 10,
            "tag": ""
         },
         {
            "boundingPoly": {
               "vertices": [
                  {
                     "x": 885.0,
                     "y": 1013.0
                  },
                  {
                     "x": 1063.0,
                     "y": 1013.0
                  },
                  {
                     "x": 1063.0,
                     "y": 1050.0
                  },
                  {
                     "x": 885.0,
                     "y": 1050.0
                  }
               ]
            },
            "description": "11\/17\/2006",
            "score": 0.99,
            "line": 10,
            "tag": ""
         },
         {
            "boundingPoly": {
               "vertices": [
                  {
                     "x": 1169.0,
                     "y": 1009.0
                  },
                  {
                     "x": 1244.0,
                     "y": 1009.0
                  },
                  {
                     "x": 1244.0,
                     "y": 1047.0
                  },
                  {
                     "x": 1169.0,
                     "y": 1047.0
                  }
               ]
            },
            "description": "UPS",
            "score": 0.99,
            "line": 10,
            "tag": ""
         },
         {
            "boundingPoly": {
               "vertices": [
                  {
                     "x": 1429.0,
                     "y": 1013.0
                  },
                  {
                     "x": 1483.0,
                     "y": 1013.0
                  },
                  {
                     "x": 1483.0,
                     "y": 1048.0
                  },
                  {
                     "x": 1429.0,
                     "y": 1048.0
                  }
               ]
            },
            "description": "Net",
            "score": 0.99,
            "line": 10,
            "tag": ""
         },
         {
            "boundingPoly": {
               "vertices": [
                  {
                     "x": 1492.0,
                     "y": 1015.0
                  },
                  {
                     "x": 1516.0,
                     "y": 1015.0
                  },
                  {
                     "x": 1516.0,
                     "y": 1048.0
                  },
                  {
                     "x": 1492.0,
                     "y": 1048.0
                  }
               ]
            },
            "description": "7",
            "score": 0.94,
            "line": 10,
            "tag": ""
         }
      ],
      [
         {
            "boundingPoly": {
               "vertices": [
                  {
                     "x": 234.0,
                     "y": 1150.0
                  },
                  {
                     "x": 369.0,
                     "y": 1150.0
                  },
                  {
                     "x": 369.0,
                     "y": 1185.0
                  },
                  {
                     "x": 234.0,
                     "y": 1185.0
                  }
               ]
            },
            "description": "Product",
            "score": 0.91,
            "line": 11,
            "tag": ""
         },
         {
            "boundingPoly": {
               "vertices": [
                  {
                     "x": 378.0,
                     "y": 1150.0
                  },
                  {
                     "x": 411.0,
                     "y": 1150.0
                  },
                  {
                     "x": 411.0,
                     "y": 1185.0
                  },
                  {
                     "x": 378.0,
                     "y": 1185.0
                  }
               ]
            },
            "description": "D",
            "score": 0.99,
            "line": 11,
            "tag": ""
         },
         {
            "boundingPoly": {
               "vertices": [
                  {
                     "x": 663.0,
                     "y": 1148.0
                  },
                  {
                     "x": 859.0,
                     "y": 1148.0
                  },
                  {
                     "x": 859.0,
                     "y": 1193.0
                  },
                  {
                     "x": 663.0,
                     "y": 1193.0
                  }
               ]
            },
            "description": "Description",
            "score": 0.99,
            "line": 11,
            "tag": ""
         },
         {
            "boundingPoly": {
               "vertices": [
                  {
                     "x": 1132.0,
                     "y": 1148.0
                  },
                  {
                     "x": 1280.0,
                     "y": 1148.0
                  },
                  {
                     "x": 1280.0,
                     "y": 1192.0
                  },
                  {
                     "x": 1132.0,
                     "y": 1192.0
                  }
               ]
            },
            "description": "Quantity",
            "score": 0.73,
            "line": 11,
            "tag": ""
         },
         {
            "boundingPoly": {
               "vertices": [
                  {
                     "x": 1388.0,
                     "y": 1152.0
                  },
                  {
                     "x": 1459.0,
                     "y": 1152.0
                  },
                  {
                     "x": 1459.0,
                     "y": 1187.0
                  },
                  {
                     "x": 1388.0,
                     "y": 1187.0
                  }
               ]
            },
            "description": "Unit",
            "score": 0.99,
            "line": 11,
            "tag": ""
         },
         {
            "boundingPoly": {
               "vertices": [
                  {
                     "x": 1468.0,
                     "y": 1151.0
                  },
                  {
                     "x": 1555.0,
                     "y": 1151.0
                  },
                  {
                     "x": 1555.0,
                     "y": 1188.0
                  },
                  {
                     "x": 1468.0,
                     "y": 1188.0
                  }
               ]
            },
            "description": "Price",
            "score": 0.99,
            "line": 11,
            "tag": ""
         },
         {
            "boundingPoly": {
               "vertices": [
                  {
                     "x": 1681.0,
                     "y": 1152.0
                  },
                  {
                     "x": 1757.0,
                     "y": 1152.0
                  },
                  {
                     "x": 1757.0,
                     "y": 1188.0
                  },
                  {
                     "x": 1681.0,
                     "y": 1188.0
                  }
               ]
            },
            "description": "Line",
            "score": 0.99,
            "line": 11,
            "tag": ""
         },
         {
            "boundingPoly": {
               "vertices": [
                  {
                     "x": 1763.0,
                     "y": 1151.0
                  },
                  {
                     "x": 1850.0,
                     "y": 1151.0
                  },
                  {
                     "x": 1850.0,
                     "y": 1187.0
                  },
                  {
                     "x": 1763.0,
                     "y": 1187.0
                  }
               ]
            },
            "description": "Total",
            "score": 0.99,
            "line": 11,
            "tag": ""
         }
      ],
      [
         {
            "boundingPoly": {
               "vertices": [
                  {
                     "x": 210.0,
                     "y": 1221.0
                  },
                  {
                     "x": 311.0,
                     "y": 1221.0
                  },
                  {
                     "x": 311.0,
                     "y": 1257.0
                  },
                  {
                     "x": 210.0,
                     "y": 1257.0
                  }
               ]
            },
            "description": "P1003",
            "score": 0.99,
            "line": 12,
            "tag": ""
         },
         {
            "boundingPoly": {
               "vertices": [
                  {
                     "x": 450.0,
                     "y": 1218.0
                  },
                  {
                     "x": 588.0,
                     "y": 1218.0
                  },
                  {
                     "x": 588.0,
                     "y": 1254.0
                  },
                  {
                     "x": 450.0,
                     "y": 1254.0
                  }
               ]
            },
            "description": "Motorola",
            "score": 0.99,
            "line": 12,
            "tag": ""
         },
         {
            "boundingPoly": {
               "vertices": [
                  {
                     "x": 598.0,
                     "y": 1217.0
                  },
                  {
                     "x": 683.0,
                     "y": 1217.0
                  },
                  {
                     "x": 683.0,
                     "y": 1254.0
                  },
                  {
                     "x": 598.0,
                     "y": 1254.0
                  }
               ]
            },
            "description": "E815",
            "score": 0.99,
            "line": 12,
            "tag": ""
         },
         {
            "boundingPoly": {
               "vertices": [
                  {
                     "x": 1243.0,
                     "y": 1218.0
                  },
                  {
                     "x": 1284.0,
                     "y": 1218.0
                  },
                  {
                     "x": 1284.0,
                     "y": 1254.0
                  },
                  {
                     "x": 1243.0,
                     "y": 1254.0
                  }
               ]
            },
            "description": "10",
            "score": 0.99,
            "line": 12,
            "tag": ""
         },
         {
            "boundingPoly": {
               "vertices": [
                  {
                     "x": 1478.0,
                     "y": 1220.0
                  },
                  {
                     "x": 1536.0,
                     "y": 1220.0
                  },
                  {
                     "x": 1536.0,
                     "y": 1257.0
                  },
                  {
                     "x": 1478.0,
                     "y": 1257.0
                  }
               ]
            },
            "description": "420",
            "score": 0.94,
            "line": 12,
            "tag": ""
         },
         {
            "boundingPoly": {
               "vertices": [
                  {
                     "x": 1547.0,
                     "y": 1221.0
                  },
                  {
                     "x": 1592.0,
                     "y": 1221.0
                  },
                  {
                     "x": 1592.0,
                     "y": 1257.0
                  },
                  {
                     "x": 1547.0,
                     "y": 1257.0
                  }
               ]
            },
            "description": "00",
            "score": 0.99,
            "line": 12,
            "tag": ""
         },
         {
            "boundingPoly": {
               "vertices": [
                  {
                     "x": 1765.0,
                     "y": 1220.0
                  },
                  {
                     "x": 1858.0,
                     "y": 1220.0
                  },
                  {
                     "x": 1858.0,
                     "y": 1262.0
                  },
                  {
                     "x": 1765.0,
                     "y": 1262.0
                  }
               ]
            },
            "description": "4,200",
            "score": 0.99,
            "line": 12,
            "tag": ""
         },
         {
            "boundingPoly": {
               "vertices": [
                  {
                     "x": 1865.0,
                     "y": 1222.0
                  },
                  {
                     "x": 1909.0,
                     "y": 1222.0
                  },
                  {
                     "x": 1909.0,
                     "y": 1257.0
                  },
                  {
                     "x": 1865.0,
                     "y": 1257.0
                  }
               ]
            },
            "description": "00",
            "score": 0.99,
            "line": 12,
            "tag": ""
         }
      ],
      [
         {
            "boundingPoly": {
               "vertices": [
                  {
                     "x": 210.0,
                     "y": 1290.0
                  },
                  {
                     "x": 311.0,
                     "y": 1290.0
                  },
                  {
                     "x": 311.0,
                     "y": 1327.0
                  },
                  {
                     "x": 210.0,
                     "y": 1327.0
                  }
               ]
            },
            "description": "P1000",
            "score": 0.99,
            "line": 13,
            "tag": ""
         },
         {
            "boundingPoly": {
               "vertices": [
                  {
                     "x": 450.0,
                     "y": 1287.0
                  },
                  {
                     "x": 540.0,
                     "y": 1287.0
                  },
                  {
                     "x": 540.0,
                     "y": 1324.0
                  },
                  {
                     "x": 450.0,
                     "y": 1324.0
                  }
               ]
            },
            "description": "Nokia",
            "score": 0.95,
            "line": 13,
            "tag": ""
         },
         {
            "boundingPoly": {
               "vertices": [
                  {
                     "x": 548.0,
                     "y": 1287.0
                  },
                  {
                     "x": 629.0,
                     "y": 1287.0
                  },
                  {
                     "x": 629.0,
                     "y": 1324.0
                  },
                  {
                     "x": 548.0,
                     "y": 1324.0
                  }
               ]
            },
            "description": "3220",
            "score": 0.99,
            "line": 13,
            "tag": ""
         },
         {
            "boundingPoly": {
               "vertices": [
                  {
                     "x": 1241.0,
                     "y": 1286.0
                  },
                  {
                     "x": 1290.0,
                     "y": 1286.0
                  },
                  {
                     "x": 1290.0,
                     "y": 1323.0
                  },
                  {
                     "x": 1241.0,
                     "y": 1323.0
                  }
               ]
            },
            "description": "12",
            "score": 0.99,
            "line": 13,
            "tag": ""
         },
         {
            "boundingPoly": {
               "vertices": [
                  {
                     "x": 1481.0,
                     "y": 1290.0
                  },
                  {
                     "x": 1591.0,
                     "y": 1290.0
                  },
                  {
                     "x": 1591.0,
                     "y": 1326.0
                  },
                  {
                     "x": 1481.0,
                     "y": 1326.0
                  }
               ]
            },
            "description": "199.99",
            "score": 0.94,
            "line": 13,
            "tag": ""
         },
         {
            "boundingPoly": {
               "vertices": [
                  {
                     "x": 1766.0,
                     "y": 1290.0
                  },
                  {
                     "x": 1792.0,
                     "y": 1290.0
                  },
                  {
                     "x": 1792.0,
                     "y": 1327.0
                  },
                  {
                     "x": 1766.0,
                     "y": 1327.0
                  }
               ]
            },
            "description": "2",
            "score": 0.99,
            "line": 13,
            "tag": ""
         },
         {
            "boundingPoly": {
               "vertices": [
                  {
                     "x": 1796.0,
                     "y": 1289.0
                  },
                  {
                     "x": 1856.0,
                     "y": 1289.0
                  },
                  {
                     "x": 1856.0,
                     "y": 1326.0
                  },
                  {
                     "x": 1796.0,
                     "y": 1326.0
                  }
               ]
            },
            "description": "399",
            "score": 0.99,
            "line": 13,
            "tag": ""
         },
         {
            "boundingPoly": {
               "vertices": [
                  {
                     "x": 1864.0,
                     "y": 1289.0
                  },
                  {
                     "x": 1910.0,
                     "y": 1289.0
                  },
                  {
                     "x": 1910.0,
                     "y": 1326.0
                  },
                  {
                     "x": 1864.0,
                     "y": 1326.0
                  }
               ]
            },
            "description": "88",
            "score": 0.99,
            "line": 13,
            "tag": ""
         }
      ],
      [
         {
            "boundingPoly": {
               "vertices": [
                  {
                     "x": 210.0,
                     "y": 1360.0
                  },
                  {
                     "x": 311.0,
                     "y": 1360.0
                  },
                  {
                     "x": 311.0,
                     "y": 1395.0
                  },
                  {
                     "x": 210.0,
                     "y": 1395.0
                  }
               ]
            },
            "description": "P1004",
            "score": 0.99,
            "line": 14,
            "tag": ""
         },
         {
            "boundingPoly": {
               "vertices": [
                  {
                     "x": 450.0,
                     "y": 1358.0
                  },
                  {
                     "x": 594.0,
                     "y": 1358.0
                  },
                  {
                     "x": 594.0,
                     "y": 1393.0
                  },
                  {
                     "x": 450.0,
                     "y": 1393.0
                  }
               ]
            },
            "description": "Non-taxa",
            "score": 0.99,
            "line": 14,
            "tag": ""
         },
         {
            "boundingPoly": {
               "vertices": [
                  {
                     "x": 592.0,
                     "y": 1357.0
                  },
                  {
                     "x": 640.0,
                     "y": 1357.0
                  },
                  {
                     "x": 640.0,
                     "y": 1393.0
                  },
                  {
                     "x": 592.0,
                     "y": 1393.0
                  }
               ]
            },
            "description": "ble",
            "score": 0.99,
            "line": 14,
            "tag": ""
         },
         {
            "boundingPoly": {
               "vertices": [
                  {
                     "x": 662.0,
                     "y": 1359.0
                  },
                  {
                     "x": 729.0,
                     "y": 1359.0
                  },
                  {
                     "x": 729.0,
                     "y": 1393.0
                  },
                  {
                     "x": 662.0,
                     "y": 1393.0
                  }
               ]
            },
            "description": "item",
            "score": 0.98,
            "line": 14,
            "tag": ""
         },
         {
            "boundingPoly": {
               "vertices": [
                  {
                     "x": 1261.0,
                     "y": 1355.0
                  },
                  {
                     "x": 1289.0,
                     "y": 1355.0
                  },
                  {
                     "x": 1289.0,
                     "y": 1393.0
                  },
                  {
                     "x": 1261.0,
                     "y": 1393.0
                  }
               ]
            },
            "description": "5",
            "score": 0.99,
            "line": 14,
            "tag": ""
         },
         {
            "boundingPoly": {
               "vertices": [
                  {
                     "x": 1477.0,
                     "y": 1359.0
                  },
                  {
                     "x": 1542.0,
                     "y": 1359.0
                  },
                  {
                     "x": 1542.0,
                     "y": 1396.0
                  },
                  {
                     "x": 1477.0,
                     "y": 1396.0
                  }
               ]
            },
            "description": "200",
            "score": 0.99,
            "line": 14,
            "tag": ""
         },
         {
            "boundingPoly": {
               "vertices": [
                  {
                     "x": 1547.0,
                     "y": 1359.0
                  },
                  {
                     "x": 1592.0,
                     "y": 1359.0
                  },
                  {
                     "x": 1592.0,
                     "y": 1395.0
                  },
                  {
                     "x": 1547.0,
                     "y": 1395.0
                  }
               ]
            },
            "description": "00",
            "score": 0.99,
            "line": 14,
            "tag": ""
         },
         {
            "boundingPoly": {
               "vertices": [
                  {
                     "x": 1774.0,
                     "y": 1357.0
                  },
                  {
                     "x": 1858.0,
                     "y": 1357.0
                  },
                  {
                     "x": 1858.0,
                     "y": 1403.0
                  },
                  {
                     "x": 1774.0,
                     "y": 1403.0
                  }
               ]
            },
            "description": "1,000",
            "score": 0.89,
            "line": 14,
            "tag": ""
         },
         {
            "boundingPoly": {
               "vertices": [
                  {
                     "x": 1865.0,
                     "y": 1359.0
                  },
                  {
                     "x": 1910.0,
                     "y": 1359.0
                  },
                  {
                     "x": 1910.0,
                     "y": 1396.0
                  },
                  {
                     "x": 1865.0,
                     "y": 1396.0
                  }
               ]
            },
            "description": "00",
            "score": 0.99,
            "line": 14,
            "tag": ""
         }
      ],
      [
         {
            "boundingPoly": {
               "vertices": [
                  {
                     "x": 210.0,
                     "y": 1428.0
                  },
                  {
                     "x": 311.0,
                     "y": 1428.0
                  },
                  {
                     "x": 311.0,
                     "y": 1465.0
                  },
                  {
                     "x": 210.0,
                     "y": 1465.0
                  }
               ]
            },
            "description": "P1002",
            "score": 0.99,
            "line": 15,
            "tag": ""
         },
         {
            "boundingPoly": {
               "vertices": [
                  {
                     "x": 450.0,
                     "y": 1428.0
                  },
                  {
                     "x": 516.0,
                     "y": 1428.0
                  },
                  {
                     "x": 516.0,
                     "y": 1462.0
                  },
                  {
                     "x": 450.0,
                     "y": 1462.0
                  }
               ]
            },
            "description": "Itis",
            "score": 0.74,
            "line": 15,
            "tag": ""
         },
         {
            "boundingPoly": {
               "vertices": [
                  {
                     "x": 524.0,
                     "y": 1432.0
                  },
                  {
                     "x": 571.0,
                     "y": 1432.0
                  },
                  {
                     "x": 571.0,
                     "y": 1462.0
                  },
                  {
                     "x": 524.0,
                     "y": 1462.0
                  }
               ]
            },
            "description": "ase",
            "score": 0.74,
            "line": 15,
            "tag": ""
         },
         {
            "boundingPoly": {
               "vertices": [
                  {
                     "x": 573.0,
                     "y": 1433.0
                  },
                  {
                     "x": 604.0,
                     "y": 1433.0
                  },
                  {
                     "x": 604.0,
                     "y": 1461.0
                  },
                  {
                     "x": 573.0,
                     "y": 1461.0
                  }
               ]
            },
            "description": "Iv",
            "score": 0.41,
            "line": 15,
            "tag": ""
         },
         {
            "boundingPoly": {
               "vertices": [
                  {
                     "x": 603.0,
                     "y": 1433.0
                  },
                  {
                     "x": 615.0,
                     "y": 1433.0
                  },
                  {
                     "x": 615.0,
                     "y": 1463.0
                  },
                  {
                     "x": 603.0,
                     "y": 1463.0
                  }
               ]
            },
            "description": "I",
            "score": 0.91,
            "line": 15,
            "tag": ""
         },
         {
            "boundingPoly": {
               "vertices": [
                  {
                     "x": 614.0,
                     "y": 1432.0
                  },
                  {
                     "x": 640.0,
                     "y": 1432.0
                  },
                  {
                     "x": 640.0,
                     "y": 1462.0
                  },
                  {
                     "x": 614.0,
                     "y": 1462.0
                  }
               ]
            },
            "description": "C",
            "score": 0.99,
            "line": 15,
            "tag": ""
         },
         {
            "boundingPoly": {
               "vertices": [
                  {
                     "x": 636.0,
                     "y": 1431.0
                  },
                  {
                     "x": 660.0,
                     "y": 1431.0
                  },
                  {
                     "x": 660.0,
                     "y": 1462.0
                  },
                  {
                     "x": 636.0,
                     "y": 1462.0
                  }
               ]
            },
            "description": "e",
            "score": 0.99,
            "line": 15,
            "tag": ""
         },
         {
            "boundingPoly": {
               "vertices": [
                  {
                     "x": 1232.0,
                     "y": 1426.0
                  },
                  {
                     "x": 1284.0,
                     "y": 1426.0
                  },
                  {
                     "x": 1284.0,
                     "y": 1463.0
                  },
                  {
                     "x": 1232.0,
                     "y": 1463.0
                  }
               ]
            },
            "description": "32",
            "score": 0.98,
            "line": 15,
            "tag": ""
         },
         {
            "boundingPoly": {
               "vertices": [
                  {
                     "x": 1478.0,
                     "y": 1428.0
                  },
                  {
                     "x": 1586.0,
                     "y": 1428.0
                  },
                  {
                     "x": 1586.0,
                     "y": 1465.0
                  },
                  {
                     "x": 1478.0,
                     "y": 1465.0
                  }
               ]
            },
            "description": "25552",
            "score": 0.99,
            "line": 15,
            "tag": ""
         },
         {
            "boundingPoly": {
               "vertices": [
                  {
                     "x": 1794.0,
                     "y": 1428.0
                  },
                  {
                     "x": 1856.0,
                     "y": 1428.0
                  },
                  {
                     "x": 1856.0,
                     "y": 1466.0
                  },
                  {
                     "x": 1794.0,
                     "y": 1466.0
                  }
               ]
            },
            "description": "817",
            "score": 0.99,
            "line": 15,
            "tag": ""
         },
         {
            "boundingPoly": {
               "vertices": [
                  {
                     "x": 1866.0,
                     "y": 1429.0
                  },
                  {
                     "x": 1909.0,
                     "y": 1429.0
                  },
                  {
                     "x": 1909.0,
                     "y": 1464.0
                  },
                  {
                     "x": 1866.0,
                     "y": 1464.0
                  }
               ]
            },
            "description": "66",
            "score": 0.99,
            "line": 15,
            "tag": ""
         }
      ],
      [
         {
            "boundingPoly": {
               "vertices": [
                  {
                     "x": 210.0,
                     "y": 1496.0
                  },
                  {
                     "x": 311.0,
                     "y": 1496.0
                  },
                  {
                     "x": 311.0,
                     "y": 1532.0
                  },
                  {
                     "x": 210.0,
                     "y": 1532.0
                  }
               ]
            },
            "description": "P1006",
            "score": 0.99,
            "line": 16,
            "tag": ""
         },
         {
            "boundingPoly": {
               "vertices": [
                  {
                     "x": 449.0,
                     "y": 1496.0
                  },
                  {
                     "x": 588.0,
                     "y": 1496.0
                  },
                  {
                     "x": 588.0,
                     "y": 1532.0
                  },
                  {
                     "x": 449.0,
                     "y": 1532.0
                  }
               ]
            },
            "description": "Motorola",
            "score": 0.99,
            "line": 16,
            "tag": ""
         },
         {
            "boundingPoly": {
               "vertices": [
                  {
                     "x": 596.0,
                     "y": 1494.0
                  },
                  {
                     "x": 647.0,
                     "y": 1494.0
                  },
                  {
                     "x": 647.0,
                     "y": 1532.0
                  },
                  {
                     "x": 596.0,
                     "y": 1532.0
                  }
               ]
            },
            "description": "V3",
            "score": 0.96,
            "line": 16,
            "tag": ""
         },
         {
            "boundingPoly": {
               "vertices": [
                  {
                     "x": 652.0,
                     "y": 1495.0
                  },
                  {
                     "x": 731.0,
                     "y": 1495.0
                  },
                  {
                     "x": 731.0,
                     "y": 1533.0
                  },
                  {
                     "x": 652.0,
                     "y": 1533.0
                  }
               ]
            },
            "description": "Razr",
            "score": 0.98,
            "line": 16,
            "tag": ""
         },
         {
            "boundingPoly": {
               "vertices": [
                  {
                     "x": 738.0,
                     "y": 1496.0
                  },
                  {
                     "x": 825.0,
                     "y": 1496.0
                  },
                  {
                     "x": 825.0,
                     "y": 1532.0
                  },
                  {
                     "x": 738.0,
                     "y": 1532.0
                  }
               ]
            },
            "description": "Black",
            "score": 0.99,
            "line": 16,
            "tag": ""
         },
         {
            "boundingPoly": {
               "vertices": [
                  {
                     "x": 1244.0,
                     "y": 1495.0
                  },
                  {
                     "x": 1283.0,
                     "y": 1495.0
                  },
                  {
                     "x": 1283.0,
                     "y": 1531.0
                  },
                  {
                     "x": 1244.0,
                     "y": 1531.0
                  }
               ]
            },
            "description": "10",
            "score": 0.99,
            "line": 16,
            "tag": ""
         },
         {
            "boundingPoly": {
               "vertices": [
                  {
                     "x": 1477.0,
                     "y": 1492.0
                  },
                  {
                     "x": 1541.0,
                     "y": 1492.0
                  },
                  {
                     "x": 1541.0,
                     "y": 1528.0
                  },
                  {
                     "x": 1477.0,
                     "y": 1528.0
                  }
               ]
            },
            "description": "500",
            "score": 0.99,
            "line": 16,
            "tag": ""
         },
         {
            "boundingPoly": {
               "vertices": [
                  {
                     "x": 1542.0,
                     "y": 1492.0
                  },
                  {
                     "x": 1586.0,
                     "y": 1492.0
                  },
                  {
                     "x": 1586.0,
                     "y": 1527.0
                  },
                  {
                     "x": 1542.0,
                     "y": 1527.0
                  }
               ]
            },
            "description": "00",
            "score": 0.99,
            "line": 16,
            "tag": ""
         },
         {
            "boundingPoly": {
               "vertices": [
                  {
                     "x": 1767.0,
                     "y": 1494.0
                  },
                  {
                     "x": 1857.0,
                     "y": 1494.0
                  },
                  {
                     "x": 1857.0,
                     "y": 1538.0
                  },
                  {
                     "x": 1767.0,
                     "y": 1538.0
                  }
               ]
            },
            "description": "5,000",
            "score": 0.98,
            "line": 16,
            "tag": ""
         },
         {
            "boundingPoly": {
               "vertices": [
                  {
                     "x": 1866.0,
                     "y": 1496.0
                  },
                  {
                     "x": 1909.0,
                     "y": 1496.0
                  },
                  {
                     "x": 1909.0,
                     "y": 1531.0
                  },
                  {
                     "x": 1866.0,
                     "y": 1531.0
                  }
               ]
            },
            "description": "00",
            "score": 0.99,
            "line": 16,
            "tag": ""
         }
      ],
      [
         {
            "boundingPoly": {
               "vertices": [
                  {
                     "x": 1387.0,
                     "y": 2050.0
                  },
                  {
                     "x": 1579.0,
                     "y": 2050.0
                  },
                  {
                     "x": 1579.0,
                     "y": 2087.0
                  },
                  {
                     "x": 1387.0,
                     "y": 2087.0
                  }
               ]
            },
            "description": "SUBTOTAL",
            "score": 0.99,
            "line": 17,
            "tag": ""
         },
         {
            "boundingPoly": {
               "vertices": [
                  {
                     "x": 1750.0,
                     "y": 2050.0
                  },
                  {
                     "x": 1902.0,
                     "y": 2050.0
                  },
                  {
                     "x": 1902.0,
                     "y": 2091.0
                  },
                  {
                     "x": 1750.0,
                     "y": 2091.0
                  }
               ]
            },
            "description": "13,417.54",
            "score": 0.94,
            "line": 17,
            "tag": ""
         }
      ],
      [
         {
            "boundingPoly": {
               "vertices": [
                  {
                     "x": 211.0,
                     "y": 2119.0
                  },
                  {
                     "x": 319.0,
                     "y": 2119.0
                  },
                  {
                     "x": 319.0,
                     "y": 2155.0
                  },
                  {
                     "x": 211.0,
                     "y": 2155.0
                  }
               ]
            },
            "description": "Notes:",
            "score": 0.99,
            "line": 18,
            "tag": ""
         },
         {
            "boundingPoly": {
               "vertices": [
                  {
                     "x": 1257.0,
                     "y": 2116.0
                  },
                  {
                     "x": 1325.0,
                     "y": 2116.0
                  },
                  {
                     "x": 1325.0,
                     "y": 2153.0
                  },
                  {
                     "x": 1257.0,
                     "y": 2153.0
                  }
               ]
            },
            "description": "PST",
            "score": 0.99,
            "line": 18,
            "tag": ""
         },
         {
            "boundingPoly": {
               "vertices": [
                  {
                     "x": 1468.0,
                     "y": 2120.0
                  },
                  {
                     "x": 1566.0,
                     "y": 2120.0
                  },
                  {
                     "x": 1566.0,
                     "y": 2156.0
                  },
                  {
                     "x": 1468.0,
                     "y": 2156.0
                  }
               ]
            },
            "description": "650%",
            "score": 0.76,
            "line": 18,
            "tag": ""
         },
         {
            "boundingPoly": {
               "vertices": [
                  {
                     "x": 1795.0,
                     "y": 2119.0
                  },
                  {
                     "x": 1856.0,
                     "y": 2119.0
                  },
                  {
                     "x": 1856.0,
                     "y": 2156.0
                  },
                  {
                     "x": 1795.0,
                     "y": 2156.0
                  }
               ]
            },
            "description": "807",
            "score": 0.98,
            "line": 18,
            "tag": ""
         },
         {
            "boundingPoly": {
               "vertices": [
                  {
                     "x": 1867.0,
                     "y": 2119.0
                  },
                  {
                     "x": 1903.0,
                     "y": 2119.0
                  },
                  {
                     "x": 1903.0,
                     "y": 2155.0
                  },
                  {
                     "x": 1867.0,
                     "y": 2155.0
                  }
               ]
            },
            "description": "14",
            "score": 0.99,
            "line": 18,
            "tag": ""
         }
      ],
      [
         {
            "boundingPoly": {
               "vertices": [
                  {
                     "x": 1251.0,
                     "y": 2185.0
                  },
                  {
                     "x": 1325.0,
                     "y": 2185.0
                  },
                  {
                     "x": 1325.0,
                     "y": 2222.0
                  },
                  {
                     "x": 1251.0,
                     "y": 2222.0
                  }
               ]
            },
            "description": "GST",
            "score": 0.99,
            "line": 19,
            "tag": ""
         },
         {
            "boundingPoly": {
               "vertices": [
                  {
                     "x": 1468.0,
                     "y": 2189.0
                  },
                  {
                     "x": 1566.0,
                     "y": 2189.0
                  },
                  {
                     "x": 1566.0,
                     "y": 2225.0
                  },
                  {
                     "x": 1468.0,
                     "y": 2225.0
                  }
               ]
            },
            "description": "320%",
            "score": 0.47,
            "line": 19,
            "tag": ""
         },
         {
            "boundingPoly": {
               "vertices": [
                  {
                     "x": 1797.0,
                     "y": 2189.0
                  },
                  {
                     "x": 1855.0,
                     "y": 2189.0
                  },
                  {
                     "x": 1855.0,
                     "y": 2224.0
                  },
                  {
                     "x": 1797.0,
                     "y": 2224.0
                  }
               ]
            },
            "description": "397",
            "score": 0.99,
            "line": 19,
            "tag": ""
         },
         {
            "boundingPoly": {
               "vertices": [
                  {
                     "x": 1866.0,
                     "y": 2189.0
                  },
                  {
                     "x": 1909.0,
                     "y": 2189.0
                  },
                  {
                     "x": 1909.0,
                     "y": 2225.0
                  },
                  {
                     "x": 1866.0,
                     "y": 2225.0
                  }
               ]
            },
            "description": "36",
            "score": 0.99,
            "line": 19,
            "tag": ""
         }
      ],
      [
         {
            "boundingPoly": {
               "vertices": [
                  {
                     "x": 1177.0,
                     "y": 2258.0
                  },
                  {
                     "x": 1346.0,
                     "y": 2258.0
                  },
                  {
                     "x": 1346.0,
                     "y": 2294.0
                  },
                  {
                     "x": 1177.0,
                     "y": 2294.0
                  }
               ]
            },
            "description": "SHIPPING",
            "score": 0.99,
            "line": 20,
            "tag": ""
         },
         {
            "boundingPoly": {
               "vertices": [
                  {
                     "x": 1360.0,
                     "y": 2258.0
                  },
                  {
                     "x": 1578.0,
                     "y": 2258.0
                  },
                  {
                     "x": 1578.0,
                     "y": 2295.0
                  },
                  {
                     "x": 1360.0,
                     "y": 2295.0
                  }
               ]
            },
            "description": "&HANDLING",
            "score": 0.98,
            "line": 20,
            "tag": ""
         }
      ],
      [
         {
            "boundingPoly": {
               "vertices": [
                  {
                     "x": 1455.0,
                     "y": 2325.0
                  },
                  {
                     "x": 1575.0,
                     "y": 2325.0
                  },
                  {
                     "x": 1575.0,
                     "y": 2361.0
                  },
                  {
                     "x": 1455.0,
                     "y": 2361.0
                  }
               ]
            },
            "description": "TOTAL",
            "score": 0.99,
            "line": 21,
            "tag": ""
         },
         {
            "boundingPoly": {
               "vertices": [
                  {
                     "x": 1750.0,
                     "y": 2324.0
                  },
                  {
                     "x": 1905.0,
                     "y": 2324.0
                  },
                  {
                     "x": 1905.0,
                     "y": 2366.0
                  },
                  {
                     "x": 1750.0,
                     "y": 2366.0
                  }
               ]
            },
            "description": "1462204",
            "score": 0.95,
            "line": 21,
            "tag": ""
         }
      ],
      [
         {
            "boundingPoly": {
               "vertices": [
                  {
                     "x": 1495.0,
                     "y": 2389.0
                  },
                  {
                     "x": 1576.0,
                     "y": 2389.0
                  },
                  {
                     "x": 1576.0,
                     "y": 2425.0
                  },
                  {
                     "x": 1495.0,
                     "y": 2425.0
                  }
               ]
            },
            "description": "PAID",
            "score": 0.98,
            "line": 22,
            "tag": ""
         }
      ],
      [
         {
            "boundingPoly": {
               "vertices": [
                  {
                     "x": 1371.0,
                     "y": 2453.0
                  },
                  {
                     "x": 1491.0,
                     "y": 2453.0
                  },
                  {
                     "x": 1491.0,
                     "y": 2489.0
                  },
                  {
                     "x": 1371.0,
                     "y": 2489.0
                  }
               ]
            },
            "description": "TOTAL",
            "score": 0.99,
            "line": 23,
            "tag": ""
         },
         {
            "boundingPoly": {
               "vertices": [
                  {
                     "x": 1503.0,
                     "y": 2453.0
                  },
                  {
                     "x": 1577.0,
                     "y": 2453.0
                  },
                  {
                     "x": 1577.0,
                     "y": 2488.0
                  },
                  {
                     "x": 1503.0,
                     "y": 2488.0
                  }
               ]
            },
            "description": "DUE",
            "score": 0.97,
            "line": 23,
            "tag": ""
         },
         {
            "boundingPoly": {
               "vertices": [
                  {
                     "x": 1750.0,
                     "y": 2463.0
                  },
                  {
                     "x": 1788.0,
                     "y": 2463.0
                  },
                  {
                     "x": 1788.0,
                     "y": 2498.0
                  },
                  {
                     "x": 1750.0,
                     "y": 2498.0
                  }
               ]
            },
            "description": "14",
            "score": 0.99,
            "line": 23,
            "tag": "total"
         },
         {
            "boundingPoly": {
               "vertices": [
                  {
                     "x": 1797.0,
                     "y": 2463.0
                  },
                  {
                     "x": 1858.0,
                     "y": 2463.0
                  },
                  {
                     "x": 1858.0,
                     "y": 2499.0
                  },
                  {
                     "x": 1797.0,
                     "y": 2499.0
                  }
               ]
            },
            "description": "622",
            "score": 0.99,
            "line": 23,
            "tag": "total"
         },
         {
            "boundingPoly": {
               "vertices": [
                  {
                     "x": 1865.0,
                     "y": 2463.0
                  },
                  {
                     "x": 1909.0,
                     "y": 2463.0
                  },
                  {
                     "x": 1909.0,
                     "y": 2498.0
                  },
                  {
                     "x": 1865.0,
                     "y": 2498.0
                  }
               ]
            },
            "description": "04",
            "score": 0.99,
            "line": 23,
            "tag": "total"
         }
      ],
      [
         {
            "boundingPoly": {
               "vertices": [
                  {
                     "x": 755.0,
                     "y": 2566.0
                  },
                  {
                     "x": 875.0,
                     "y": 2566.0
                  },
                  {
                     "x": 875.0,
                     "y": 2604.0
                  },
                  {
                     "x": 755.0,
                     "y": 2604.0
                  }
               ]
            },
            "description": "THANK",
            "score": 0.98,
            "line": 24,
            "tag": ""
         },
         {
            "boundingPoly": {
               "vertices": [
                  {
                     "x": 886.0,
                     "y": 2565.0
                  },
                  {
                     "x": 966.0,
                     "y": 2565.0
                  },
                  {
                     "x": 966.0,
                     "y": 2605.0
                  },
                  {
                     "x": 886.0,
                     "y": 2605.0
                  }
               ]
            },
            "description": "YOU",
            "score": 0.98,
            "line": 24,
            "tag": ""
         },
         {
            "boundingPoly": {
               "vertices": [
                  {
                     "x": 970.0,
                     "y": 2565.0
                  },
                  {
                     "x": 1051.0,
                     "y": 2565.0
                  },
                  {
                     "x": 1051.0,
                     "y": 2605.0
                  },
                  {
                     "x": 970.0,
                     "y": 2605.0
                  }
               ]
            },
            "description": "FOR",
            "score": 0.99,
            "line": 24,
            "tag": ""
         },
         {
            "boundingPoly": {
               "vertices": [
                  {
                     "x": 1059.0,
                     "y": 2564.0
                  },
                  {
                     "x": 1162.0,
                     "y": 2564.0
                  },
                  {
                     "x": 1162.0,
                     "y": 2605.0
                  },
                  {
                     "x": 1059.0,
                     "y": 2605.0
                  }
               ]
            },
            "description": "YOUR",
            "score": 0.98,
            "line": 24,
            "tag": ""
         },
         {
            "boundingPoly": {
               "vertices": [
                  {
                     "x": 1171.0,
                     "y": 2566.0
                  },
                  {
                     "x": 1363.0,
                     "y": 2566.0
                  },
                  {
                     "x": 1363.0,
                     "y": 2603.0
                  },
                  {
                     "x": 1171.0,
                     "y": 2603.0
                  }
               ]
            },
            "description": "BUSINESS?",
            "score": 0.17,
            "line": 24,
            "tag": ""
         }
      ]
   ],
   "manual_edit": {
      "fields": [],
      "items": {}
   },
   "subset": "TRAIN"
}