{
   "fields": {
      "invoice-no": "1124561",
      "date": "2019-06-23",
      "name": "ABC Company",
      "vendor-addr": "ABC Street Sample City 11122",
      "billing-name": "XYZ",
      "billing-addr": "XYZ Street Client City 11223",
      "total": "5000",
      "items": [],
      "language": "en"
   },
   "fname": "pilotbatch9_Invoice 07.pdf_1.jpg",
   "lines": [
      "ABC Company",
      "ABC Street 564-555-1234",
      "Sample City abc@gmail.com PDF",
      "11122 www.abc.com",
      "BILLED TO",
      "XYZ",
      "XYZ Street",
      "Client City",
      "11223",
      "Invoice DESCRIPTION UNIT COST QTY\/HR RATE AMOUNT",
      "Your item name $0 1 $0",
      "INVOICE NUMBER",
      "1124561",
      "Your item name $0 1 $0",
      "DATE OF ISSUE Your item name $0 1 $0",
      "23\/06\/2019",
      "Your item name $0 1 $0",
      "Your item name $0 1 $0",
      "Your item name $0 1 $0",
      "Your item name $0 1 $0",
      "Your item name $0 1 $0",
      "SUBTOTAL $0",
      "DISCOUNT $0",
      "(TAX RATE) 0%",
      "TAX $0",
      "INVOICE TOTAL",
      "$5000",
      "TERMS",
      "E.g. Please pay invoice by MM\/DD\/YYYY",
      "FreshBooks makes it easier to get paid faster. FREHBOOKS",
      "cloud accounting"
   ],
   "line_tags": [
      "name",
      "vendor-addr",
      "vendor-addr",
      "vendor-addr",
      "",
      "billing-name",
      "billing-addr",
      "billing-addr",
      "billing-addr",
      "",
      "",
      "",
      "invoice-no",
      "",
      "",
      "date",
      "",
      "",
      "",
      "",
      "",
      "",
      "",
      "",
      "",
      "",
      "total",
      "",
      "",
      "",
      ""
   ],
   "words": [
      [
         {
            "boundingPoly": {
               "vertices": [
                  {
                     "x": 150.0,
                     "y": 198.0
                  },
                  {
                     "x": 280.0,
                     "y": 198.0
                  },
                  {
                     "x": 280.0,
                     "y": 253.0
                  },
                  {
                     "x": 150.0,
                     "y": 253.0
                  }
               ]
            },
            "description": "ABC",
            "score": 0.99,
            "line": 0,
            "tag": "name"
         },
         {
            "boundingPoly": {
               "vertices": [
                  {
                     "x": 293.0,
                     "y": 198.0
                  },
                  {
                     "x": 556.0,
                     "y": 198.0
                  },
                  {
                     "x": 556.0,
                     "y": 263.0
                  },
                  {
                     "x": 293.0,
                     "y": 263.0
                  }
               ]
            },
            "description": "Company",
            "score": 0.99,
            "line": 0,
            "tag": "name"
         }
      ],
      [
         {
            "boundingPoly": {
               "vertices": [
                  {
                     "x": 150.0,
                     "y": 286.0
                  },
                  {
                     "x": 234.0,
                     "y": 286.0
                  },
                  {
                     "x": 234.0,
                     "y": 322.0
                  },
                  {
                     "x": 150.0,
                     "y": 322.0
                  }
               ]
            },
            "description": "ABC",
            "score": 0.99,
            "line": 1,
            "tag": "vendor-addr"
         },
         {
            "boundingPoly": {
               "vertices": [
                  {
                     "x": 239.0,
                     "y": 286.0
                  },
                  {
                     "x": 347.0,
                     "y": 286.0
                  },
                  {
                     "x": 347.0,
                     "y": 322.0
                  },
                  {
                     "x": 239.0,
                     "y": 322.0
                  }
               ]
            },
            "description": "Street",
            "score": 0.99,
            "line": 1,
            "tag": "vendor-addr"
         },
         {
            "boundingPoly": {
               "vertices": [
                  {
                     "x": 687.0,
                     "y": 287.0
                  },
                  {
                     "x": 926.0,
                     "y": 287.0
                  },
                  {
                     "x": 926.0,
                     "y": 321.0
                  },
                  {
                     "x": 687.0,
                     "y": 321.0
                  }
               ]
            },
            "description": "564-555-1234",
            "score": 0.98,
            "line": 1,
            "tag": ""
         }
      ],
      [
         {
            "boundingPoly": {
               "vertices": [
                  {
                     "x": 151.0,
                     "y": 350.0
                  },
                  {
                     "x": 285.0,
                     "y": 350.0
                  },
                  {
                     "x": 285.0,
                     "y": 393.0
                  },
                  {
                     "x": 151.0,
                     "y": 393.0
                  }
               ]
            },
            "description": "Sample",
            "score": 0.98,
            "line": 2,
            "tag": "vendor-addr"
         },
         {
            "boundingPoly": {
               "vertices": [
                  {
                     "x": 290.0,
                     "y": 349.0
                  },
                  {
                     "x": 361.0,
                     "y": 349.0
                  },
                  {
                     "x": 361.0,
                     "y": 393.0
                  },
                  {
                     "x": 290.0,
                     "y": 393.0
                  }
               ]
            },
            "description": "City",
            "score": 0.98,
            "line": 2,
            "tag": "vendor-addr"
         },
         {
            "boundingPoly": {
               "vertices": [
                  {
                     "x": 685.0,
                     "y": 350.0
                  },
                  {
                     "x": 963.0,
                     "y": 350.0
                  },
                  {
                     "x": 963.0,
                     "y": 392.0
                  },
                  {
                     "x": 685.0,
                     "y": 392.0
                  }
               ]
            },
            "description": "abc@gmail.com",
            "score": 0.94,
            "line": 2,
            "tag": ""
         },
         {
            "boundingPoly": {
               "vertices": [
                  {
                     "x": 1934.0,
                     "y": 312.0
                  },
                  {
                     "x": 2136.0,
                     "y": 312.0
                  },
                  {
                     "x": 2136.0,
                     "y": 401.0
                  },
                  {
                     "x": 1934.0,
                     "y": 401.0
                  }
               ]
            },
            "description": "PDF",
            "score": 0.99,
            "line": 2,
            "tag": ""
         }
      ],
      [
         {
            "boundingPoly": {
               "vertices": [
                  {
                     "x": 154.0,
                     "y": 412.0
                  },
                  {
                     "x": 261.0,
                     "y": 412.0
                  },
                  {
                     "x": 261.0,
                     "y": 450.0
                  },
                  {
                     "x": 154.0,
                     "y": 450.0
                  }
               ]
            },
            "description": "11122",
            "score": 0.72,
            "line": 3,
            "tag": "vendor-addr"
         },
         {
            "boundingPoly": {
               "vertices": [
                  {
                     "x": 685.0,
                     "y": 414.0
                  },
                  {
                     "x": 928.0,
                     "y": 414.0
                  },
                  {
                     "x": 928.0,
                     "y": 450.0
                  },
                  {
                     "x": 685.0,
                     "y": 450.0
                  }
               ]
            },
            "description": "www.abc.com",
            "score": 0.98,
            "line": 3,
            "tag": ""
         }
      ],
      [
         {
            "boundingPoly": {
               "vertices": [
                  {
                     "x": 154.0,
                     "y": 545.0
                  },
                  {
                     "x": 280.0,
                     "y": 545.0
                  },
                  {
                     "x": 280.0,
                     "y": 576.0
                  },
                  {
                     "x": 154.0,
                     "y": 576.0
                  }
               ]
            },
            "description": "BILLED",
            "score": 0.98,
            "line": 4,
            "tag": ""
         },
         {
            "boundingPoly": {
               "vertices": [
                  {
                     "x": 288.0,
                     "y": 545.0
                  },
                  {
                     "x": 339.0,
                     "y": 545.0
                  },
                  {
                     "x": 339.0,
                     "y": 577.0
                  },
                  {
                     "x": 288.0,
                     "y": 577.0
                  }
               ]
            },
            "description": "TO",
            "score": 0.99,
            "line": 4,
            "tag": ""
         }
      ],
      [
         {
            "boundingPoly": {
               "vertices": [
                  {
                     "x": 151.0,
                     "y": 601.0
                  },
                  {
                     "x": 230.0,
                     "y": 601.0
                  },
                  {
                     "x": 230.0,
                     "y": 637.0
                  },
                  {
                     "x": 151.0,
                     "y": 637.0
                  }
               ]
            },
            "description": "XYZ",
            "score": 0.98,
            "line": 5,
            "tag": "billing-name"
         }
      ],
      [
         {
            "boundingPoly": {
               "vertices": [
                  {
                     "x": 151.0,
                     "y": 666.0
                  },
                  {
                     "x": 230.0,
                     "y": 666.0
                  },
                  {
                     "x": 230.0,
                     "y": 702.0
                  },
                  {
                     "x": 151.0,
                     "y": 702.0
                  }
               ]
            },
            "description": "XYZ",
            "score": 0.97,
            "line": 6,
            "tag": "billing-addr"
         },
         {
            "boundingPoly": {
               "vertices": [
                  {
                     "x": 236.0,
                     "y": 666.0
                  },
                  {
                     "x": 342.0,
                     "y": 666.0
                  },
                  {
                     "x": 342.0,
                     "y": 701.0
                  },
                  {
                     "x": 236.0,
                     "y": 701.0
                  }
               ]
            },
            "description": "Street",
            "score": 0.99,
            "line": 6,
            "tag": "billing-addr"
         }
      ],
      [
         {
            "boundingPoly": {
               "vertices": [
                  {
                     "x": 152.0,
                     "y": 731.0
                  },
                  {
                     "x": 254.0,
                     "y": 731.0
                  },
                  {
                     "x": 254.0,
                     "y": 766.0
                  },
                  {
                     "x": 152.0,
                     "y": 766.0
                  }
               ]
            },
            "description": "Client",
            "score": 0.99,
            "line": 7,
            "tag": "billing-addr"
         },
         {
            "boundingPoly": {
               "vertices": [
                  {
                     "x": 259.0,
                     "y": 731.0
                  },
                  {
                     "x": 330.0,
                     "y": 731.0
                  },
                  {
                     "x": 330.0,
                     "y": 773.0
                  },
                  {
                     "x": 259.0,
                     "y": 773.0
                  }
               ]
            },
            "description": "City",
            "score": 0.98,
            "line": 7,
            "tag": "billing-addr"
         }
      ],
      [
         {
            "boundingPoly": {
               "vertices": [
                  {
                     "x": 153.0,
                     "y": 794.0
                  },
                  {
                     "x": 262.0,
                     "y": 794.0
                  },
                  {
                     "x": 262.0,
                     "y": 831.0
                  },
                  {
                     "x": 153.0,
                     "y": 831.0
                  }
               ]
            },
            "description": "11223",
            "score": 0.97,
            "line": 8,
            "tag": "billing-addr"
         }
      ],
      [
         {
            "boundingPoly": {
               "vertices": [
                  {
                     "x": 154.0,
                     "y": 954.0
                  },
                  {
                     "x": 499.0,
                     "y": 954.0
                  },
                  {
                     "x": 499.0,
                     "y": 1046.0
                  },
                  {
                     "x": 154.0,
                     "y": 1046.0
                  }
               ]
            },
            "description": "Invoice",
            "score": 0.99,
            "line": 9,
            "tag": ""
         },
         {
            "boundingPoly": {
               "vertices": [
                  {
                     "x": 691.0,
                     "y": 990.0
                  },
                  {
                     "x": 929.0,
                     "y": 990.0
                  },
                  {
                     "x": 929.0,
                     "y": 1024.0
                  },
                  {
                     "x": 691.0,
                     "y": 1024.0
                  }
               ]
            },
            "description": "DESCRIPTION",
            "score": 0.91,
            "line": 9,
            "tag": ""
         },
         {
            "boundingPoly": {
               "vertices": [
                  {
                     "x": 1441.0,
                     "y": 990.0
                  },
                  {
                     "x": 1525.0,
                     "y": 990.0
                  },
                  {
                     "x": 1525.0,
                     "y": 1024.0
                  },
                  {
                     "x": 1441.0,
                     "y": 1024.0
                  }
               ]
            },
            "description": "UNIT",
            "score": 0.99,
            "line": 9,
            "tag": ""
         },
         {
            "boundingPoly": {
               "vertices": [
                  {
                     "x": 1528.0,
                     "y": 990.0
                  },
                  {
                     "x": 1629.0,
                     "y": 990.0
                  },
                  {
                     "x": 1629.0,
                     "y": 1024.0
                  },
                  {
                     "x": 1528.0,
                     "y": 1024.0
                  }
               ]
            },
            "description": "COST",
            "score": 0.98,
            "line": 9,
            "tag": ""
         },
         {
            "boundingPoly": {
               "vertices": [
                  {
                     "x": 1689.0,
                     "y": 990.0
                  },
                  {
                     "x": 1831.0,
                     "y": 990.0
                  },
                  {
                     "x": 1831.0,
                     "y": 1025.0
                  },
                  {
                     "x": 1689.0,
                     "y": 1025.0
                  }
               ]
            },
            "description": "QTY\/HR",
            "score": 0.97,
            "line": 9,
            "tag": ""
         },
         {
            "boundingPoly": {
               "vertices": [
                  {
                     "x": 1833.0,
                     "y": 990.0
                  },
                  {
                     "x": 1928.0,
                     "y": 990.0
                  },
                  {
                     "x": 1928.0,
                     "y": 1023.0
                  },
                  {
                     "x": 1833.0,
                     "y": 1023.0
                  }
               ]
            },
            "description": "RATE",
            "score": 0.99,
            "line": 9,
            "tag": ""
         },
         {
            "boundingPoly": {
               "vertices": [
                  {
                     "x": 1986.0,
                     "y": 991.0
                  },
                  {
                     "x": 2144.0,
                     "y": 991.0
                  },
                  {
                     "x": 2144.0,
                     "y": 1024.0
                  },
                  {
                     "x": 1986.0,
                     "y": 1024.0
                  }
               ]
            },
            "description": "AMOUNT",
            "score": 0.99,
            "line": 9,
            "tag": ""
         }
      ],
      [
         {
            "boundingPoly": {
               "vertices": [
                  {
                     "x": 687.0,
                     "y": 1085.0
                  },
                  {
                     "x": 776.0,
                     "y": 1085.0
                  },
                  {
                     "x": 776.0,
                     "y": 1121.0
                  },
                  {
                     "x": 687.0,
                     "y": 1121.0
                  }
               ]
            },
            "description": "Your",
            "score": 0.99,
            "line": 10,
            "tag": ""
         },
         {
            "boundingPoly": {
               "vertices": [
                  {
                     "x": 780.0,
                     "y": 1086.0
                  },
                  {
                     "x": 854.0,
                     "y": 1086.0
                  },
                  {
                     "x": 854.0,
                     "y": 1121.0
                  },
                  {
                     "x": 780.0,
                     "y": 1121.0
                  }
               ]
            },
            "description": "item",
            "score": 0.99,
            "line": 10,
            "tag": ""
         },
         {
            "boundingPoly": {
               "vertices": [
                  {
                     "x": 862.0,
                     "y": 1092.0
                  },
                  {
                     "x": 960.0,
                     "y": 1092.0
                  },
                  {
                     "x": 960.0,
                     "y": 1120.0
                  },
                  {
                     "x": 862.0,
                     "y": 1120.0
                  }
               ]
            },
            "description": "name",
            "score": 0.99,
            "line": 10,
            "tag": ""
         },
         {
            "boundingPoly": {
               "vertices": [
                  {
                     "x": 1437.0,
                     "y": 1083.0
                  },
                  {
                     "x": 1485.0,
                     "y": 1083.0
                  },
                  {
                     "x": 1485.0,
                     "y": 1123.0
                  },
                  {
                     "x": 1437.0,
                     "y": 1123.0
                  }
               ]
            },
            "description": "$0",
            "score": 0.99,
            "line": 10,
            "tag": ""
         },
         {
            "boundingPoly": {
               "vertices": [
                  {
                     "x": 1694.0,
                     "y": 1086.0
                  },
                  {
                     "x": 1712.0,
                     "y": 1086.0
                  },
                  {
                     "x": 1712.0,
                     "y": 1120.0
                  },
                  {
                     "x": 1694.0,
                     "y": 1120.0
                  }
               ]
            },
            "description": "1",
            "score": 0.99,
            "line": 10,
            "tag": ""
         },
         {
            "boundingPoly": {
               "vertices": [
                  {
                     "x": 1982.0,
                     "y": 1083.0
                  },
                  {
                     "x": 2030.0,
                     "y": 1083.0
                  },
                  {
                     "x": 2030.0,
                     "y": 1123.0
                  },
                  {
                     "x": 1982.0,
                     "y": 1123.0
                  }
               ]
            },
            "description": "$0",
            "score": 0.99,
            "line": 10,
            "tag": ""
         }
      ],
      [
         {
            "boundingPoly": {
               "vertices": [
                  {
                     "x": 153.0,
                     "y": 1109.0
                  },
                  {
                     "x": 299.0,
                     "y": 1109.0
                  },
                  {
                     "x": 299.0,
                     "y": 1141.0
                  },
                  {
                     "x": 153.0,
                     "y": 1141.0
                  }
               ]
            },
            "description": "INVOICE",
            "score": 0.98,
            "line": 11,
            "tag": ""
         },
         {
            "boundingPoly": {
               "vertices": [
                  {
                     "x": 307.0,
                     "y": 1108.0
                  },
                  {
                     "x": 461.0,
                     "y": 1108.0
                  },
                  {
                     "x": 461.0,
                     "y": 1141.0
                  },
                  {
                     "x": 307.0,
                     "y": 1141.0
                  }
               ]
            },
            "description": "NUMBER",
            "score": 0.99,
            "line": 11,
            "tag": ""
         }
      ],
      [
         {
            "boundingPoly": {
               "vertices": [
                  {
                     "x": 154.0,
                     "y": 1165.0
                  },
                  {
                     "x": 299.0,
                     "y": 1165.0
                  },
                  {
                     "x": 299.0,
                     "y": 1201.0
                  },
                  {
                     "x": 154.0,
                     "y": 1201.0
                  }
               ]
            },
            "description": "1124561",
            "score": 0.96,
            "line": 12,
            "tag": "invoice-no"
         }
      ],
      [
         {
            "boundingPoly": {
               "vertices": [
                  {
                     "x": 687.0,
                     "y": 1185.0
                  },
                  {
                     "x": 776.0,
                     "y": 1185.0
                  },
                  {
                     "x": 776.0,
                     "y": 1221.0
                  },
                  {
                     "x": 687.0,
                     "y": 1221.0
                  }
               ]
            },
            "description": "Your",
            "score": 0.99,
            "line": 13,
            "tag": ""
         },
         {
            "boundingPoly": {
               "vertices": [
                  {
                     "x": 779.0,
                     "y": 1187.0
                  },
                  {
                     "x": 855.0,
                     "y": 1187.0
                  },
                  {
                     "x": 855.0,
                     "y": 1221.0
                  },
                  {
                     "x": 779.0,
                     "y": 1221.0
                  }
               ]
            },
            "description": "item",
            "score": 0.99,
            "line": 13,
            "tag": ""
         },
         {
            "boundingPoly": {
               "vertices": [
                  {
                     "x": 861.0,
                     "y": 1194.0
                  },
                  {
                     "x": 960.0,
                     "y": 1194.0
                  },
                  {
                     "x": 960.0,
                     "y": 1222.0
                  },
                  {
                     "x": 861.0,
                     "y": 1222.0
                  }
               ]
            },
            "description": "name",
            "score": 0.99,
            "line": 13,
            "tag": ""
         },
         {
            "boundingPoly": {
               "vertices": [
                  {
                     "x": 1436.0,
                     "y": 1183.0
                  },
                  {
                     "x": 1486.0,
                     "y": 1183.0
                  },
                  {
                     "x": 1486.0,
                     "y": 1224.0
                  },
                  {
                     "x": 1436.0,
                     "y": 1224.0
                  }
               ]
            },
            "description": "$0",
            "score": 0.99,
            "line": 13,
            "tag": ""
         },
         {
            "boundingPoly": {
               "vertices": [
                  {
                     "x": 1694.0,
                     "y": 1186.0
                  },
                  {
                     "x": 1712.0,
                     "y": 1186.0
                  },
                  {
                     "x": 1712.0,
                     "y": 1221.0
                  },
                  {
                     "x": 1694.0,
                     "y": 1221.0
                  }
               ]
            },
            "description": "1",
            "score": 0.99,
            "line": 13,
            "tag": ""
         },
         {
            "boundingPoly": {
               "vertices": [
                  {
                     "x": 1981.0,
                     "y": 1183.0
                  },
                  {
                     "x": 2031.0,
                     "y": 1183.0
                  },
                  {
                     "x": 2031.0,
                     "y": 1224.0
                  },
                  {
                     "x": 1981.0,
                     "y": 1224.0
                  }
               ]
            },
            "description": "$0",
            "score": 0.99,
            "line": 13,
            "tag": ""
         }
      ],
      [
         {
            "boundingPoly": {
               "vertices": [
                  {
                     "x": 153.0,
                     "y": 1279.0
                  },
                  {
                     "x": 248.0,
                     "y": 1279.0
                  },
                  {
                     "x": 248.0,
                     "y": 1311.0
                  },
                  {
                     "x": 153.0,
                     "y": 1311.0
                  }
               ]
            },
            "description": "DATE",
            "score": 0.99,
            "line": 14,
            "tag": ""
         },
         {
            "boundingPoly": {
               "vertices": [
                  {
                     "x": 254.0,
                     "y": 1279.0
                  },
                  {
                     "x": 306.0,
                     "y": 1279.0
                  },
                  {
                     "x": 306.0,
                     "y": 1310.0
                  },
                  {
                     "x": 254.0,
                     "y": 1310.0
                  }
               ]
            },
            "description": "OF",
            "score": 0.99,
            "line": 14,
            "tag": ""
         },
         {
            "boundingPoly": {
               "vertices": [
                  {
                     "x": 314.0,
                     "y": 1279.0
                  },
                  {
                     "x": 420.0,
                     "y": 1279.0
                  },
                  {
                     "x": 420.0,
                     "y": 1311.0
                  },
                  {
                     "x": 314.0,
                     "y": 1311.0
                  }
               ]
            },
            "description": "ISSUE",
            "score": 0.99,
            "line": 14,
            "tag": ""
         },
         {
            "boundingPoly": {
               "vertices": [
                  {
                     "x": 686.0,
                     "y": 1287.0
                  },
                  {
                     "x": 775.0,
                     "y": 1287.0
                  },
                  {
                     "x": 775.0,
                     "y": 1322.0
                  },
                  {
                     "x": 686.0,
                     "y": 1322.0
                  }
               ]
            },
            "description": "Your",
            "score": 0.99,
            "line": 14,
            "tag": ""
         },
         {
            "boundingPoly": {
               "vertices": [
                  {
                     "x": 779.0,
                     "y": 1288.0
                  },
                  {
                     "x": 855.0,
                     "y": 1288.0
                  },
                  {
                     "x": 855.0,
                     "y": 1322.0
                  },
                  {
                     "x": 779.0,
                     "y": 1322.0
                  }
               ]
            },
            "description": "item",
            "score": 0.99,
            "line": 14,
            "tag": ""
         },
         {
            "boundingPoly": {
               "vertices": [
                  {
                     "x": 861.0,
                     "y": 1294.0
                  },
                  {
                     "x": 960.0,
                     "y": 1294.0
                  },
                  {
                     "x": 960.0,
                     "y": 1322.0
                  },
                  {
                     "x": 861.0,
                     "y": 1322.0
                  }
               ]
            },
            "description": "name",
            "score": 0.99,
            "line": 14,
            "tag": ""
         },
         {
            "boundingPoly": {
               "vertices": [
                  {
                     "x": 1436.0,
                     "y": 1284.0
                  },
                  {
                     "x": 1485.0,
                     "y": 1284.0
                  },
                  {
                     "x": 1485.0,
                     "y": 1325.0
                  },
                  {
                     "x": 1436.0,
                     "y": 1325.0
                  }
               ]
            },
            "description": "$0",
            "score": 0.99,
            "line": 14,
            "tag": ""
         },
         {
            "boundingPoly": {
               "vertices": [
                  {
                     "x": 1694.0,
                     "y": 1287.0
                  },
                  {
                     "x": 1712.0,
                     "y": 1287.0
                  },
                  {
                     "x": 1712.0,
                     "y": 1321.0
                  },
                  {
                     "x": 1694.0,
                     "y": 1321.0
                  }
               ]
            },
            "description": "1",
            "score": 0.99,
            "line": 14,
            "tag": ""
         },
         {
            "boundingPoly": {
               "vertices": [
                  {
                     "x": 1981.0,
                     "y": 1283.0
                  },
                  {
                     "x": 2031.0,
                     "y": 1283.0
                  },
                  {
                     "x": 2031.0,
                     "y": 1325.0
                  },
                  {
                     "x": 1981.0,
                     "y": 1325.0
                  }
               ]
            },
            "description": "$0",
            "score": 0.99,
            "line": 14,
            "tag": ""
         }
      ],
      [
         {
            "boundingPoly": {
               "vertices": [
                  {
                     "x": 151.0,
                     "y": 1333.0
                  },
                  {
                     "x": 345.0,
                     "y": 1333.0
                  },
                  {
                     "x": 345.0,
                     "y": 1369.0
                  },
                  {
                     "x": 151.0,
                     "y": 1369.0
                  }
               ]
            },
            "description": "23\/06\/2019",
            "score": 0.97,
            "line": 15,
            "tag": "date"
         }
      ],
      [
         {
            "boundingPoly": {
               "vertices": [
                  {
                     "x": 687.0,
                     "y": 1388.0
                  },
                  {
                     "x": 776.0,
                     "y": 1388.0
                  },
                  {
                     "x": 776.0,
                     "y": 1424.0
                  },
                  {
                     "x": 687.0,
                     "y": 1424.0
                  }
               ]
            },
            "description": "Your",
            "score": 0.99,
            "line": 16,
            "tag": ""
         },
         {
            "boundingPoly": {
               "vertices": [
                  {
                     "x": 780.0,
                     "y": 1390.0
                  },
                  {
                     "x": 855.0,
                     "y": 1390.0
                  },
                  {
                     "x": 855.0,
                     "y": 1424.0
                  },
                  {
                     "x": 780.0,
                     "y": 1424.0
                  }
               ]
            },
            "description": "item",
            "score": 0.99,
            "line": 16,
            "tag": ""
         },
         {
            "boundingPoly": {
               "vertices": [
                  {
                     "x": 862.0,
                     "y": 1396.0
                  },
                  {
                     "x": 960.0,
                     "y": 1396.0
                  },
                  {
                     "x": 960.0,
                     "y": 1424.0
                  },
                  {
                     "x": 862.0,
                     "y": 1424.0
                  }
               ]
            },
            "description": "name",
            "score": 0.99,
            "line": 16,
            "tag": ""
         },
         {
            "boundingPoly": {
               "vertices": [
                  {
                     "x": 1436.0,
                     "y": 1385.0
                  },
                  {
                     "x": 1485.0,
                     "y": 1385.0
                  },
                  {
                     "x": 1485.0,
                     "y": 1428.0
                  },
                  {
                     "x": 1436.0,
                     "y": 1428.0
                  }
               ]
            },
            "description": "$0",
            "score": 0.95,
            "line": 16,
            "tag": ""
         },
         {
            "boundingPoly": {
               "vertices": [
                  {
                     "x": 1694.0,
                     "y": 1389.0
                  },
                  {
                     "x": 1712.0,
                     "y": 1389.0
                  },
                  {
                     "x": 1712.0,
                     "y": 1424.0
                  },
                  {
                     "x": 1694.0,
                     "y": 1424.0
                  }
               ]
            },
            "description": "1",
            "score": 0.99,
            "line": 16,
            "tag": ""
         },
         {
            "boundingPoly": {
               "vertices": [
                  {
                     "x": 1981.0,
                     "y": 1386.0
                  },
                  {
                     "x": 2031.0,
                     "y": 1386.0
                  },
                  {
                     "x": 2031.0,
                     "y": 1427.0
                  },
                  {
                     "x": 1981.0,
                     "y": 1427.0
                  }
               ]
            },
            "description": "$0",
            "score": 0.99,
            "line": 16,
            "tag": ""
         }
      ],
      [
         {
            "boundingPoly": {
               "vertices": [
                  {
                     "x": 686.0,
                     "y": 1488.0
                  },
                  {
                     "x": 776.0,
                     "y": 1488.0
                  },
                  {
                     "x": 776.0,
                     "y": 1524.0
                  },
                  {
                     "x": 686.0,
                     "y": 1524.0
                  }
               ]
            },
            "description": "Your",
            "score": 0.99,
            "line": 17,
            "tag": ""
         },
         {
            "boundingPoly": {
               "vertices": [
                  {
                     "x": 779.0,
                     "y": 1489.0
                  },
                  {
                     "x": 855.0,
                     "y": 1489.0
                  },
                  {
                     "x": 855.0,
                     "y": 1523.0
                  },
                  {
                     "x": 779.0,
                     "y": 1523.0
                  }
               ]
            },
            "description": "item",
            "score": 0.99,
            "line": 17,
            "tag": ""
         },
         {
            "boundingPoly": {
               "vertices": [
                  {
                     "x": 861.0,
                     "y": 1496.0
                  },
                  {
                     "x": 960.0,
                     "y": 1496.0
                  },
                  {
                     "x": 960.0,
                     "y": 1524.0
                  },
                  {
                     "x": 861.0,
                     "y": 1524.0
                  }
               ]
            },
            "description": "name",
            "score": 0.99,
            "line": 17,
            "tag": ""
         },
         {
            "boundingPoly": {
               "vertices": [
                  {
                     "x": 1436.0,
                     "y": 1486.0
                  },
                  {
                     "x": 1485.0,
                     "y": 1486.0
                  },
                  {
                     "x": 1485.0,
                     "y": 1527.0
                  },
                  {
                     "x": 1436.0,
                     "y": 1527.0
                  }
               ]
            },
            "description": "$0",
            "score": 0.99,
            "line": 17,
            "tag": ""
         },
         {
            "boundingPoly": {
               "vertices": [
                  {
                     "x": 1693.0,
                     "y": 1489.0
                  },
                  {
                     "x": 1713.0,
                     "y": 1489.0
                  },
                  {
                     "x": 1713.0,
                     "y": 1524.0
                  },
                  {
                     "x": 1693.0,
                     "y": 1524.0
                  }
               ]
            },
            "description": "1",
            "score": 0.99,
            "line": 17,
            "tag": ""
         },
         {
            "boundingPoly": {
               "vertices": [
                  {
                     "x": 1981.0,
                     "y": 1485.0
                  },
                  {
                     "x": 2032.0,
                     "y": 1485.0
                  },
                  {
                     "x": 2032.0,
                     "y": 1528.0
                  },
                  {
                     "x": 1981.0,
                     "y": 1528.0
                  }
               ]
            },
            "description": "$0",
            "score": 0.96,
            "line": 17,
            "tag": ""
         }
      ],
      [
         {
            "boundingPoly": {
               "vertices": [
                  {
                     "x": 687.0,
                     "y": 1590.0
                  },
                  {
                     "x": 776.0,
                     "y": 1590.0
                  },
                  {
                     "x": 776.0,
                     "y": 1626.0
                  },
                  {
                     "x": 687.0,
                     "y": 1626.0
                  }
               ]
            },
            "description": "Your",
            "score": 0.99,
            "line": 18,
            "tag": ""
         },
         {
            "boundingPoly": {
               "vertices": [
                  {
                     "x": 779.0,
                     "y": 1591.0
                  },
                  {
                     "x": 855.0,
                     "y": 1591.0
                  },
                  {
                     "x": 855.0,
                     "y": 1625.0
                  },
                  {
                     "x": 779.0,
                     "y": 1625.0
                  }
               ]
            },
            "description": "item",
            "score": 0.99,
            "line": 18,
            "tag": ""
         },
         {
            "boundingPoly": {
               "vertices": [
                  {
                     "x": 861.0,
                     "y": 1598.0
                  },
                  {
                     "x": 960.0,
                     "y": 1598.0
                  },
                  {
                     "x": 960.0,
                     "y": 1625.0
                  },
                  {
                     "x": 861.0,
                     "y": 1625.0
                  }
               ]
            },
            "description": "name",
            "score": 0.99,
            "line": 18,
            "tag": ""
         },
         {
            "boundingPoly": {
               "vertices": [
                  {
                     "x": 1436.0,
                     "y": 1587.0
                  },
                  {
                     "x": 1485.0,
                     "y": 1587.0
                  },
                  {
                     "x": 1485.0,
                     "y": 1629.0
                  },
                  {
                     "x": 1436.0,
                     "y": 1629.0
                  }
               ]
            },
            "description": "$0",
            "score": 0.96,
            "line": 18,
            "tag": ""
         },
         {
            "boundingPoly": {
               "vertices": [
                  {
                     "x": 1693.0,
                     "y": 1590.0
                  },
                  {
                     "x": 1712.0,
                     "y": 1590.0
                  },
                  {
                     "x": 1712.0,
                     "y": 1625.0
                  },
                  {
                     "x": 1693.0,
                     "y": 1625.0
                  }
               ]
            },
            "description": "1",
            "score": 0.99,
            "line": 18,
            "tag": ""
         },
         {
            "boundingPoly": {
               "vertices": [
                  {
                     "x": 1981.0,
                     "y": 1587.0
                  },
                  {
                     "x": 2030.0,
                     "y": 1587.0
                  },
                  {
                     "x": 2030.0,
                     "y": 1628.0
                  },
                  {
                     "x": 1981.0,
                     "y": 1628.0
                  }
               ]
            },
            "description": "$0",
            "score": 0.99,
            "line": 18,
            "tag": ""
         }
      ],
      [
         {
            "boundingPoly": {
               "vertices": [
                  {
                     "x": 686.0,
                     "y": 1691.0
                  },
                  {
                     "x": 776.0,
                     "y": 1691.0
                  },
                  {
                     "x": 776.0,
                     "y": 1727.0
                  },
                  {
                     "x": 686.0,
                     "y": 1727.0
                  }
               ]
            },
            "description": "Your",
            "score": 0.99,
            "line": 19,
            "tag": ""
         },
         {
            "boundingPoly": {
               "vertices": [
                  {
                     "x": 779.0,
                     "y": 1692.0
                  },
                  {
                     "x": 855.0,
                     "y": 1692.0
                  },
                  {
                     "x": 855.0,
                     "y": 1726.0
                  },
                  {
                     "x": 779.0,
                     "y": 1726.0
                  }
               ]
            },
            "description": "item",
            "score": 0.99,
            "line": 19,
            "tag": ""
         },
         {
            "boundingPoly": {
               "vertices": [
                  {
                     "x": 861.0,
                     "y": 1698.0
                  },
                  {
                     "x": 960.0,
                     "y": 1698.0
                  },
                  {
                     "x": 960.0,
                     "y": 1726.0
                  },
                  {
                     "x": 861.0,
                     "y": 1726.0
                  }
               ]
            },
            "description": "name",
            "score": 0.99,
            "line": 19,
            "tag": ""
         },
         {
            "boundingPoly": {
               "vertices": [
                  {
                     "x": 1436.0,
                     "y": 1689.0
                  },
                  {
                     "x": 1485.0,
                     "y": 1689.0
                  },
                  {
                     "x": 1485.0,
                     "y": 1730.0
                  },
                  {
                     "x": 1436.0,
                     "y": 1730.0
                  }
               ]
            },
            "description": "$0",
            "score": 0.99,
            "line": 19,
            "tag": ""
         },
         {
            "boundingPoly": {
               "vertices": [
                  {
                     "x": 1694.0,
                     "y": 1692.0
                  },
                  {
                     "x": 1712.0,
                     "y": 1692.0
                  },
                  {
                     "x": 1712.0,
                     "y": 1726.0
                  },
                  {
                     "x": 1694.0,
                     "y": 1726.0
                  }
               ]
            },
            "description": "1",
            "score": 0.99,
            "line": 19,
            "tag": ""
         },
         {
            "boundingPoly": {
               "vertices": [
                  {
                     "x": 1981.0,
                     "y": 1688.0
                  },
                  {
                     "x": 2031.0,
                     "y": 1688.0
                  },
                  {
                     "x": 2031.0,
                     "y": 1730.0
                  },
                  {
                     "x": 1981.0,
                     "y": 1730.0
                  }
               ]
            },
            "description": "$0",
            "score": 0.96,
            "line": 19,
            "tag": ""
         }
      ],
      [
         {
            "boundingPoly": {
               "vertices": [
                  {
                     "x": 686.0,
                     "y": 1792.0
                  },
                  {
                     "x": 776.0,
                     "y": 1792.0
                  },
                  {
                     "x": 776.0,
                     "y": 1827.0
                  },
                  {
                     "x": 686.0,
                     "y": 1827.0
                  }
               ]
            },
            "description": "Your",
            "score": 0.99,
            "line": 20,
            "tag": ""
         },
         {
            "boundingPoly": {
               "vertices": [
                  {
                     "x": 780.0,
                     "y": 1793.0
                  },
                  {
                     "x": 855.0,
                     "y": 1793.0
                  },
                  {
                     "x": 855.0,
                     "y": 1827.0
                  },
                  {
                     "x": 780.0,
                     "y": 1827.0
                  }
               ]
            },
            "description": "item",
            "score": 0.99,
            "line": 20,
            "tag": ""
         },
         {
            "boundingPoly": {
               "vertices": [
                  {
                     "x": 862.0,
                     "y": 1799.0
                  },
                  {
                     "x": 959.0,
                     "y": 1799.0
                  },
                  {
                     "x": 959.0,
                     "y": 1827.0
                  },
                  {
                     "x": 862.0,
                     "y": 1827.0
                  }
               ]
            },
            "description": "name",
            "score": 0.99,
            "line": 20,
            "tag": ""
         },
         {
            "boundingPoly": {
               "vertices": [
                  {
                     "x": 1436.0,
                     "y": 1790.0
                  },
                  {
                     "x": 1485.0,
                     "y": 1790.0
                  },
                  {
                     "x": 1485.0,
                     "y": 1830.0
                  },
                  {
                     "x": 1436.0,
                     "y": 1830.0
                  }
               ]
            },
            "description": "$0",
            "score": 0.99,
            "line": 20,
            "tag": ""
         },
         {
            "boundingPoly": {
               "vertices": [
                  {
                     "x": 1694.0,
                     "y": 1792.0
                  },
                  {
                     "x": 1712.0,
                     "y": 1792.0
                  },
                  {
                     "x": 1712.0,
                     "y": 1826.0
                  },
                  {
                     "x": 1694.0,
                     "y": 1826.0
                  }
               ]
            },
            "description": "1",
            "score": 0.99,
            "line": 20,
            "tag": ""
         },
         {
            "boundingPoly": {
               "vertices": [
                  {
                     "x": 1981.0,
                     "y": 1789.0
                  },
                  {
                     "x": 2031.0,
                     "y": 1789.0
                  },
                  {
                     "x": 2031.0,
                     "y": 1831.0
                  },
                  {
                     "x": 1981.0,
                     "y": 1831.0
                  }
               ]
            },
            "description": "$0",
            "score": 0.99,
            "line": 20,
            "tag": ""
         }
      ],
      [
         {
            "boundingPoly": {
               "vertices": [
                  {
                     "x": 1741.0,
                     "y": 1912.0
                  },
                  {
                     "x": 1928.0,
                     "y": 1912.0
                  },
                  {
                     "x": 1928.0,
                     "y": 1944.0
                  },
                  {
                     "x": 1741.0,
                     "y": 1944.0
                  }
               ]
            },
            "description": "SUBTOTAL",
            "score": 0.99,
            "line": 21,
            "tag": ""
         },
         {
            "boundingPoly": {
               "vertices": [
                  {
                     "x": 1982.0,
                     "y": 1905.0
                  },
                  {
                     "x": 2030.0,
                     "y": 1905.0
                  },
                  {
                     "x": 2030.0,
                     "y": 1945.0
                  },
                  {
                     "x": 1982.0,
                     "y": 1945.0
                  }
               ]
            },
            "description": "$0",
            "score": 0.98,
            "line": 21,
            "tag": ""
         }
      ],
      [
         {
            "boundingPoly": {
               "vertices": [
                  {
                     "x": 1745.0,
                     "y": 1980.0
                  },
                  {
                     "x": 1930.0,
                     "y": 1980.0
                  },
                  {
                     "x": 1930.0,
                     "y": 2013.0
                  },
                  {
                     "x": 1745.0,
                     "y": 2013.0
                  }
               ]
            },
            "description": "DISCOUNT",
            "score": 0.98,
            "line": 22,
            "tag": ""
         },
         {
            "boundingPoly": {
               "vertices": [
                  {
                     "x": 1983.0,
                     "y": 1974.0
                  },
                  {
                     "x": 2030.0,
                     "y": 1974.0
                  },
                  {
                     "x": 2030.0,
                     "y": 2013.0
                  },
                  {
                     "x": 1983.0,
                     "y": 2013.0
                  }
               ]
            },
            "description": "$0",
            "score": 0.99,
            "line": 22,
            "tag": ""
         }
      ],
      [
         {
            "boundingPoly": {
               "vertices": [
                  {
                     "x": 1734.0,
                     "y": 2048.0
                  },
                  {
                     "x": 1815.0,
                     "y": 2048.0
                  },
                  {
                     "x": 1815.0,
                     "y": 2086.0
                  },
                  {
                     "x": 1734.0,
                     "y": 2086.0
                  }
               ]
            },
            "description": "(TAX",
            "score": 0.99,
            "line": 23,
            "tag": ""
         },
         {
            "boundingPoly": {
               "vertices": [
                  {
                     "x": 1822.0,
                     "y": 2048.0
                  },
                  {
                     "x": 1927.0,
                     "y": 2048.0
                  },
                  {
                     "x": 1927.0,
                     "y": 2087.0
                  },
                  {
                     "x": 1822.0,
                     "y": 2087.0
                  }
               ]
            },
            "description": "RATE)",
            "score": 0.99,
            "line": 23,
            "tag": ""
         },
         {
            "boundingPoly": {
               "vertices": [
                  {
                     "x": 1983.0,
                     "y": 2043.0
                  },
                  {
                     "x": 2042.0,
                     "y": 2043.0
                  },
                  {
                     "x": 2042.0,
                     "y": 2079.0
                  },
                  {
                     "x": 1983.0,
                     "y": 2079.0
                  }
               ]
            },
            "description": "0%",
            "score": 0.99,
            "line": 23,
            "tag": ""
         }
      ],
      [
         {
            "boundingPoly": {
               "vertices": [
                  {
                     "x": 1857.0,
                     "y": 2115.0
                  },
                  {
                     "x": 1929.0,
                     "y": 2115.0
                  },
                  {
                     "x": 1929.0,
                     "y": 2147.0
                  },
                  {
                     "x": 1857.0,
                     "y": 2147.0
                  }
               ]
            },
            "description": "TAX",
            "score": 0.99,
            "line": 24,
            "tag": ""
         },
         {
            "boundingPoly": {
               "vertices": [
                  {
                     "x": 1983.0,
                     "y": 2110.0
                  },
                  {
                     "x": 2030.0,
                     "y": 2110.0
                  },
                  {
                     "x": 2030.0,
                     "y": 2149.0
                  },
                  {
                     "x": 1983.0,
                     "y": 2149.0
                  }
               ]
            },
            "description": "$0",
            "score": 0.99,
            "line": 24,
            "tag": ""
         }
      ],
      [
         {
            "boundingPoly": {
               "vertices": [
                  {
                     "x": 1771.0,
                     "y": 2273.0
                  },
                  {
                     "x": 1918.0,
                     "y": 2273.0
                  },
                  {
                     "x": 1918.0,
                     "y": 2304.0
                  },
                  {
                     "x": 1771.0,
                     "y": 2304.0
                  }
               ]
            },
            "description": "INVOICE",
            "score": 0.98,
            "line": 25,
            "tag": ""
         },
         {
            "boundingPoly": {
               "vertices": [
                  {
                     "x": 1923.0,
                     "y": 2273.0
                  },
                  {
                     "x": 2038.0,
                     "y": 2273.0
                  },
                  {
                     "x": 2038.0,
                     "y": 2305.0
                  },
                  {
                     "x": 1923.0,
                     "y": 2305.0
                  }
               ]
            },
            "description": "TOTAL",
            "score": 0.99,
            "line": 25,
            "tag": ""
         }
      ],
      [
         {
            "boundingPoly": {
               "vertices": [
                  {
                     "x": 1788.0,
                     "y": 2322.0
                  },
                  {
                     "x": 2019.0,
                     "y": 2322.0
                  },
                  {
                     "x": 2019.0,
                     "y": 2402.0
                  },
                  {
                     "x": 1788.0,
                     "y": 2402.0
                  }
               ]
            },
            "description": "$5000",
            "score": 0.99,
            "line": 26,
            "tag": "total"
         }
      ],
      [
         {
            "boundingPoly": {
               "vertices": [
                  {
                     "x": 152.0,
                     "y": 2434.0
                  },
                  {
                     "x": 277.0,
                     "y": 2434.0
                  },
                  {
                     "x": 277.0,
                     "y": 2467.0
                  },
                  {
                     "x": 152.0,
                     "y": 2467.0
                  }
               ]
            },
            "description": "TERMS",
            "score": 0.99,
            "line": 27,
            "tag": ""
         }
      ],
      [
         {
            "boundingPoly": {
               "vertices": [
                  {
                     "x": 157.0,
                     "y": 2497.0
                  },
                  {
                     "x": 225.0,
                     "y": 2497.0
                  },
                  {
                     "x": 225.0,
                     "y": 2540.0
                  },
                  {
                     "x": 157.0,
                     "y": 2540.0
                  }
               ]
            },
            "description": "E.g.",
            "score": 0.99,
            "line": 28,
            "tag": ""
         },
         {
            "boundingPoly": {
               "vertices": [
                  {
                     "x": 234.0,
                     "y": 2498.0
                  },
                  {
                     "x": 354.0,
                     "y": 2498.0
                  },
                  {
                     "x": 354.0,
                     "y": 2532.0
                  },
                  {
                     "x": 234.0,
                     "y": 2532.0
                  }
               ]
            },
            "description": "Please",
            "score": 0.99,
            "line": 28,
            "tag": ""
         },
         {
            "boundingPoly": {
               "vertices": [
                  {
                     "x": 360.0,
                     "y": 2505.0
                  },
                  {
                     "x": 428.0,
                     "y": 2505.0
                  },
                  {
                     "x": 428.0,
                     "y": 2541.0
                  },
                  {
                     "x": 360.0,
                     "y": 2541.0
                  }
               ]
            },
            "description": "pay",
            "score": 0.99,
            "line": 28,
            "tag": ""
         },
         {
            "boundingPoly": {
               "vertices": [
                  {
                     "x": 432.0,
                     "y": 2498.0
                  },
                  {
                     "x": 554.0,
                     "y": 2498.0
                  },
                  {
                     "x": 554.0,
                     "y": 2534.0
                  },
                  {
                     "x": 432.0,
                     "y": 2534.0
                  }
               ]
            },
            "description": "invoice",
            "score": 0.98,
            "line": 28,
            "tag": ""
         },
         {
            "boundingPoly": {
               "vertices": [
                  {
                     "x": 560.0,
                     "y": 2498.0
                  },
                  {
                     "x": 605.0,
                     "y": 2498.0
                  },
                  {
                     "x": 605.0,
                     "y": 2540.0
                  },
                  {
                     "x": 560.0,
                     "y": 2540.0
                  }
               ]
            },
            "description": "by",
            "score": 0.99,
            "line": 28,
            "tag": ""
         },
         {
            "boundingPoly": {
               "vertices": [
                  {
                     "x": 610.0,
                     "y": 2497.0
                  },
                  {
                     "x": 855.0,
                     "y": 2497.0
                  },
                  {
                     "x": 855.0,
                     "y": 2534.0
                  },
                  {
                     "x": 610.0,
                     "y": 2534.0
                  }
               ]
            },
            "description": "MM\/DD\/YYYY",
            "score": 0.97,
            "line": 28,
            "tag": ""
         }
      ],
      [
         {
            "boundingPoly": {
               "vertices": [
                  {
                     "x": 1143.0,
                     "y": 2843.0
                  },
                  {
                     "x": 1328.0,
                     "y": 2843.0
                  },
                  {
                     "x": 1328.0,
                     "y": 2875.0
                  },
                  {
                     "x": 1143.0,
                     "y": 2875.0
                  }
               ]
            },
            "description": "FreshBooks",
            "score": 0.98,
            "line": 29,
            "tag": ""
         },
         {
            "boundingPoly": {
               "vertices": [
                  {
                     "x": 1334.0,
                     "y": 2843.0
                  },
                  {
                     "x": 1440.0,
                     "y": 2843.0
                  },
                  {
                     "x": 1440.0,
                     "y": 2876.0
                  },
                  {
                     "x": 1334.0,
                     "y": 2876.0
                  }
               ]
            },
            "description": "makes",
            "score": 0.99,
            "line": 29,
            "tag": ""
         },
         {
            "boundingPoly": {
               "vertices": [
                  {
                     "x": 1444.0,
                     "y": 2843.0
                  },
                  {
                     "x": 1467.0,
                     "y": 2843.0
                  },
                  {
                     "x": 1467.0,
                     "y": 2875.0
                  },
                  {
                     "x": 1444.0,
                     "y": 2875.0
                  }
               ]
            },
            "description": "it",
            "score": 0.99,
            "line": 29,
            "tag": ""
         },
         {
            "boundingPoly": {
               "vertices": [
                  {
                     "x": 1470.0,
                     "y": 2843.0
                  },
                  {
                     "x": 1569.0,
                     "y": 2843.0
                  },
                  {
                     "x": 1569.0,
                     "y": 2875.0
                  },
                  {
                     "x": 1470.0,
                     "y": 2875.0
                  }
               ]
            },
            "description": "easier",
            "score": 0.99,
            "line": 29,
            "tag": ""
         },
         {
            "boundingPoly": {
               "vertices": [
                  {
                     "x": 1572.0,
                     "y": 2844.0
                  },
                  {
                     "x": 1605.0,
                     "y": 2844.0
                  },
                  {
                     "x": 1605.0,
                     "y": 2876.0
                  },
                  {
                     "x": 1572.0,
                     "y": 2876.0
                  }
               ]
            },
            "description": "to",
            "score": 0.99,
            "line": 29,
            "tag": ""
         },
         {
            "boundingPoly": {
               "vertices": [
                  {
                     "x": 1609.0,
                     "y": 2844.0
                  },
                  {
                     "x": 1666.0,
                     "y": 2844.0
                  },
                  {
                     "x": 1666.0,
                     "y": 2882.0
                  },
                  {
                     "x": 1609.0,
                     "y": 2882.0
                  }
               ]
            },
            "description": "get",
            "score": 0.99,
            "line": 29,
            "tag": ""
         },
         {
            "boundingPoly": {
               "vertices": [
                  {
                     "x": 1668.0,
                     "y": 2842.0
                  },
                  {
                     "x": 1736.0,
                     "y": 2842.0
                  },
                  {
                     "x": 1736.0,
                     "y": 2879.0
                  },
                  {
                     "x": 1668.0,
                     "y": 2879.0
                  }
               ]
            },
            "description": "paid",
            "score": 0.99,
            "line": 29,
            "tag": ""
         },
         {
            "boundingPoly": {
               "vertices": [
                  {
                     "x": 1740.0,
                     "y": 2843.0
                  },
                  {
                     "x": 1836.0,
                     "y": 2843.0
                  },
                  {
                     "x": 1836.0,
                     "y": 2876.0
                  },
                  {
                     "x": 1740.0,
                     "y": 2876.0
                  }
               ]
            },
            "description": "faster.",
            "score": 0.99,
            "line": 29,
            "tag": ""
         },
         {
            "boundingPoly": {
               "vertices": [
                  {
                     "x": 1899.0,
                     "y": 2820.0
                  },
                  {
                     "x": 2166.0,
                     "y": 2820.0
                  },
                  {
                     "x": 2166.0,
                     "y": 2877.0
                  },
                  {
                     "x": 1899.0,
                     "y": 2877.0
                  }
               ]
            },
            "description": "FREHBOOKS",
            "score": 0.85,
            "line": 29,
            "tag": ""
         }
      ],
      [
         {
            "boundingPoly": {
               "vertices": [
                  {
                     "x": 1967.0,
                     "y": 2876.0
                  },
                  {
                     "x": 2033.0,
                     "y": 2876.0
                  },
                  {
                     "x": 2033.0,
                     "y": 2906.0
                  },
                  {
                     "x": 1967.0,
                     "y": 2906.0
                  }
               ]
            },
            "description": "cloud",
            "score": 0.99,
            "line": 30,
            "tag": ""
         },
         {
            "boundingPoly": {
               "vertices": [
                  {
                     "x": 2033.0,
                     "y": 2877.0
                  },
                  {
                     "x": 2163.0,
                     "y": 2877.0
                  },
                  {
                     "x": 2163.0,
                     "y": 2911.0
                  },
                  {
                     "x": 2033.0,
                     "y": 2911.0
                  }
               ]
            },
            "description": "accounting",
            "score": 0.99,
            "line": 30,
            "tag": ""
         }
      ]
   ],
   "manual_edit": {
      "fields": [],
      "items": {}
   },
   "subset": "TRAIN"
}