{
   "fields": {
      "invoice-no": "00121",
      "date": "2015-04-08",
      "name": "ZYLKAR CORPORATION",
      "vendor-addr": "1561 Appleview Town Bakers Street Chicago, IL 60411",
      "billing-name": "Alistair Burke",
      "billing-addr": "1156 High Street Santa Cruz, CA 95064 800-555-0121",
      "total": "6137.50",
      "items": [],
      "language": "en"
   },
   "fname": "pilotbatch9_Invoice 12.pdf_1.jpg",
   "lines": [
      "ZYLKAR CORPORATION INVOICE",
      "1561 Appleview Town #00121",
      "Bakers Street",
      "Chicago, IL 60411",
      "Bill to: Invoice Date Apr 8, 2015",
      "Alistair Burke Terms 30 days",
      "1156 High Street Due Date May 8, 2015",
      "Santa Cruz, CA 95064",
      "800-555-0121",
      "ID Work Description Hours Rate Amount (in USD)",
      "1 Construction Work 5 $50 $250.00",
      "2 Architect Planning 5 $100 $500.00",
      "3 Painting 5 $1000 $5000.00",
      "Thank you for your business Subtotal $5750.00",
      "Tax Rate 5.009",
      "Tax $287.50",
      "Total $6137.50",
      "Payment Options",
      "Bank Account -7102381318419 Bank of Chicago",
      "PayPal email address paymentslUzylkarcorp.com",
      "Powered by ON Invoice"
   ],
   "line_tags": [
      "name",
      "vendor-addr",
      "vendor-addr",
      "vendor-addr",
      "date",
      "billing-name",
      "billing-addr",
      "billing-addr",
      "billing-addr",
      "",
      "",
      "",
      "",
      "",
      "",
      "",
      "total",
      "",
      "",
      "",
      ""
   ],
   "words": [
      [
         {
            "boundingPoly": {
               "vertices": [
                  {
                     "x": 226.0,
                     "y": 160.0
                  },
                  {
                     "x": 382.0,
                     "y": 160.0
                  },
                  {
                     "x": 382.0,
                     "y": 201.0
                  },
                  {
                     "x": 226.0,
                     "y": 201.0
                  }
               ]
            },
            "description": "ZYLKAR",
            "score": 0.97,
            "line": 0,
            "tag": "name"
         },
         {
            "boundingPoly": {
               "vertices": [
                  {
                     "x": 384.0,
                     "y": 159.0
                  },
                  {
                     "x": 674.0,
                     "y": 159.0
                  },
                  {
                     "x": 674.0,
                     "y": 202.0
                  },
                  {
                     "x": 384.0,
                     "y": 202.0
                  }
               ]
            },
            "description": "CORPORATION",
            "score": 0.99,
            "line": 0,
            "tag": "name"
         },
         {
            "boundingPoly": {
               "vertices": [
                  {
                     "x": 1920.0,
                     "y": 160.0
                  },
                  {
                     "x": 2126.0,
                     "y": 160.0
                  },
                  {
                     "x": 2126.0,
                     "y": 210.0
                  },
                  {
                     "x": 1920.0,
                     "y": 210.0
                  }
               ]
            },
            "description": "INVOICE",
            "score": 0.98,
            "line": 0,
            "tag": ""
         }
      ],
      [
         {
            "boundingPoly": {
               "vertices": [
                  {
                     "x": 228.0,
                     "y": 222.0
                  },
                  {
                     "x": 328.0,
                     "y": 222.0
                  },
                  {
                     "x": 328.0,
                     "y": 268.0
                  },
                  {
                     "x": 228.0,
                     "y": 268.0
                  }
               ]
            },
            "description": "1561",
            "score": 0.99,
            "line": 1,
            "tag": "vendor-addr"
         },
         {
            "boundingPoly": {
               "vertices": [
                  {
                     "x": 337.0,
                     "y": 222.0
                  },
                  {
                     "x": 545.0,
                     "y": 222.0
                  },
                  {
                     "x": 545.0,
                     "y": 276.0
                  },
                  {
                     "x": 337.0,
                     "y": 276.0
                  }
               ]
            },
            "description": "Appleview",
            "score": 0.83,
            "line": 1,
            "tag": "vendor-addr"
         },
         {
            "boundingPoly": {
               "vertices": [
                  {
                     "x": 546.0,
                     "y": 224.0
                  },
                  {
                     "x": 662.0,
                     "y": 224.0
                  },
                  {
                     "x": 662.0,
                     "y": 267.0
                  },
                  {
                     "x": 546.0,
                     "y": 267.0
                  }
               ]
            },
            "description": "Town",
            "score": 0.99,
            "line": 1,
            "tag": "vendor-addr"
         },
         {
            "boundingPoly": {
               "vertices": [
                  {
                     "x": 1966.0,
                     "y": 239.0
                  },
                  {
                     "x": 2123.0,
                     "y": 239.0
                  },
                  {
                     "x": 2123.0,
                     "y": 281.0
                  },
                  {
                     "x": 1966.0,
                     "y": 281.0
                  }
               ]
            },
            "description": "#00121",
            "score": 0.98,
            "line": 1,
            "tag": "invoice-no"
         }
      ],
      [
         {
            "boundingPoly": {
               "vertices": [
                  {
                     "x": 227.0,
                     "y": 282.0
                  },
                  {
                     "x": 369.0,
                     "y": 282.0
                  },
                  {
                     "x": 369.0,
                     "y": 329.0
                  },
                  {
                     "x": 227.0,
                     "y": 329.0
                  }
               ]
            },
            "description": "Bakers",
            "score": 0.99,
            "line": 2,
            "tag": "vendor-addr"
         },
         {
            "boundingPoly": {
               "vertices": [
                  {
                     "x": 370.0,
                     "y": 284.0
                  },
                  {
                     "x": 500.0,
                     "y": 284.0
                  },
                  {
                     "x": 500.0,
                     "y": 329.0
                  },
                  {
                     "x": 370.0,
                     "y": 329.0
                  }
               ]
            },
            "description": "Street",
            "score": 0.99,
            "line": 2,
            "tag": "vendor-addr"
         }
      ],
      [
         {
            "boundingPoly": {
               "vertices": [
                  {
                     "x": 226.0,
                     "y": 345.0
                  },
                  {
                     "x": 398.0,
                     "y": 345.0
                  },
                  {
                     "x": 398.0,
                     "y": 400.0
                  },
                  {
                     "x": 226.0,
                     "y": 400.0
                  }
               ]
            },
            "description": "Chicago,",
            "score": 0.98,
            "line": 3,
            "tag": "vendor-addr"
         },
         {
            "boundingPoly": {
               "vertices": [
                  {
                     "x": 404.0,
                     "y": 349.0
                  },
                  {
                     "x": 447.0,
                     "y": 349.0
                  },
                  {
                     "x": 447.0,
                     "y": 393.0
                  },
                  {
                     "x": 404.0,
                     "y": 393.0
                  }
               ]
            },
            "description": "IL",
            "score": 0.99,
            "line": 3,
            "tag": "vendor-addr"
         },
         {
            "boundingPoly": {
               "vertices": [
                  {
                     "x": 450.0,
                     "y": 347.0
                  },
                  {
                     "x": 574.0,
                     "y": 347.0
                  },
                  {
                     "x": 574.0,
                     "y": 393.0
                  },
                  {
                     "x": 450.0,
                     "y": 393.0
                  }
               ]
            },
            "description": "60411",
            "score": 0.99,
            "line": 3,
            "tag": "vendor-addr"
         }
      ],
      [
         {
            "boundingPoly": {
               "vertices": [
                  {
                     "x": 228.0,
                     "y": 592.0
                  },
                  {
                     "x": 293.0,
                     "y": 592.0
                  },
                  {
                     "x": 293.0,
                     "y": 635.0
                  },
                  {
                     "x": 228.0,
                     "y": 635.0
                  }
               ]
            },
            "description": "Bill",
            "score": 0.98,
            "line": 4,
            "tag": ""
         },
         {
            "boundingPoly": {
               "vertices": [
                  {
                     "x": 296.0,
                     "y": 597.0
                  },
                  {
                     "x": 352.0,
                     "y": 597.0
                  },
                  {
                     "x": 352.0,
                     "y": 636.0
                  },
                  {
                     "x": 296.0,
                     "y": 636.0
                  }
               ]
            },
            "description": "to:",
            "score": 0.99,
            "line": 4,
            "tag": ""
         },
         {
            "boundingPoly": {
               "vertices": [
                  {
                     "x": 1521.0,
                     "y": 609.0
                  },
                  {
                     "x": 1661.0,
                     "y": 609.0
                  },
                  {
                     "x": 1661.0,
                     "y": 652.0
                  },
                  {
                     "x": 1521.0,
                     "y": 652.0
                  }
               ]
            },
            "description": "Invoice",
            "score": 0.97,
            "line": 4,
            "tag": ""
         },
         {
            "boundingPoly": {
               "vertices": [
                  {
                     "x": 1665.0,
                     "y": 610.0
                  },
                  {
                     "x": 1764.0,
                     "y": 610.0
                  },
                  {
                     "x": 1764.0,
                     "y": 653.0
                  },
                  {
                     "x": 1665.0,
                     "y": 653.0
                  }
               ]
            },
            "description": "Date",
            "score": 0.99,
            "line": 4,
            "tag": ""
         },
         {
            "boundingPoly": {
               "vertices": [
                  {
                     "x": 1901.0,
                     "y": 611.0
                  },
                  {
                     "x": 1979.0,
                     "y": 611.0
                  },
                  {
                     "x": 1979.0,
                     "y": 658.0
                  },
                  {
                     "x": 1901.0,
                     "y": 658.0
                  }
               ]
            },
            "description": "Apr",
            "score": 0.99,
            "line": 4,
            "tag": "date"
         },
         {
            "boundingPoly": {
               "vertices": [
                  {
                     "x": 1979.0,
                     "y": 609.0
                  },
                  {
                     "x": 2018.0,
                     "y": 609.0
                  },
                  {
                     "x": 2018.0,
                     "y": 657.0
                  },
                  {
                     "x": 1979.0,
                     "y": 657.0
                  }
               ]
            },
            "description": "8,",
            "score": 0.99,
            "line": 4,
            "tag": "date"
         },
         {
            "boundingPoly": {
               "vertices": [
                  {
                     "x": 2021.0,
                     "y": 609.0
                  },
                  {
                     "x": 2125.0,
                     "y": 609.0
                  },
                  {
                     "x": 2125.0,
                     "y": 652.0
                  },
                  {
                     "x": 2021.0,
                     "y": 652.0
                  }
               ]
            },
            "description": "2015",
            "score": 0.99,
            "line": 4,
            "tag": "date"
         }
      ],
      [
         {
            "boundingPoly": {
               "vertices": [
                  {
                     "x": 223.0,
                     "y": 682.0
                  },
                  {
                     "x": 374.0,
                     "y": 682.0
                  },
                  {
                     "x": 374.0,
                     "y": 729.0
                  },
                  {
                     "x": 223.0,
                     "y": 729.0
                  }
               ]
            },
            "description": "Alistair",
            "score": 0.99,
            "line": 5,
            "tag": "billing-name"
         },
         {
            "boundingPoly": {
               "vertices": [
                  {
                     "x": 378.0,
                     "y": 682.0
                  },
                  {
                     "x": 507.0,
                     "y": 682.0
                  },
                  {
                     "x": 507.0,
                     "y": 729.0
                  },
                  {
                     "x": 378.0,
                     "y": 729.0
                  }
               ]
            },
            "description": "Burke",
            "score": 0.99,
            "line": 5,
            "tag": "billing-name"
         },
         {
            "boundingPoly": {
               "vertices": [
                  {
                     "x": 1518.0,
                     "y": 695.0
                  },
                  {
                     "x": 1651.0,
                     "y": 695.0
                  },
                  {
                     "x": 1651.0,
                     "y": 737.0
                  },
                  {
                     "x": 1518.0,
                     "y": 737.0
                  }
               ]
            },
            "description": "Terms",
            "score": 0.99,
            "line": 5,
            "tag": ""
         },
         {
            "boundingPoly": {
               "vertices": [
                  {
                     "x": 1972.0,
                     "y": 694.0
                  },
                  {
                     "x": 2027.0,
                     "y": 694.0
                  },
                  {
                     "x": 2027.0,
                     "y": 736.0
                  },
                  {
                     "x": 1972.0,
                     "y": 736.0
                  }
               ]
            },
            "description": "30",
            "score": 0.99,
            "line": 5,
            "tag": ""
         },
         {
            "boundingPoly": {
               "vertices": [
                  {
                     "x": 2030.0,
                     "y": 692.0
                  },
                  {
                     "x": 2124.0,
                     "y": 692.0
                  },
                  {
                     "x": 2124.0,
                     "y": 744.0
                  },
                  {
                     "x": 2030.0,
                     "y": 744.0
                  }
               ]
            },
            "description": "days",
            "score": 0.99,
            "line": 5,
            "tag": ""
         }
      ],
      [
         {
            "boundingPoly": {
               "vertices": [
                  {
                     "x": 228.0,
                     "y": 753.0
                  },
                  {
                     "x": 334.0,
                     "y": 753.0
                  },
                  {
                     "x": 334.0,
                     "y": 799.0
                  },
                  {
                     "x": 228.0,
                     "y": 799.0
                  }
               ]
            },
            "description": "1156",
            "score": 0.99,
            "line": 6,
            "tag": "billing-addr"
         },
         {
            "boundingPoly": {
               "vertices": [
                  {
                     "x": 340.0,
                     "y": 753.0
                  },
                  {
                     "x": 437.0,
                     "y": 753.0
                  },
                  {
                     "x": 437.0,
                     "y": 807.0
                  },
                  {
                     "x": 340.0,
                     "y": 807.0
                  }
               ]
            },
            "description": "High",
            "score": 0.99,
            "line": 6,
            "tag": "billing-addr"
         },
         {
            "boundingPoly": {
               "vertices": [
                  {
                     "x": 439.0,
                     "y": 754.0
                  },
                  {
                     "x": 568.0,
                     "y": 754.0
                  },
                  {
                     "x": 568.0,
                     "y": 799.0
                  },
                  {
                     "x": 439.0,
                     "y": 799.0
                  }
               ]
            },
            "description": "Street",
            "score": 0.99,
            "line": 6,
            "tag": "billing-addr"
         },
         {
            "boundingPoly": {
               "vertices": [
                  {
                     "x": 1517.0,
                     "y": 776.0
                  },
                  {
                     "x": 1604.0,
                     "y": 776.0
                  },
                  {
                     "x": 1604.0,
                     "y": 818.0
                  },
                  {
                     "x": 1517.0,
                     "y": 818.0
                  }
               ]
            },
            "description": "Due",
            "score": 0.99,
            "line": 6,
            "tag": ""
         },
         {
            "boundingPoly": {
               "vertices": [
                  {
                     "x": 1605.0,
                     "y": 774.0
                  },
                  {
                     "x": 1702.0,
                     "y": 774.0
                  },
                  {
                     "x": 1702.0,
                     "y": 818.0
                  },
                  {
                     "x": 1605.0,
                     "y": 818.0
                  }
               ]
            },
            "description": "Date",
            "score": 0.99,
            "line": 6,
            "tag": ""
         },
         {
            "boundingPoly": {
               "vertices": [
                  {
                     "x": 1896.0,
                     "y": 774.0
                  },
                  {
                     "x": 1980.0,
                     "y": 774.0
                  },
                  {
                     "x": 1980.0,
                     "y": 825.0
                  },
                  {
                     "x": 1896.0,
                     "y": 825.0
                  }
               ]
            },
            "description": "May",
            "score": 0.99,
            "line": 6,
            "tag": ""
         },
         {
            "boundingPoly": {
               "vertices": [
                  {
                     "x": 1981.0,
                     "y": 774.0
                  },
                  {
                     "x": 2020.0,
                     "y": 774.0
                  },
                  {
                     "x": 2020.0,
                     "y": 821.0
                  },
                  {
                     "x": 1981.0,
                     "y": 821.0
                  }
               ]
            },
            "description": "8,",
            "score": 0.83,
            "line": 6,
            "tag": ""
         },
         {
            "boundingPoly": {
               "vertices": [
                  {
                     "x": 2023.0,
                     "y": 776.0
                  },
                  {
                     "x": 2123.0,
                     "y": 776.0
                  },
                  {
                     "x": 2123.0,
                     "y": 817.0
                  },
                  {
                     "x": 2023.0,
                     "y": 817.0
                  }
               ]
            },
            "description": "2015",
            "score": 0.99,
            "line": 6,
            "tag": ""
         }
      ],
      [
         {
            "boundingPoly": {
               "vertices": [
                  {
                     "x": 225.0,
                     "y": 822.0
                  },
                  {
                     "x": 346.0,
                     "y": 822.0
                  },
                  {
                     "x": 346.0,
                     "y": 866.0
                  },
                  {
                     "x": 225.0,
                     "y": 866.0
                  }
               ]
            },
            "description": "Santa",
            "score": 0.99,
            "line": 7,
            "tag": "billing-addr"
         },
         {
            "boundingPoly": {
               "vertices": [
                  {
                     "x": 351.0,
                     "y": 823.0
                  },
                  {
                     "x": 457.0,
                     "y": 823.0
                  },
                  {
                     "x": 457.0,
                     "y": 871.0
                  },
                  {
                     "x": 351.0,
                     "y": 871.0
                  }
               ]
            },
            "description": "Cruz,",
            "score": 0.98,
            "line": 7,
            "tag": "billing-addr"
         },
         {
            "boundingPoly": {
               "vertices": [
                  {
                     "x": 461.0,
                     "y": 823.0
                  },
                  {
                     "x": 520.0,
                     "y": 823.0
                  },
                  {
                     "x": 520.0,
                     "y": 866.0
                  },
                  {
                     "x": 461.0,
                     "y": 866.0
                  }
               ]
            },
            "description": "CA",
            "score": 0.99,
            "line": 7,
            "tag": "billing-addr"
         },
         {
            "boundingPoly": {
               "vertices": [
                  {
                     "x": 524.0,
                     "y": 822.0
                  },
                  {
                     "x": 660.0,
                     "y": 822.0
                  },
                  {
                     "x": 660.0,
                     "y": 867.0
                  },
                  {
                     "x": 524.0,
                     "y": 867.0
                  }
               ]
            },
            "description": "95064",
            "score": 0.99,
            "line": 7,
            "tag": "billing-addr"
         }
      ],
      [
         {
            "boundingPoly": {
               "vertices": [
                  {
                     "x": 227.0,
                     "y": 892.0
                  },
                  {
                     "x": 506.0,
                     "y": 892.0
                  },
                  {
                     "x": 506.0,
                     "y": 937.0
                  },
                  {
                     "x": 227.0,
                     "y": 937.0
                  }
               ]
            },
            "description": "800-555-0121",
            "score": 0.98,
            "line": 8,
            "tag": "billing-addr"
         }
      ],
      [
         {
            "boundingPoly": {
               "vertices": [
                  {
                     "x": 220.0,
                     "y": 1118.0
                  },
                  {
                     "x": 270.0,
                     "y": 1118.0
                  },
                  {
                     "x": 270.0,
                     "y": 1156.0
                  },
                  {
                     "x": 220.0,
                     "y": 1156.0
                  }
               ]
            },
            "description": "ID",
            "score": 0.99,
            "line": 9,
            "tag": ""
         },
         {
            "boundingPoly": {
               "vertices": [
                  {
                     "x": 498.0,
                     "y": 1124.0
                  },
                  {
                     "x": 609.0,
                     "y": 1124.0
                  },
                  {
                     "x": 609.0,
                     "y": 1168.0
                  },
                  {
                     "x": 498.0,
                     "y": 1168.0
                  }
               ]
            },
            "description": "Work",
            "score": 0.99,
            "line": 9,
            "tag": ""
         },
         {
            "boundingPoly": {
               "vertices": [
                  {
                     "x": 613.0,
                     "y": 1125.0
                  },
                  {
                     "x": 836.0,
                     "y": 1125.0
                  },
                  {
                     "x": 836.0,
                     "y": 1175.0
                  },
                  {
                     "x": 613.0,
                     "y": 1175.0
                  }
               ]
            },
            "description": "Description",
            "score": 0.94,
            "line": 9,
            "tag": ""
         },
         {
            "boundingPoly": {
               "vertices": [
                  {
                     "x": 1178.0,
                     "y": 1125.0
                  },
                  {
                     "x": 1301.0,
                     "y": 1125.0
                  },
                  {
                     "x": 1301.0,
                     "y": 1166.0
                  },
                  {
                     "x": 1178.0,
                     "y": 1166.0
                  }
               ]
            },
            "description": "Hours",
            "score": 0.99,
            "line": 9,
            "tag": ""
         },
         {
            "boundingPoly": {
               "vertices": [
                  {
                     "x": 1576.0,
                     "y": 1129.0
                  },
                  {
                     "x": 1668.0,
                     "y": 1129.0
                  },
                  {
                     "x": 1668.0,
                     "y": 1170.0
                  },
                  {
                     "x": 1576.0,
                     "y": 1170.0
                  }
               ]
            },
            "description": "Rate",
            "score": 0.99,
            "line": 9,
            "tag": ""
         },
         {
            "boundingPoly": {
               "vertices": [
                  {
                     "x": 1803.0,
                     "y": 1126.0
                  },
                  {
                     "x": 1968.0,
                     "y": 1126.0
                  },
                  {
                     "x": 1968.0,
                     "y": 1168.0
                  },
                  {
                     "x": 1803.0,
                     "y": 1168.0
                  }
               ]
            },
            "description": "Amount",
            "score": 0.99,
            "line": 9,
            "tag": ""
         },
         {
            "boundingPoly": {
               "vertices": [
                  {
                     "x": 1968.0,
                     "y": 1124.0
                  },
                  {
                     "x": 2024.0,
                     "y": 1124.0
                  },
                  {
                     "x": 2024.0,
                     "y": 1172.0
                  },
                  {
                     "x": 1968.0,
                     "y": 1172.0
                  }
               ]
            },
            "description": "(in",
            "score": 0.98,
            "line": 9,
            "tag": ""
         },
         {
            "boundingPoly": {
               "vertices": [
                  {
                     "x": 2026.0,
                     "y": 1125.0
                  },
                  {
                     "x": 2128.0,
                     "y": 1125.0
                  },
                  {
                     "x": 2128.0,
                     "y": 1173.0
                  },
                  {
                     "x": 2026.0,
                     "y": 1173.0
                  }
               ]
            },
            "description": "USD)",
            "score": 0.99,
            "line": 9,
            "tag": ""
         }
      ],
      [
         {
            "boundingPoly": {
               "vertices": [
                  {
                     "x": 223.0,
                     "y": 1301.0
                  },
                  {
                     "x": 246.0,
                     "y": 1301.0
                  },
                  {
                     "x": 246.0,
                     "y": 1341.0
                  },
                  {
                     "x": 223.0,
                     "y": 1341.0
                  }
               ]
            },
            "description": "1",
            "score": 0.99,
            "line": 10,
            "tag": ""
         },
         {
            "boundingPoly": {
               "vertices": [
                  {
                     "x": 504.0,
                     "y": 1298.0
                  },
                  {
                     "x": 756.0,
                     "y": 1298.0
                  },
                  {
                     "x": 756.0,
                     "y": 1339.0
                  },
                  {
                     "x": 504.0,
                     "y": 1339.0
                  }
               ]
            },
            "description": "Construction",
            "score": 0.99,
            "line": 10,
            "tag": ""
         },
         {
            "boundingPoly": {
               "vertices": [
                  {
                     "x": 758.0,
                     "y": 1295.0
                  },
                  {
                     "x": 871.0,
                     "y": 1295.0
                  },
                  {
                     "x": 871.0,
                     "y": 1339.0
                  },
                  {
                     "x": 758.0,
                     "y": 1339.0
                  }
               ]
            },
            "description": "Work",
            "score": 0.99,
            "line": 10,
            "tag": ""
         },
         {
            "boundingPoly": {
               "vertices": [
                  {
                     "x": 1209.0,
                     "y": 1292.0
                  },
                  {
                     "x": 1238.0,
                     "y": 1292.0
                  },
                  {
                     "x": 1238.0,
                     "y": 1331.0
                  },
                  {
                     "x": 1209.0,
                     "y": 1331.0
                  }
               ]
            },
            "description": "5",
            "score": 0.99,
            "line": 10,
            "tag": ""
         },
         {
            "boundingPoly": {
               "vertices": [
                  {
                     "x": 1590.0,
                     "y": 1290.0
                  },
                  {
                     "x": 1668.0,
                     "y": 1290.0
                  },
                  {
                     "x": 1668.0,
                     "y": 1332.0
                  },
                  {
                     "x": 1590.0,
                     "y": 1332.0
                  }
               ]
            },
            "description": "$50",
            "score": 0.99,
            "line": 10,
            "tag": ""
         },
         {
            "boundingPoly": {
               "vertices": [
                  {
                     "x": 1965.0,
                     "y": 1293.0
                  },
                  {
                     "x": 2124.0,
                     "y": 1293.0
                  },
                  {
                     "x": 2124.0,
                     "y": 1337.0
                  },
                  {
                     "x": 1965.0,
                     "y": 1337.0
                  }
               ]
            },
            "description": "$250.00",
            "score": 0.99,
            "line": 10,
            "tag": ""
         }
      ],
      [
         {
            "boundingPoly": {
               "vertices": [
                  {
                     "x": 221.0,
                     "y": 1458.0
                  },
                  {
                     "x": 251.0,
                     "y": 1458.0
                  },
                  {
                     "x": 251.0,
                     "y": 1498.0
                  },
                  {
                     "x": 221.0,
                     "y": 1498.0
                  }
               ]
            },
            "description": "2",
            "score": 0.99,
            "line": 11,
            "tag": ""
         },
         {
            "boundingPoly": {
               "vertices": [
                  {
                     "x": 498.0,
                     "y": 1450.0
                  },
                  {
                     "x": 681.0,
                     "y": 1450.0
                  },
                  {
                     "x": 681.0,
                     "y": 1495.0
                  },
                  {
                     "x": 498.0,
                     "y": 1495.0
                  }
               ]
            },
            "description": "Architect",
            "score": 0.99,
            "line": 11,
            "tag": ""
         },
         {
            "boundingPoly": {
               "vertices": [
                  {
                     "x": 682.0,
                     "y": 1451.0
                  },
                  {
                     "x": 854.0,
                     "y": 1451.0
                  },
                  {
                     "x": 854.0,
                     "y": 1504.0
                  },
                  {
                     "x": 682.0,
                     "y": 1504.0
                  }
               ]
            },
            "description": "Planning",
            "score": 0.99,
            "line": 11,
            "tag": ""
         },
         {
            "boundingPoly": {
               "vertices": [
                  {
                     "x": 1215.0,
                     "y": 1454.0
                  },
                  {
                     "x": 1244.0,
                     "y": 1454.0
                  },
                  {
                     "x": 1244.0,
                     "y": 1495.0
                  },
                  {
                     "x": 1215.0,
                     "y": 1495.0
                  }
               ]
            },
            "description": "5",
            "score": 0.99,
            "line": 11,
            "tag": ""
         },
         {
            "boundingPoly": {
               "vertices": [
                  {
                     "x": 1567.0,
                     "y": 1453.0
                  },
                  {
                     "x": 1670.0,
                     "y": 1453.0
                  },
                  {
                     "x": 1670.0,
                     "y": 1497.0
                  },
                  {
                     "x": 1567.0,
                     "y": 1497.0
                  }
               ]
            },
            "description": "$100",
            "score": 0.99,
            "line": 11,
            "tag": ""
         },
         {
            "boundingPoly": {
               "vertices": [
                  {
                     "x": 1965.0,
                     "y": 1452.0
                  },
                  {
                     "x": 2125.0,
                     "y": 1452.0
                  },
                  {
                     "x": 2125.0,
                     "y": 1496.0
                  },
                  {
                     "x": 1965.0,
                     "y": 1496.0
                  }
               ]
            },
            "description": "$500.00",
            "score": 0.99,
            "line": 11,
            "tag": ""
         }
      ],
      [
         {
            "boundingPoly": {
               "vertices": [
                  {
                     "x": 218.0,
                     "y": 1631.0
                  },
                  {
                     "x": 253.0,
                     "y": 1631.0
                  },
                  {
                     "x": 253.0,
                     "y": 1673.0
                  },
                  {
                     "x": 218.0,
                     "y": 1673.0
                  }
               ]
            },
            "description": "3",
            "score": 0.99,
            "line": 12,
            "tag": ""
         },
         {
            "boundingPoly": {
               "vertices": [
                  {
                     "x": 501.0,
                     "y": 1628.0
                  },
                  {
                     "x": 667.0,
                     "y": 1628.0
                  },
                  {
                     "x": 667.0,
                     "y": 1678.0
                  },
                  {
                     "x": 501.0,
                     "y": 1678.0
                  }
               ]
            },
            "description": "Painting",
            "score": 0.99,
            "line": 12,
            "tag": ""
         },
         {
            "boundingPoly": {
               "vertices": [
                  {
                     "x": 1205.0,
                     "y": 1633.0
                  },
                  {
                     "x": 1241.0,
                     "y": 1633.0
                  },
                  {
                     "x": 1241.0,
                     "y": 1676.0
                  },
                  {
                     "x": 1205.0,
                     "y": 1676.0
                  }
               ]
            },
            "description": "5",
            "score": 0.99,
            "line": 12,
            "tag": ""
         },
         {
            "boundingPoly": {
               "vertices": [
                  {
                     "x": 1546.0,
                     "y": 1633.0
                  },
                  {
                     "x": 1670.0,
                     "y": 1633.0
                  },
                  {
                     "x": 1670.0,
                     "y": 1676.0
                  },
                  {
                     "x": 1546.0,
                     "y": 1676.0
                  }
               ]
            },
            "description": "$1000",
            "score": 0.99,
            "line": 12,
            "tag": ""
         },
         {
            "boundingPoly": {
               "vertices": [
                  {
                     "x": 1943.0,
                     "y": 1630.0
                  },
                  {
                     "x": 2126.0,
                     "y": 1630.0
                  },
                  {
                     "x": 2126.0,
                     "y": 1675.0
                  },
                  {
                     "x": 1943.0,
                     "y": 1675.0
                  }
               ]
            },
            "description": "$5000.00",
            "score": 0.99,
            "line": 12,
            "tag": ""
         }
      ],
      [
         {
            "boundingPoly": {
               "vertices": [
                  {
                     "x": 223.0,
                     "y": 1789.0
                  },
                  {
                     "x": 354.0,
                     "y": 1789.0
                  },
                  {
                     "x": 354.0,
                     "y": 1839.0
                  },
                  {
                     "x": 223.0,
                     "y": 1839.0
                  }
               ]
            },
            "description": "Thank",
            "score": 0.99,
            "line": 13,
            "tag": ""
         },
         {
            "boundingPoly": {
               "vertices": [
                  {
                     "x": 353.0,
                     "y": 1794.0
                  },
                  {
                     "x": 437.0,
                     "y": 1794.0
                  },
                  {
                     "x": 437.0,
                     "y": 1846.0
                  },
                  {
                     "x": 353.0,
                     "y": 1846.0
                  }
               ]
            },
            "description": "you",
            "score": 0.99,
            "line": 13,
            "tag": ""
         },
         {
            "boundingPoly": {
               "vertices": [
                  {
                     "x": 439.0,
                     "y": 1790.0
                  },
                  {
                     "x": 505.0,
                     "y": 1790.0
                  },
                  {
                     "x": 505.0,
                     "y": 1837.0
                  },
                  {
                     "x": 439.0,
                     "y": 1837.0
                  }
               ]
            },
            "description": "for",
            "score": 0.98,
            "line": 13,
            "tag": ""
         },
         {
            "boundingPoly": {
               "vertices": [
                  {
                     "x": 503.0,
                     "y": 1794.0
                  },
                  {
                     "x": 605.0,
                     "y": 1794.0
                  },
                  {
                     "x": 605.0,
                     "y": 1845.0
                  },
                  {
                     "x": 503.0,
                     "y": 1845.0
                  }
               ]
            },
            "description": "your",
            "score": 0.98,
            "line": 13,
            "tag": ""
         },
         {
            "boundingPoly": {
               "vertices": [
                  {
                     "x": 607.0,
                     "y": 1787.0
                  },
                  {
                     "x": 791.0,
                     "y": 1787.0
                  },
                  {
                     "x": 791.0,
                     "y": 1837.0
                  },
                  {
                     "x": 607.0,
                     "y": 1837.0
                  }
               ]
            },
            "description": "business",
            "score": 0.99,
            "line": 13,
            "tag": ""
         },
         {
            "boundingPoly": {
               "vertices": [
                  {
                     "x": 1209.0,
                     "y": 1795.0
                  },
                  {
                     "x": 1373.0,
                     "y": 1795.0
                  },
                  {
                     "x": 1373.0,
                     "y": 1840.0
                  },
                  {
                     "x": 1209.0,
                     "y": 1840.0
                  }
               ]
            },
            "description": "Subtotal",
            "score": 0.99,
            "line": 13,
            "tag": ""
         },
         {
            "boundingPoly": {
               "vertices": [
                  {
                     "x": 1944.0,
                     "y": 1794.0
                  },
                  {
                     "x": 2126.0,
                     "y": 1794.0
                  },
                  {
                     "x": 2126.0,
                     "y": 1841.0
                  },
                  {
                     "x": 1944.0,
                     "y": 1841.0
                  }
               ]
            },
            "description": "$5750.00",
            "score": 0.99,
            "line": 13,
            "tag": ""
         }
      ],
      [
         {
            "boundingPoly": {
               "vertices": [
                  {
                     "x": 1203.0,
                     "y": 1948.0
                  },
                  {
                     "x": 1280.0,
                     "y": 1948.0
                  },
                  {
                     "x": 1280.0,
                     "y": 1988.0
                  },
                  {
                     "x": 1203.0,
                     "y": 1988.0
                  }
               ]
            },
            "description": "Tax",
            "score": 0.99,
            "line": 14,
            "tag": ""
         },
         {
            "boundingPoly": {
               "vertices": [
                  {
                     "x": 1283.0,
                     "y": 1947.0
                  },
                  {
                     "x": 1376.0,
                     "y": 1947.0
                  },
                  {
                     "x": 1376.0,
                     "y": 1989.0
                  },
                  {
                     "x": 1283.0,
                     "y": 1989.0
                  }
               ]
            },
            "description": "Rate",
            "score": 0.99,
            "line": 14,
            "tag": ""
         },
         {
            "boundingPoly": {
               "vertices": [
                  {
                     "x": 2004.0,
                     "y": 1957.0
                  },
                  {
                     "x": 2127.0,
                     "y": 1957.0
                  },
                  {
                     "x": 2127.0,
                     "y": 1998.0
                  },
                  {
                     "x": 2004.0,
                     "y": 1998.0
                  }
               ]
            },
            "description": "5.009",
            "score": 0.66,
            "line": 14,
            "tag": ""
         }
      ],
      [
         {
            "boundingPoly": {
               "vertices": [
                  {
                     "x": 1204.0,
                     "y": 2111.0
                  },
                  {
                     "x": 1280.0,
                     "y": 2111.0
                  },
                  {
                     "x": 1280.0,
                     "y": 2151.0
                  },
                  {
                     "x": 1204.0,
                     "y": 2151.0
                  }
               ]
            },
            "description": "Tax",
            "score": 0.99,
            "line": 15,
            "tag": ""
         },
         {
            "boundingPoly": {
               "vertices": [
                  {
                     "x": 1967.0,
                     "y": 2119.0
                  },
                  {
                     "x": 2123.0,
                     "y": 2119.0
                  },
                  {
                     "x": 2123.0,
                     "y": 2162.0
                  },
                  {
                     "x": 1967.0,
                     "y": 2162.0
                  }
               ]
            },
            "description": "$287.50",
            "score": 0.97,
            "line": 15,
            "tag": ""
         }
      ],
      [
         {
            "boundingPoly": {
               "vertices": [
                  {
                     "x": 1206.0,
                     "y": 2292.0
                  },
                  {
                     "x": 1327.0,
                     "y": 2292.0
                  },
                  {
                     "x": 1327.0,
                     "y": 2339.0
                  },
                  {
                     "x": 1206.0,
                     "y": 2339.0
                  }
               ]
            },
            "description": "Total",
            "score": 0.99,
            "line": 16,
            "tag": ""
         },
         {
            "boundingPoly": {
               "vertices": [
                  {
                     "x": 1923.0,
                     "y": 2292.0
                  },
                  {
                     "x": 2123.0,
                     "y": 2292.0
                  },
                  {
                     "x": 2123.0,
                     "y": 2339.0
                  },
                  {
                     "x": 1923.0,
                     "y": 2339.0
                  }
               ]
            },
            "description": "$6137.50",
            "score": 0.98,
            "line": 16,
            "tag": "total"
         }
      ],
      [
         {
            "boundingPoly": {
               "vertices": [
                  {
                     "x": 224.0,
                     "y": 2531.0
                  },
                  {
                     "x": 403.0,
                     "y": 2531.0
                  },
                  {
                     "x": 403.0,
                     "y": 2581.0
                  },
                  {
                     "x": 224.0,
                     "y": 2581.0
                  }
               ]
            },
            "description": "Payment",
            "score": 0.99,
            "line": 17,
            "tag": ""
         },
         {
            "boundingPoly": {
               "vertices": [
                  {
                     "x": 403.0,
                     "y": 2532.0
                  },
                  {
                     "x": 560.0,
                     "y": 2532.0
                  },
                  {
                     "x": 560.0,
                     "y": 2581.0
                  },
                  {
                     "x": 403.0,
                     "y": 2581.0
                  }
               ]
            },
            "description": "Options",
            "score": 0.99,
            "line": 17,
            "tag": ""
         }
      ],
      [
         {
            "boundingPoly": {
               "vertices": [
                  {
                     "x": 222.0,
                     "y": 2619.0
                  },
                  {
                     "x": 312.0,
                     "y": 2619.0
                  },
                  {
                     "x": 312.0,
                     "y": 2661.0
                  },
                  {
                     "x": 222.0,
                     "y": 2661.0
                  }
               ]
            },
            "description": "Bank",
            "score": 0.94,
            "line": 18,
            "tag": ""
         },
         {
            "boundingPoly": {
               "vertices": [
                  {
                     "x": 313.0,
                     "y": 2621.0
                  },
                  {
                     "x": 466.0,
                     "y": 2621.0
                  },
                  {
                     "x": 466.0,
                     "y": 2662.0
                  },
                  {
                     "x": 313.0,
                     "y": 2662.0
                  }
               ]
            },
            "description": "Account",
            "score": 0.91,
            "line": 18,
            "tag": ""
         },
         {
            "boundingPoly": {
               "vertices": [
                  {
                     "x": 449.0,
                     "y": 2619.0
                  },
                  {
                     "x": 754.0,
                     "y": 2619.0
                  },
                  {
                     "x": 754.0,
                     "y": 2663.0
                  },
                  {
                     "x": 449.0,
                     "y": 2663.0
                  }
               ]
            },
            "description": "-7102381318419",
            "score": 0.85,
            "line": 18,
            "tag": ""
         },
         {
            "boundingPoly": {
               "vertices": [
                  {
                     "x": 768.0,
                     "y": 2621.0
                  },
                  {
                     "x": 859.0,
                     "y": 2621.0
                  },
                  {
                     "x": 859.0,
                     "y": 2661.0
                  },
                  {
                     "x": 768.0,
                     "y": 2661.0
                  }
               ]
            },
            "description": "Bank",
            "score": 0.99,
            "line": 18,
            "tag": ""
         },
         {
            "boundingPoly": {
               "vertices": [
                  {
                     "x": 860.0,
                     "y": 2622.0
                  },
                  {
                     "x": 904.0,
                     "y": 2622.0
                  },
                  {
                     "x": 904.0,
                     "y": 2660.0
                  },
                  {
                     "x": 860.0,
                     "y": 2660.0
                  }
               ]
            },
            "description": "of",
            "score": 0.75,
            "line": 18,
            "tag": ""
         },
         {
            "boundingPoly": {
               "vertices": [
                  {
                     "x": 903.0,
                     "y": 2620.0
                  },
                  {
                     "x": 1048.0,
                     "y": 2620.0
                  },
                  {
                     "x": 1048.0,
                     "y": 2669.0
                  },
                  {
                     "x": 903.0,
                     "y": 2669.0
                  }
               ]
            },
            "description": "Chicago",
            "score": 0.98,
            "line": 18,
            "tag": ""
         }
      ],
      [
         {
            "boundingPoly": {
               "vertices": [
                  {
                     "x": 221.0,
                     "y": 2684.0
                  },
                  {
                     "x": 336.0,
                     "y": 2684.0
                  },
                  {
                     "x": 336.0,
                     "y": 2733.0
                  },
                  {
                     "x": 221.0,
                     "y": 2733.0
                  }
               ]
            },
            "description": "PayPal",
            "score": 0.99,
            "line": 19,
            "tag": ""
         },
         {
            "boundingPoly": {
               "vertices": [
                  {
                     "x": 339.0,
                     "y": 2682.0
                  },
                  {
                     "x": 440.0,
                     "y": 2682.0
                  },
                  {
                     "x": 440.0,
                     "y": 2725.0
                  },
                  {
                     "x": 339.0,
                     "y": 2725.0
                  }
               ]
            },
            "description": "email",
            "score": 0.97,
            "line": 19,
            "tag": ""
         },
         {
            "boundingPoly": {
               "vertices": [
                  {
                     "x": 441.0,
                     "y": 2684.0
                  },
                  {
                     "x": 588.0,
                     "y": 2684.0
                  },
                  {
                     "x": 588.0,
                     "y": 2724.0
                  },
                  {
                     "x": 441.0,
                     "y": 2724.0
                  }
               ]
            },
            "description": "address",
            "score": 0.77,
            "line": 19,
            "tag": ""
         },
         {
            "boundingPoly": {
               "vertices": [
                  {
                     "x": 596.0,
                     "y": 2683.0
                  },
                  {
                     "x": 1054.0,
                     "y": 2683.0
                  },
                  {
                     "x": 1054.0,
                     "y": 2733.0
                  },
                  {
                     "x": 596.0,
                     "y": 2733.0
                  }
               ]
            },
            "description": "paymentslUzylkarcorp.com",
            "score": 0.02,
            "line": 19,
            "tag": ""
         }
      ],
      [
         {
            "boundingPoly": {
               "vertices": [
                  {
                     "x": 1694.0,
                     "y": 2874.0
                  },
                  {
                     "x": 1862.0,
                     "y": 2874.0
                  },
                  {
                     "x": 1862.0,
                     "y": 2917.0
                  },
                  {
                     "x": 1694.0,
                     "y": 2917.0
                  }
               ]
            },
            "description": "Powered",
            "score": 0.99,
            "line": 20,
            "tag": ""
         },
         {
            "boundingPoly": {
               "vertices": [
                  {
                     "x": 1866.0,
                     "y": 2873.0
                  },
                  {
                     "x": 1918.0,
                     "y": 2873.0
                  },
                  {
                     "x": 1918.0,
                     "y": 2926.0
                  },
                  {
                     "x": 1866.0,
                     "y": 2926.0
                  }
               ]
            },
            "description": "by",
            "score": 0.99,
            "line": 20,
            "tag": ""
         },
         {
            "boundingPoly": {
               "vertices": [
                  {
                     "x": 1979.0,
                     "y": 2880.0
                  },
                  {
                     "x": 2051.0,
                     "y": 2880.0
                  },
                  {
                     "x": 2051.0,
                     "y": 2923.0
                  },
                  {
                     "x": 1979.0,
                     "y": 2923.0
                  }
               ]
            },
            "description": "ON",
            "score": 0.26,
            "line": 20,
            "tag": ""
         },
         {
            "boundingPoly": {
               "vertices": [
                  {
                     "x": 2086.0,
                     "y": 2873.0
                  },
                  {
                     "x": 2249.0,
                     "y": 2873.0
                  },
                  {
                     "x": 2249.0,
                     "y": 2921.0
                  },
                  {
                     "x": 2086.0,
                     "y": 2921.0
                  }
               ]
            },
            "description": "Invoice",
            "score": 0.99,
            "line": 20,
            "tag": ""
         }
      ]
   ],
   "manual_edit": {
      "fields": [],
      "items": {}
   },
   "subset": "TRAIN"
}