{
   "fields": {
      "invoice-no": "16996",
      "date": "2019-06-20",
      "name": "Sit Amet Corp.",
      "vendor-addr": "1938 Amet Avenue Lake Cowichan USA",
      "billing-name": "ACME Inc.",
      "billing-addr": "5171 Dui, Street Denver, Colorado USA",
      "total": "2100.00",
      "items": [],
      "language": "en"
   },
   "fname": "pilotbatch9_Invoice 08.pdf_1.jpg",
   "lines": [
      "11\/29\/2019 4.jpg (816x1056)",
      "INVOICE",
      "# 16996",
      "Sit Amet Corp. Date: Jun 20, 2019",
      "Sit Amet Corp. Balance Due: $2,100.00",
      "1938 Amet Avenue",
      "Lake Cowichan",
      "USA",
      "Bill To:",
      "ACME Inc.",
      "5171 Dui, Street",
      "Denver, Colorado",
      "USA",
      "Item Quantity Rate Amount",
      "Services 50 $ 35.00 $1,750.00",
      "Subtotal: $1,750.00",
      "Tax (20%): $350.00",
      "Total: $2,100.00",
      "https:\/rpachallengeocr.azurewebsites.net\/invoices\/4.jpg 1\/1"
   ],
   "line_tags": [
      "",
      "",
      "invoice-no",
      "date",
      "name",
      "vendor-addr",
      "vendor-addr",
      "vendor-addr",
      "",
      "billing-name",
      "billing-addr",
      "billing-addr",
      "billing-addr",
      "",
      "",
      "",
      "",
      "total",
      ""
   ],
   "words": [
      [
         {
            "boundingPoly": {
               "vertices": [
                  {
                     "x": 94.0,
                     "y": 53.0
                  },
                  {
                     "x": 237.0,
                     "y": 53.0
                  },
                  {
                     "x": 237.0,
                     "y": 82.0
                  },
                  {
                     "x": 94.0,
                     "y": 82.0
                  }
               ]
            },
            "description": "11\/29\/2019",
            "score": 0.99,
            "line": 0,
            "tag": ""
         },
         {
            "boundingPoly": {
               "vertices": [
                  {
                     "x": 1072.0,
                     "y": 53.0
                  },
                  {
                     "x": 1140.0,
                     "y": 53.0
                  },
                  {
                     "x": 1140.0,
                     "y": 87.0
                  },
                  {
                     "x": 1072.0,
                     "y": 87.0
                  }
               ]
            },
            "description": "4.jpg",
            "score": 0.98,
            "line": 0,
            "tag": ""
         },
         {
            "boundingPoly": {
               "vertices": [
                  {
                     "x": 1143.0,
                     "y": 53.0
                  },
                  {
                     "x": 1293.0,
                     "y": 53.0
                  },
                  {
                     "x": 1293.0,
                     "y": 87.0
                  },
                  {
                     "x": 1143.0,
                     "y": 87.0
                  }
               ]
            },
            "description": "(816x1056)",
            "score": 0.98,
            "line": 0,
            "tag": ""
         }
      ],
      [
         {
            "boundingPoly": {
               "vertices": [
                  {
                     "x": 1539.0,
                     "y": 356.0
                  },
                  {
                     "x": 1902.0,
                     "y": 356.0
                  },
                  {
                     "x": 1902.0,
                     "y": 434.0
                  },
                  {
                     "x": 1539.0,
                     "y": 434.0
                  }
               ]
            },
            "description": "INVOICE",
            "score": 0.97,
            "line": 1,
            "tag": ""
         }
      ],
      [
         {
            "boundingPoly": {
               "vertices": [
                  {
                     "x": 1749.0,
                     "y": 454.0
                  },
                  {
                     "x": 1780.0,
                     "y": 454.0
                  },
                  {
                     "x": 1780.0,
                     "y": 493.0
                  },
                  {
                     "x": 1749.0,
                     "y": 493.0
                  }
               ]
            },
            "description": "#",
            "score": 0.99,
            "line": 2,
            "tag": ""
         },
         {
            "boundingPoly": {
               "vertices": [
                  {
                     "x": 1785.0,
                     "y": 454.0
                  },
                  {
                     "x": 1895.0,
                     "y": 454.0
                  },
                  {
                     "x": 1895.0,
                     "y": 491.0
                  },
                  {
                     "x": 1785.0,
                     "y": 491.0
                  }
               ]
            },
            "description": "16996",
            "score": 0.99,
            "line": 2,
            "tag": "invoice-no"
         }
      ],
      [
         {
            "boundingPoly": {
               "vertices": [
                  {
                     "x": 261.0,
                     "y": 540.0
                  },
                  {
                     "x": 345.0,
                     "y": 540.0
                  },
                  {
                     "x": 345.0,
                     "y": 601.0
                  },
                  {
                     "x": 261.0,
                     "y": 601.0
                  }
               ]
            },
            "description": "Sit",
            "score": 0.99,
            "line": 3,
            "tag": ""
         },
         {
            "boundingPoly": {
               "vertices": [
                  {
                     "x": 354.0,
                     "y": 540.0
                  },
                  {
                     "x": 507.0,
                     "y": 540.0
                  },
                  {
                     "x": 507.0,
                     "y": 603.0
                  },
                  {
                     "x": 354.0,
                     "y": 603.0
                  }
               ]
            },
            "description": "Amet",
            "score": 0.99,
            "line": 3,
            "tag": ""
         },
         {
            "boundingPoly": {
               "vertices": [
                  {
                     "x": 515.0,
                     "y": 539.0
                  },
                  {
                     "x": 667.0,
                     "y": 539.0
                  },
                  {
                     "x": 667.0,
                     "y": 615.0
                  },
                  {
                     "x": 515.0,
                     "y": 615.0
                  }
               ]
            },
            "description": "Corp.",
            "score": 0.99,
            "line": 3,
            "tag": ""
         },
         {
            "boundingPoly": {
               "vertices": [
                  {
                     "x": 1466.0,
                     "y": 618.0
                  },
                  {
                     "x": 1545.0,
                     "y": 618.0
                  },
                  {
                     "x": 1545.0,
                     "y": 652.0
                  },
                  {
                     "x": 1466.0,
                     "y": 652.0
                  }
               ]
            },
            "description": "Date:",
            "score": 0.99,
            "line": 3,
            "tag": ""
         },
         {
            "boundingPoly": {
               "vertices": [
                  {
                     "x": 1692.0,
                     "y": 618.0
                  },
                  {
                     "x": 1750.0,
                     "y": 618.0
                  },
                  {
                     "x": 1750.0,
                     "y": 651.0
                  },
                  {
                     "x": 1692.0,
                     "y": 651.0
                  }
               ]
            },
            "description": "Jun",
            "score": 0.99,
            "line": 3,
            "tag": "date"
         },
         {
            "boundingPoly": {
               "vertices": [
                  {
                     "x": 1752.0,
                     "y": 619.0
                  },
                  {
                     "x": 1803.0,
                     "y": 619.0
                  },
                  {
                     "x": 1803.0,
                     "y": 654.0
                  },
                  {
                     "x": 1752.0,
                     "y": 654.0
                  }
               ]
            },
            "description": "20,",
            "score": 0.98,
            "line": 3,
            "tag": "date"
         },
         {
            "boundingPoly": {
               "vertices": [
                  {
                     "x": 1804.0,
                     "y": 619.0
                  },
                  {
                     "x": 1880.0,
                     "y": 619.0
                  },
                  {
                     "x": 1880.0,
                     "y": 652.0
                  },
                  {
                     "x": 1804.0,
                     "y": 652.0
                  }
               ]
            },
            "description": "2019",
            "score": 0.99,
            "line": 3,
            "tag": "date"
         }
      ],
      [
         {
            "boundingPoly": {
               "vertices": [
                  {
                     "x": 251.0,
                     "y": 687.0
                  },
                  {
                     "x": 300.0,
                     "y": 687.0
                  },
                  {
                     "x": 300.0,
                     "y": 719.0
                  },
                  {
                     "x": 251.0,
                     "y": 719.0
                  }
               ]
            },
            "description": "Sit",
            "score": 0.99,
            "line": 4,
            "tag": "name"
         },
         {
            "boundingPoly": {
               "vertices": [
                  {
                     "x": 301.0,
                     "y": 687.0
                  },
                  {
                     "x": 385.0,
                     "y": 687.0
                  },
                  {
                     "x": 385.0,
                     "y": 720.0
                  },
                  {
                     "x": 301.0,
                     "y": 720.0
                  }
               ]
            },
            "description": "Amet",
            "score": 0.99,
            "line": 4,
            "tag": "name"
         },
         {
            "boundingPoly": {
               "vertices": [
                  {
                     "x": 387.0,
                     "y": 687.0
                  },
                  {
                     "x": 475.0,
                     "y": 687.0
                  },
                  {
                     "x": 475.0,
                     "y": 725.0
                  },
                  {
                     "x": 387.0,
                     "y": 725.0
                  }
               ]
            },
            "description": "Corp.",
            "score": 0.99,
            "line": 4,
            "tag": "name"
         },
         {
            "boundingPoly": {
               "vertices": [
                  {
                     "x": 1313.0,
                     "y": 694.0
                  },
                  {
                     "x": 1458.0,
                     "y": 694.0
                  },
                  {
                     "x": 1458.0,
                     "y": 731.0
                  },
                  {
                     "x": 1313.0,
                     "y": 731.0
                  }
               ]
            },
            "description": "Balance",
            "score": 0.99,
            "line": 4,
            "tag": ""
         },
         {
            "boundingPoly": {
               "vertices": [
                  {
                     "x": 1462.0,
                     "y": 695.0
                  },
                  {
                     "x": 1546.0,
                     "y": 695.0
                  },
                  {
                     "x": 1546.0,
                     "y": 732.0
                  },
                  {
                     "x": 1462.0,
                     "y": 732.0
                  }
               ]
            },
            "description": "Due:",
            "score": 0.99,
            "line": 4,
            "tag": ""
         },
         {
            "boundingPoly": {
               "vertices": [
                  {
                     "x": 1719.0,
                     "y": 695.0
                  },
                  {
                     "x": 1884.0,
                     "y": 695.0
                  },
                  {
                     "x": 1884.0,
                     "y": 736.0
                  },
                  {
                     "x": 1719.0,
                     "y": 736.0
                  }
               ]
            },
            "description": "$2,100.00",
            "score": 0.99,
            "line": 4,
            "tag": ""
         }
      ],
      [
         {
            "boundingPoly": {
               "vertices": [
                  {
                     "x": 253.0,
                     "y": 730.0
                  },
                  {
                     "x": 328.0,
                     "y": 730.0
                  },
                  {
                     "x": 328.0,
                     "y": 761.0
                  },
                  {
                     "x": 253.0,
                     "y": 761.0
                  }
               ]
            },
            "description": "1938",
            "score": 0.99,
            "line": 5,
            "tag": "vendor-addr"
         },
         {
            "boundingPoly": {
               "vertices": [
                  {
                     "x": 330.0,
                     "y": 730.0
                  },
                  {
                     "x": 410.0,
                     "y": 730.0
                  },
                  {
                     "x": 410.0,
                     "y": 761.0
                  },
                  {
                     "x": 330.0,
                     "y": 761.0
                  }
               ]
            },
            "description": "Amet",
            "score": 0.99,
            "line": 5,
            "tag": "vendor-addr"
         },
         {
            "boundingPoly": {
               "vertices": [
                  {
                     "x": 410.0,
                     "y": 728.0
                  },
                  {
                     "x": 524.0,
                     "y": 728.0
                  },
                  {
                     "x": 524.0,
                     "y": 762.0
                  },
                  {
                     "x": 410.0,
                     "y": 762.0
                  }
               ]
            },
            "description": "Avenue",
            "score": 0.99,
            "line": 5,
            "tag": "vendor-addr"
         }
      ],
      [
         {
            "boundingPoly": {
               "vertices": [
                  {
                     "x": 251.0,
                     "y": 768.0
                  },
                  {
                     "x": 325.0,
                     "y": 768.0
                  },
                  {
                     "x": 325.0,
                     "y": 802.0
                  },
                  {
                     "x": 251.0,
                     "y": 802.0
                  }
               ]
            },
            "description": "Lake",
            "score": 0.99,
            "line": 6,
            "tag": "vendor-addr"
         },
         {
            "boundingPoly": {
               "vertices": [
                  {
                     "x": 329.0,
                     "y": 769.0
                  },
                  {
                     "x": 472.0,
                     "y": 769.0
                  },
                  {
                     "x": 472.0,
                     "y": 802.0
                  },
                  {
                     "x": 329.0,
                     "y": 802.0
                  }
               ]
            },
            "description": "Cowichan",
            "score": 0.99,
            "line": 6,
            "tag": "vendor-addr"
         }
      ],
      [
         {
            "boundingPoly": {
               "vertices": [
                  {
                     "x": 251.0,
                     "y": 811.0
                  },
                  {
                     "x": 323.0,
                     "y": 811.0
                  },
                  {
                     "x": 323.0,
                     "y": 843.0
                  },
                  {
                     "x": 251.0,
                     "y": 843.0
                  }
               ]
            },
            "description": "USA",
            "score": 0.99,
            "line": 7,
            "tag": "vendor-addr"
         }
      ],
      [
         {
            "boundingPoly": {
               "vertices": [
                  {
                     "x": 252.0,
                     "y": 898.0
                  },
                  {
                     "x": 298.0,
                     "y": 898.0
                  },
                  {
                     "x": 298.0,
                     "y": 930.0
                  },
                  {
                     "x": 252.0,
                     "y": 930.0
                  }
               ]
            },
            "description": "Bill",
            "score": 0.99,
            "line": 8,
            "tag": ""
         },
         {
            "boundingPoly": {
               "vertices": [
                  {
                     "x": 303.0,
                     "y": 899.0
                  },
                  {
                     "x": 353.0,
                     "y": 899.0
                  },
                  {
                     "x": 353.0,
                     "y": 931.0
                  },
                  {
                     "x": 303.0,
                     "y": 931.0
                  }
               ]
            },
            "description": "To:",
            "score": 0.99,
            "line": 8,
            "tag": ""
         }
      ],
      [
         {
            "boundingPoly": {
               "vertices": [
                  {
                     "x": 251.0,
                     "y": 950.0
                  },
                  {
                     "x": 350.0,
                     "y": 950.0
                  },
                  {
                     "x": 350.0,
                     "y": 982.0
                  },
                  {
                     "x": 251.0,
                     "y": 982.0
                  }
               ]
            },
            "description": "ACME",
            "score": 0.99,
            "line": 9,
            "tag": "billing-name"
         },
         {
            "boundingPoly": {
               "vertices": [
                  {
                     "x": 353.0,
                     "y": 950.0
                  },
                  {
                     "x": 411.0,
                     "y": 950.0
                  },
                  {
                     "x": 411.0,
                     "y": 982.0
                  },
                  {
                     "x": 353.0,
                     "y": 982.0
                  }
               ]
            },
            "description": "Inc.",
            "score": 0.99,
            "line": 9,
            "tag": "billing-name"
         }
      ],
      [
         {
            "boundingPoly": {
               "vertices": [
                  {
                     "x": 252.0,
                     "y": 990.0
                  },
                  {
                     "x": 325.0,
                     "y": 990.0
                  },
                  {
                     "x": 325.0,
                     "y": 1022.0
                  },
                  {
                     "x": 252.0,
                     "y": 1022.0
                  }
               ]
            },
            "description": "5171",
            "score": 0.99,
            "line": 10,
            "tag": "billing-addr"
         },
         {
            "boundingPoly": {
               "vertices": [
                  {
                     "x": 331.0,
                     "y": 989.0
                  },
                  {
                     "x": 392.0,
                     "y": 989.0
                  },
                  {
                     "x": 392.0,
                     "y": 1024.0
                  },
                  {
                     "x": 331.0,
                     "y": 1024.0
                  }
               ]
            },
            "description": "Dui,",
            "score": 0.95,
            "line": 10,
            "tag": "billing-addr"
         },
         {
            "boundingPoly": {
               "vertices": [
                  {
                     "x": 395.0,
                     "y": 991.0
                  },
                  {
                     "x": 486.0,
                     "y": 991.0
                  },
                  {
                     "x": 486.0,
                     "y": 1022.0
                  },
                  {
                     "x": 395.0,
                     "y": 1022.0
                  }
               ]
            },
            "description": "Street",
            "score": 0.99,
            "line": 10,
            "tag": "billing-addr"
         }
      ],
      [
         {
            "boundingPoly": {
               "vertices": [
                  {
                     "x": 253.0,
                     "y": 1032.0
                  },
                  {
                     "x": 367.0,
                     "y": 1032.0
                  },
                  {
                     "x": 367.0,
                     "y": 1068.0
                  },
                  {
                     "x": 253.0,
                     "y": 1068.0
                  }
               ]
            },
            "description": "Denver,",
            "score": 0.99,
            "line": 11,
            "tag": "billing-addr"
         },
         {
            "boundingPoly": {
               "vertices": [
                  {
                     "x": 370.0,
                     "y": 1032.0
                  },
                  {
                     "x": 503.0,
                     "y": 1032.0
                  },
                  {
                     "x": 503.0,
                     "y": 1065.0
                  },
                  {
                     "x": 370.0,
                     "y": 1065.0
                  }
               ]
            },
            "description": "Colorado",
            "score": 0.99,
            "line": 11,
            "tag": "billing-addr"
         }
      ],
      [
         {
            "boundingPoly": {
               "vertices": [
                  {
                     "x": 251.0,
                     "y": 1071.0
                  },
                  {
                     "x": 323.0,
                     "y": 1071.0
                  },
                  {
                     "x": 323.0,
                     "y": 1104.0
                  },
                  {
                     "x": 251.0,
                     "y": 1104.0
                  }
               ]
            },
            "description": "USA",
            "score": 0.99,
            "line": 12,
            "tag": "billing-addr"
         }
      ],
      [
         {
            "boundingPoly": {
               "vertices": [
                  {
                     "x": 239.0,
                     "y": 1232.0
                  },
                  {
                     "x": 306.0,
                     "y": 1232.0
                  },
                  {
                     "x": 306.0,
                     "y": 1264.0
                  },
                  {
                     "x": 239.0,
                     "y": 1264.0
                  }
               ]
            },
            "description": "Item",
            "score": 0.99,
            "line": 13,
            "tag": ""
         },
         {
            "boundingPoly": {
               "vertices": [
                  {
                     "x": 1249.0,
                     "y": 1231.0
                  },
                  {
                     "x": 1373.0,
                     "y": 1231.0
                  },
                  {
                     "x": 1373.0,
                     "y": 1270.0
                  },
                  {
                     "x": 1249.0,
                     "y": 1270.0
                  }
               ]
            },
            "description": "Quantity",
            "score": 0.98,
            "line": 13,
            "tag": ""
         },
         {
            "boundingPoly": {
               "vertices": [
                  {
                     "x": 1572.0,
                     "y": 1232.0
                  },
                  {
                     "x": 1642.0,
                     "y": 1232.0
                  },
                  {
                     "x": 1642.0,
                     "y": 1265.0
                  },
                  {
                     "x": 1572.0,
                     "y": 1265.0
                  }
               ]
            },
            "description": "Rate",
            "score": 0.99,
            "line": 13,
            "tag": ""
         },
         {
            "boundingPoly": {
               "vertices": [
                  {
                     "x": 1767.0,
                     "y": 1232.0
                  },
                  {
                     "x": 1885.0,
                     "y": 1232.0
                  },
                  {
                     "x": 1885.0,
                     "y": 1265.0
                  },
                  {
                     "x": 1767.0,
                     "y": 1265.0
                  }
               ]
            },
            "description": "Amount",
            "score": 0.99,
            "line": 13,
            "tag": ""
         }
      ],
      [
         {
            "boundingPoly": {
               "vertices": [
                  {
                     "x": 239.0,
                     "y": 1315.0
                  },
                  {
                     "x": 375.0,
                     "y": 1315.0
                  },
                  {
                     "x": 375.0,
                     "y": 1347.0
                  },
                  {
                     "x": 239.0,
                     "y": 1347.0
                  }
               ]
            },
            "description": "Services",
            "score": 0.99,
            "line": 14,
            "tag": ""
         },
         {
            "boundingPoly": {
               "vertices": [
                  {
                     "x": 1250.0,
                     "y": 1314.0
                  },
                  {
                     "x": 1292.0,
                     "y": 1314.0
                  },
                  {
                     "x": 1292.0,
                     "y": 1347.0
                  },
                  {
                     "x": 1250.0,
                     "y": 1347.0
                  }
               ]
            },
            "description": "50",
            "score": 0.99,
            "line": 14,
            "tag": ""
         },
         {
            "boundingPoly": {
               "vertices": [
                  {
                     "x": 1540.0,
                     "y": 1313.0
                  },
                  {
                     "x": 1565.0,
                     "y": 1313.0
                  },
                  {
                     "x": 1565.0,
                     "y": 1351.0
                  },
                  {
                     "x": 1540.0,
                     "y": 1351.0
                  }
               ]
            },
            "description": "$",
            "score": 0.99,
            "line": 14,
            "tag": ""
         },
         {
            "boundingPoly": {
               "vertices": [
                  {
                     "x": 1563.0,
                     "y": 1315.0
                  },
                  {
                     "x": 1643.0,
                     "y": 1315.0
                  },
                  {
                     "x": 1643.0,
                     "y": 1347.0
                  },
                  {
                     "x": 1563.0,
                     "y": 1347.0
                  }
               ]
            },
            "description": "35.00",
            "score": 0.99,
            "line": 14,
            "tag": ""
         },
         {
            "boundingPoly": {
               "vertices": [
                  {
                     "x": 1744.0,
                     "y": 1315.0
                  },
                  {
                     "x": 1881.0,
                     "y": 1315.0
                  },
                  {
                     "x": 1881.0,
                     "y": 1349.0
                  },
                  {
                     "x": 1744.0,
                     "y": 1349.0
                  }
               ]
            },
            "description": "$1,750.00",
            "score": 0.98,
            "line": 14,
            "tag": ""
         }
      ],
      [
         {
            "boundingPoly": {
               "vertices": [
                  {
                     "x": 1414.0,
                     "y": 1520.0
                  },
                  {
                     "x": 1545.0,
                     "y": 1520.0
                  },
                  {
                     "x": 1545.0,
                     "y": 1554.0
                  },
                  {
                     "x": 1414.0,
                     "y": 1554.0
                  }
               ]
            },
            "description": "Subtotal:",
            "score": 0.99,
            "line": 15,
            "tag": ""
         },
         {
            "boundingPoly": {
               "vertices": [
                  {
                     "x": 1739.0,
                     "y": 1522.0
                  },
                  {
                     "x": 1882.0,
                     "y": 1522.0
                  },
                  {
                     "x": 1882.0,
                     "y": 1557.0
                  },
                  {
                     "x": 1739.0,
                     "y": 1557.0
                  }
               ]
            },
            "description": "$1,750.00",
            "score": 0.99,
            "line": 15,
            "tag": ""
         }
      ],
      [
         {
            "boundingPoly": {
               "vertices": [
                  {
                     "x": 1383.0,
                     "y": 1589.0
                  },
                  {
                     "x": 1442.0,
                     "y": 1589.0
                  },
                  {
                     "x": 1442.0,
                     "y": 1621.0
                  },
                  {
                     "x": 1383.0,
                     "y": 1621.0
                  }
               ]
            },
            "description": "Tax",
            "score": 0.99,
            "line": 16,
            "tag": ""
         },
         {
            "boundingPoly": {
               "vertices": [
                  {
                     "x": 1447.0,
                     "y": 1589.0
                  },
                  {
                     "x": 1545.0,
                     "y": 1589.0
                  },
                  {
                     "x": 1545.0,
                     "y": 1628.0
                  },
                  {
                     "x": 1447.0,
                     "y": 1628.0
                  }
               ]
            },
            "description": "(20%):",
            "score": 0.98,
            "line": 16,
            "tag": ""
         },
         {
            "boundingPoly": {
               "vertices": [
                  {
                     "x": 1765.0,
                     "y": 1590.0
                  },
                  {
                     "x": 1883.0,
                     "y": 1590.0
                  },
                  {
                     "x": 1883.0,
                     "y": 1623.0
                  },
                  {
                     "x": 1765.0,
                     "y": 1623.0
                  }
               ]
            },
            "description": "$350.00",
            "score": 0.99,
            "line": 16,
            "tag": ""
         }
      ],
      [
         {
            "boundingPoly": {
               "vertices": [
                  {
                     "x": 1457.0,
                     "y": 1660.0
                  },
                  {
                     "x": 1546.0,
                     "y": 1660.0
                  },
                  {
                     "x": 1546.0,
                     "y": 1692.0
                  },
                  {
                     "x": 1457.0,
                     "y": 1692.0
                  }
               ]
            },
            "description": "Total:",
            "score": 0.99,
            "line": 17,
            "tag": ""
         },
         {
            "boundingPoly": {
               "vertices": [
                  {
                     "x": 1738.0,
                     "y": 1660.0
                  },
                  {
                     "x": 1883.0,
                     "y": 1660.0
                  },
                  {
                     "x": 1883.0,
                     "y": 1696.0
                  },
                  {
                     "x": 1738.0,
                     "y": 1696.0
                  }
               ]
            },
            "description": "$2,100.00",
            "score": 0.99,
            "line": 17,
            "tag": "total"
         }
      ],
      [
         {
            "boundingPoly": {
               "vertices": [
                  {
                     "x": 89.0,
                     "y": 2913.0
                  },
                  {
                     "x": 806.0,
                     "y": 2913.0
                  },
                  {
                     "x": 806.0,
                     "y": 2950.0
                  },
                  {
                     "x": 89.0,
                     "y": 2950.0
                  }
               ]
            },
            "description": "https:\/rpachallengeocr.azurewebsites.net\/invoices\/4.jpg",
            "score": 0.74,
            "line": 18,
            "tag": ""
         },
         {
            "boundingPoly": {
               "vertices": [
                  {
                     "x": 1985.0,
                     "y": 2914.0
                  },
                  {
                     "x": 2026.0,
                     "y": 2914.0
                  },
                  {
                     "x": 2026.0,
                     "y": 2944.0
                  },
                  {
                     "x": 1985.0,
                     "y": 2944.0
                  }
               ]
            },
            "description": "1\/1",
            "score": 0.99,
            "line": 18,
            "tag": ""
         }
      ]
   ],
   "manual_edit": {
      "fields": [],
      "items": {}
   },
   "subset": "TRAIN"
}