{
   "extraction": [
      {
         "name": "invoice-no",
         "type": "id-no",
         "multi_page": "first_occurrence",
         "multi_line": false,
         "post_processing": "first_span",
         "color": "#40ff8c",
         "hotkey": "i"
      },
      {
         "name": "date",
         "type": "date",
         "multi_page": "first_occurrence",
         "multi_line": false,
         "post_processing": "first_span",
         "color": "#403030",
         "hotkey": "d"
      },
      {
         "name": "name",
         "type": "string",
         "multi_page": "highest_confidence",
         "multi_line": true,
         "post_processing": "first_span",
         "scoring": "levenshtein",
         "color": "#0066ff",
         "hotkey": "n"
      },
      {
         "name": "vendor-addr",
         "type": "string",
         "multi_page": "highest_confidence",
         "multi_line": true,
         "post_processing": "first_span",
         "scoring": "levenshtein",
         "color": "#ff0022",
         "hotkey": "v"
      },
      {
         "name": "billing-name",
         "type": "string",
         "multi_page": "highest_confidence",
         "multi_line": true,
         "post_processing": "first_span",
         "scoring": "levenshtein",
         "color": "#7f2039",
         "hotkey": "b"
      },
      {
         "name": "billing-addr",
         "type": "string",
         "multi_page": "highest_confidence",
         "multi_line": true,
         "post_processing": "first_span",
         "scoring": "levenshtein",
         "color": "#00bfb3",
         "hotkey": "l"
      },
      {
         "name": "total",
         "type": "number",
         "multi_page": "highest_confidence",
         "multi_line": true,
         "post_processing": "first_span",
         "color": "#2d8020",
         "hotkey": "t"
      }
   ],
   "classification": {}
}